variety,harvest_code,location,treatment,state,quality_overall,watercore,tree_vigor,fruit_drop,red_pct,color_pattern,comments,coarse_texture,harvest_load,fruit_load,eating_quality,scab_susc,brix,flavor,flesh_color,firm_or_soft,firmness_value,ground_color,over_color,image_url,size,shape,weight_grams,harvest_window,russeting,season,biennial,storage_quality,evaluation_date,drop_status,rootstock,preharvest_drop_pct,drop_location,texture,CAR_susc,fireblight_susc,skin_feel,skin_thick,starch_index,DA_meter,tree_habit,tree_vigor2,brix_numeric,firmness_numeric,red_pct_numeric,starch_numeric,routing,is_premium,size_numeric,season_numeric
Vista Bella,,Bolton,No,MA,"fair-good, lacking color",,medium,,,stripe-blush,"early seaon Mac-like, tart, soft flesh, does not keep well",absent,,medium-heavy,fair-good,,15.1,tart,green-white,soft,2.7,green,red,,small-medium,somewhat asymmetrical,,July 16-31,inconspicuous,early,,fair-good,7/28/2009,few,,0,,,,,dry,thin,10.2,,spreading,medium,15.1,2.7,,10.2,juice,False,1,1
Gravenstein?,,Belchertown,,MA,fair,,medium,,45,blush-stripe,"uneven maturity, with fruit turning red and dropping; fall flavor in an early apple",absent,,heavy,fair,,14.9,tart-sweet,green-white,soft,2.7,green,red,,small-medium,symmetrical,,,inconspicuous,early,,fair,8/11/2009,some,,0,,,,,dry,average,8,,spreading,medium,14.9,2.7,45.0,8.0,juice,False,1,1
Sunrise,,Belchertown,,MA,good,,medium,,50,solid,have to watch maturity on the tree; a flash-in-the-pan but decent early apple; grower-friendly tree and has been very productive; somewhat scab-susceptible,absent,,heavy,good,,15.6,tart-sweet,white,medium melting,3.0,green-yellow,red,http://www.appletesters.net/picts/2009/sunrise081709ma.jpg,medium-large,somewhat typey,,,inconspicuous,early,,good,8/17/2009,few,,0,,,,,dry,average,11,3.5 (2.5-6.5),spreading-upright,medium,15.6,3.0,50.0,11.0,fresh_standard,False,3,1
Sansa,,Belchertown,,MA,fair,,weak,,55,blush,"OK for first pick, but probably needs another week to develop best flavor; crop-load varies by tree; a definite early favorite, with a mostly sweet (vs. tart) flavor, but tree vigor and health have been issues",absent,,medium,good-excellent,,15.2,sweet-tart,white,crisp,2.9,green-yellow,orange-red,http://www.appletesters.net/picts/2009/sansa081709ma.jpg,small-medium,"somewhat asymmetrical, slightly typey",,,inconspicuous,early,,good-excellent,8/17/2009,none,,0,,,very (quince); less (cedar),less susceptible,slightly greasy,average,12.8,4.5 (3-6.5),drooping,weak,15.2,2.9,55.0,12.8,fresh_standard,False,1,1
Paulared,,Belchertown,,MA,fair,tendency,medium,,55,blush,"an average early apple, but popular for early sales; need to be all done when Mac season starts",absent,,heavy,fair,,14.7,tart,cream-yellow,soft,3.0,green,red,http://www.appletesters.net/picts/2009/paulared081909ma.jpg,medium-large,asymmetrical,,,conspicuous,early,,fair-good,8/19/2009,some,,0,,,,,dry,average,11.1,,upright,strong,14.7,3.0,55.0,11.1,juice,False,3,1
Ginger Gold,,Belchertown,,MA,excellent,,medium,,0,solid,"Pick over the next week; very good quality, has developed a following in many markets`",,,medium,good,,18.7,tart-sweet,green-white,crisp,3.1,green-yellow,yellow,http://www.appletesters.net/picts/2009/gingergold081909ma.jpg,medium-large,somewhat typey,,,inconspicuous,early,,good-excellent,8/19/2009,none,,0,,,,,dry,average,11.1,2,spreading,medium,18.7,3.1,0.0,11.1,fresh_premium,False,3,1
Akane,,Belchertown,,MA,fair,,strong,,75,blush,younger trees with a lightish crop; quality is sub-par; some water core and sunburn (internal flesh browning); some flyspeck,absent,,medium,fair,,17,tart,white,soft,3.2,green-yellow,red,http://www.appletesters.net/picts/2009/akane082109ma.jpg,medium-large,somewhat asymmetrical,,,conspicuous,early,,fair,8/21/2009,few,,5,stem,coarse,,,slightly greasy,average,14.2,6.9 (5-7),spreading-upright,medium,17.0,3.2,75.0,14.2,juice,False,3,1
Zestar!,,Belchertown,,MA,good,,weak,,35,blush-stripe,"lacking red color but otherwise excellent; fruit in very nice condition; definitely ready to go, but would like to see better color",absent,,light,excellent,,14.2,sweet-tart,cream-yellow,crisp,3.2,green-yellow,red,http://www.appletesters.net/picts/2009/zestar082109ma.jpg,large,somewhat asymmetrical,,,inconspicuous,early,,good-excellent,8/21/2009,none,,0,,,,,dry,thin,15.1,4.5 (3-6),upright,strong,14.2,3.2,35.0,15.1,fresh_standard,False,5,1
Akane,,Belchertown,,MA,fair-good,,,,75,blush-stripe,"not sure what we see in this apple? productive tree, but mediocre, soft flesh flavor; bright red color; a touch of watercore",absent,,medium,fair,,15.2,tart-sweet,white,soft,3.0,green-yellow,red,http://www.appletesters.net/picts/2009/akane082409ma.jpg,medium,somewhat asymmetrical,,,conspicuous,early,,fair,8/24/2009,few,,5,stem,coarse,,,slightly greasy,average,11.7,6.5 (6-7),,,15.2,3.0,75.0,11.7,juice,False,3,1
Sansa,,Belchertown,,MA,excellent,,,,70,blush,"among the best early apples, just about right now, but some uneven maturity observed; pick the largest apples",absent,,medium-heavy,excellent,,14.1,sweet,cream-yellow,crisp,3.0,yellow,orange-red,http://www.appletesters.net/picts/2009/sansa082409ma.jpg,small-medium,asymmetrical,,,conspicuous,early,,excellent,8/24/2009,none,,0,,,,,slightly greasy,thin,13.3,5.2 (3.5-8),,,14.1,3.0,70.0,13.3,fresh_premium,False,1,1
Ginger Gold,,Harvard,,MA,excellent,,medium-strong,,0,solid,"very juicy, just about right, this is a nice apple; does not starch test well",absent,,medium-heavy,excellent,,20.7,tart-sweet,green-white,crisp,3.1,yellow,absent,http://www.appletesters.net/picts/2009/gingergold082509harvardma.jpg,medium-large,somewhat typey,,,inconspicuous,early,,excellent,8/25/2009,none,,5,stem,medium,,,dry,average,10.7,2,spreading,medium-strong,20.7,3.1,0.0,10.7,fresh_premium,False,3,1
Ginger Gold,,Belchertown,,MA,excellent,,,,5,blush,"one fruit was ‘bad’; hint of watercore, these are on the downhill slide but very good right now; should be picking ASAP",absent,,medium,very good,,18,sweet-tart,white,crisp,3.3,green-yellow,orange,http://www.appletesters.net/picts/2009/gingergold082509ma.jpg,large,somewhat typey,,,inconspicuous,early,,good-excellent,8/25/2009,nil,,5,stem,medium,,,dry,average,12,3 (2-6),,,18.0,3.3,5.0,12.0,fresh_premium,False,5,1
Silken,,Belchertown,,MA,excellent,tendency,medium-strong,,0,solid,"significant fruit drop or push-off; ready for a first pick, definitely by next week",absent,,heavy,very good,,16.8,tart-sweet,white,medium melting,2.9,white-yellow,yellow,http://www.appletesters.net/picts/2009/silken082509ma.jpg,medium,symmetrical-somewhat oblong,,,inconspicuous,early-middle,,good-excellent,8/25/2009,nil,,5,stem,medium,,,dry,average,11.1,3.9 (2-5),spreading,medium,16.8,2.9,0.0,11.1,fresh_premium,False,3,2
Lindamac,,Belchertown,,MA,very good,no,medium,,80,blush-stripe,"red color is there, although it is too early be picking Macs; but if I had to pick one now, this would be it; have been very productive trees on M.9, I like them",absent,,medium-heavy,good,,16.4,tart,green-white,soft,3.1,green,red,http://www.appletesters.net/picts/2009/lindamac082509ma.jpg,medium,symmetrical-flattened,,,inconspicuous,early-middle,,good,8/25/2009,nil,,0,,,,,dry,average,11.7,3.9 (3-4.5),spreading-upright,medium,16.4,3.1,80.0,11.7,fresh_premium,False,3,2
Minneiska,,Belchertown,,MA,very good,no,medium,,60,blush,a killer apple,absent,,medium-heavy,excellent,,16.1,sweet,cream-yellow,crisp,3.2,green-yellow,orange-red,http://www.appletesters.net/picts/2009/minneiska082609ma.jpg,medium-large,asymmetrical,,,conspicuous,early-middle,,excellent,8/26/2009,nil,,0,,,,,dry,,12.7,4 (3-5),spreading-upright,medium,16.1,3.2,60.0,12.7,fresh_premium,False,3,2
Sansa,,Belchertown,,MA,,,,,50,,"perfect, last chance to pick",,,,,,12.3,,,,2.8,,,http://www.appletesters.net/picts/2009/sansa082709ma.jpg,,,,,,,,,8/27/2009,nil,,,,,,,,,12.6,6 (4-8),,,12.3,2.8,50.0,12.6,unknown,False,3,3
GingerGold,,Belchertown,,MA,,,,,,,20% watercore; ready to go,,,,,,18,,,,3.3,,,http://www.appletesters.net/picts/2009/gingergold082709ma.jpg,,,,,,,,,8/27/2009,none,,,,,,,,,12.4,3,,,18.0,3.3,,12.4,unknown,False,3,3
Akane,,Belchertown,,MA,,,,,70,,"better than last time, nice size for Akane, some watercore, definitely ready to harvest",,,,,,15.5,,,,3.1,,,http://www.appletesters.net/picts/2009/akane082709ma.jpg,,,,,,,,,8/27/2009,few,,,,,,,,,12,7.1,,,15.5,3.1,70.0,12.0,unknown,False,3,3
Zestar!,,Belchertown,,MA,,,,,55,,"on it's way out, should be picked by now, but still acceptable",,,,,,13,,,,3.3,,,http://www.appletesters.net/picts/2009/zestar082709ma.jpg,medium-large,,,,,,,,8/27/2009,few,,,,,,,,,13,6.5 (6-7),,,13.0,3.3,55.0,13.0,unknown,False,3,3
Lindamac,,Belchertown,,MA,,,,,90,,,,,,,,16.3,,,,3.1,,,,,,,,,,,,8/31/2009,nil,,,,,,,,,12.5,4.3 (3-6),,,16.3,3.1,90.0,12.5,unknown,False,3,3
Silken,,Belchertown,,MA,,tendency,,,,,,,,,,,17.7,,,,3.1,,,http://www.appletesters.net/picts/2009/silken083109ma.jpg,,,,,,,,,8/31/2009,nil,,,,,,,,,12.5,3.5 (2.5-4),,,17.7,3.1,,12.5,unknown,False,3,3
Lindamac,,Westfield,,MA,,,,,80,,"not ready; not very many seeds, 2nd leaf trees",,,,,,15.1,,,,3.2,,,,,,,,,,,,9/2/2009,nil,,,,,,,,,11.3,3.5,,,15.1,3.2,80.0,11.3,unknown,False,3,3
Gale Gala,,Westfield,,MA,,,,,95,,"good color, but need another week; hard to pick on background color because there is none or very little",,,,,,22,,,,2.9,,,,,,,,,,,,9/2/2009,none,,,,,,,,,13.6,4.5 (2-7),,,22.0,2.9,95.0,13.6,unknown,False,3,3
Lindamac,,Northboro,,MA,fair,,medium,,75,blush-stripe,"not ready yet, quality will improve, too green; need another week",absent,,medium,fair,,14.2,tart,green-white,soft,3.3,green,red,,medium-large,asymmetrical,,,inconspicuous,early-middle,,fair,9/3/2009,none,,0,,,,,dry,average,11,3.6 (3-4),spreading-upright,medium-strong,14.2,3.3,75.0,11.0,juice,False,3,2
Gale Gala,,Northboro,,MA,good,,strong,,95,solid,"needs another week at least, has not developed sugars or flavor; generally attractive and clean, very large crop for 2nd leaf trees",absent,,heavy,fair,,20.7,bland,cream-yellow,medium melting,2.9,green-yellow,orange-red,,small-medium,somewhat typey,,,conspicuous,middle,,good,9/3/2009,none,,< 5,variable,medium,,,dry,average,11,2,spreading-upright,medium-strong,20.7,2.9,95.0,11.0,fresh_standard,False,1,3
Honeycrisp,,Northboro,,MA,fair,,medium-strong,,45,blush-stripe,heavy crop load diminishes quality; has not developed enough sugar yet; starch index may not be indicative of actual maturity; evidence of sunburn on exposed cheek,absent,,medium-heavy,good,,16.3,sweet,cream-white,crisp melting,3.0,green,orange-red,,medium,symmetrical,,,inconspicuous,middle,,good,9/3/2009,nil,,0,,,,,dry,average,11.7,7,spreading,weak,16.3,3.0,45.0,11.7,fresh_standard,True,3,3
Buckeye Gala,,Northboro,,MA,good,,strong,,90,solid,"not ready yet, needs at least another week",,,heavy,fair,,19.9,bland,cream-yellow,medium melting,2.9,green-yellow,red,,small-medium,somewhat asymmetrical,,,conspicuous,middle,,fair,9/3/2009,none,,< 5,variable,medium,,,dry,average,10,2.1,spreading-upright,medium,19.9,2.9,90.0,10.0,fresh_standard,False,1,3
Lindamac,,Shelburne,,MA,,,,,80,stripe-blush,large fruit on 2nd leaf trees; should be given another week,,,light,fair-good,,17.9,tart,,,3.4,green,red,,large,irregular,,,inconspicuous,,,,9/3/2009,none,,,,,,,,,13,3.5 (2-5),,,17.9,3.4,80.0,13.0,unknown,False,5,3
Gale Gala,,Shelburne,,MA,,,medium-strong,,95,mostly solid with some stripe,"2nd leaf trees, heavy crop but looks good; need another week",,,medium-heavy,,,22.1,,,,2.95,green-yellow,orange-red,,medium,,,,conspicuous,,,,9/2/2009,none,,0,,,,,,,11.9,3 (2-5),upright,medium-strong,22.1,2.95,95.0,11.9,unknown,False,3,3
Honeycrisp,,Shelburne,,MA,,,,,40,,,,,light,,,17.6,,,,3.1,,,,medium-large,,,,,,,,9/3/2009,,,,,,,,,,11.9,4 (1.5-6.5),,,17.6,3.1,40.0,11.9,unknown,True,3,3
Honeycrisp,,Shelburne,,MA,,,,,50,,need another week at least,,,light-medium,,,16.9,,,,3.3,,,,,,,,,,,,9/4/2009,nil,,,,,,,,,11.5,3 (1-7),,,16.9,3.3,50.0,11.5,unknown,True,3,3
Buckeye Gala,,Shelburne,,MA,,,,,95,blush-stripe,need another week at least,,,medium-heavy,,,21.8,,,,2.95,green-yellow,orange-red,,small-medium,somewhat typey,,,conspicuous,,,,9/4/2009,none,,0,,,,,,,10,1.9,,,21.8,2.95,95.0,10.0,unknown,False,1,3
Honeycrisp,,Deerfield,,MA,,,,,60,,,,,light-medium,,,18.2,,,,3.1,,,,medium-large,,,,,,,,9/4/2009,few,,,,,,,,,12.9,4.5 (3-7),,,18.2,3.1,60.0,12.9,unknown,True,3,3
Marshall McIntosh,,Deerfield,,MA,,,medium,,75,blush,,absent,,light-medium,,,15.8,,,,3.1,green,red,,small-medium,irregular,,,inconspicuous,early-middle,,,9/4/2009,some,,< 5,,,,,,,12.2,4.1,spreading-upright,medium-strong,15.8,3.1,75.0,12.2,unknown,False,1,2
Silken,,Belchertown,,MA,,tendency,medium-strong,,< 5,,,absent,,medium-heavy,,,15.5,,,,3.2,green-yellow,yellow,http://lh6.ggpht.com/_uJyq46UNVSk/Sqrs_5KA3TI/AAAAAAAAAVs/MFHwaVVDPZE/s512/silken090409ma.jpg,medium-large,symmetrical-oblong,,,conspicuous,early-middle,,,9/4/2009,nil,,5,stem,fine,,,,,12.7,4.6 (3-7),spreading-upright,medium,15.5,3.2,,12.7,unknown,False,3,2
Lindamac McIntosh,,Belchertown,,MA,excellent,,medium,,95,blush,,absent,,medium-heavy,good,,14.1,tart,green-white,soft,3.2,green,red,,medium,"irregular, flattish",,,mostly inconspicuous,early-middle,,good-excellent for a Mac,9/4/2009,nil,,0,,,,,dry,average,11.7,4.6 (4-5),spreading-upright,medium-strong,14.1,3.2,95.0,11.7,fresh_premium,False,3,2
Buckeye Gala,,Brookfield,,MA,,,,,95,,need another week,,,medium-heavy,,,21.8,,,,2.9,,,http://www.appletesters.net/picts/2009/buckeyegala090709mabrkfld.jpg,small-medium,,191.0,,somewhat conspicuous,,,,9/7/2009,none,,< 5,stem,,,,,,19.7,3 (1-4),,,21.8,2.9,95.0,19.7,unknown,False,1,3
Gale Gala,,Brookfield,,MA,,,,,95,,,,,medium,,,20.8,,,,2.9,,,,small-medium,,189.0,,conspicuous,,,,9/7/2009,none,,< 5,stem,fine,,,,,10.3,3 (1-4),,,20.8,2.9,95.0,10.3,unknown,False,1,3
Redmax McIntosh,,Brookfield,,MA,,,medium,,70,blush-stripe,"a tart McIntosh right now, need another week really",,,medium,,,17,,,,3.2,green,red,http://www.appletesters.net/picts/2009/redmaxmac090709mabrkfld.jpg,medium-large,"irregular, but not too bad for McIntosh",215.0,,inconspicuous,middle,,,9/7/2009,few,,0,,,,,,,11.4,4 (3-5),spreading-upright,medium-strong,17.0,3.2,70.0,11.4,unknown,False,3,3
Honeycrisp,,Brookfield,,MA,,,,,40,,"could use another week, sugars not there, but they are acceptable right now",,,medium-heavy,good for a tart Honeycrisp,,16.1,tart-sweet,,,3.2,,,http://www.appletesters.net/picts/2009/honeycrisp090709mabrkfld.jpg,medium-large,,237.0,,somewhat conspicuous,,,,9/7/2009,few,,,,,,,,,11,4.4 (2-7),,,16.1,3.2,40.0,11.0,unknown,True,3,3
Lindamac McIntosh,,Belchertown,,MA,excellent,,,,90+,,picked 20 bushels off 30 M.9 trees,,,medium,,,15,,,,3.2,,,,medium-large,,203.0,,,,,,9/7/2009,nil,,,,,,,,somewhat thick,11.8,4.4,,,15.0,3.2,,11.8,fresh_premium,False,3,3
Honeycrisp,,Belchertown,,MA,,,,,70,,"B.118 rootstock, good color, but need a bit to pick",,,light,,moderately susceptible,17.9,,,,3.3,,,http://www.appletesters.net/picts/2009/honeycrisp090709ma.jpg,large,,,,,,,,9/7/2009,few,,,,,less suspeptible,less susceptible,,,12.1,3.2 (2-4),,,17.9,3.3,70.0,12.1,unknown,True,5,3
Rubymac,,Belchertown,,MA,very good,,medium,,99,solid,"2nd leaf trees, first look; definitely red color",absent,,variable,,,16.3,tart,green-white,soft,2.9,green,dark red,,small-medium,symmetrical,,,inconspicuous,,,,9/7/2009,some,,0,,,,,dry,average,11.3,5.6 (4(-8),upright-spreading,medium,16.3,2.9,99.0,11.3,fresh_premium,False,1,3
Redmax McIntosh,,Holliston,,MA,,,,,85,blush-stripe,"with ReTain, look good for first pick, little drop as of yet",,,medium,,,15.5,,,,3.2,,,http://www.appletesters.net/picts/2009/redmaxmcintosh090809maholliston.jpg,medium,,,,inconspicuous,,,good-excellent,9/8/2009,few,,,,,,,,,10.6,4.5 (4-6),,,15.5,3.2,85.0,10.6,unknown,False,3,3
Honeycrisp,,Holliston,,MA,,,,,55,,"good for first pick based on color, would like to see sugar higher",,,medium,,,15.4,,,,3.4,,,http://www.appletesters.net/picts/2009/honeycrisp090809maholliston.jpg,large,,,,,,,,9/8/2009,few,,,,,,,,,11.8,4.3 (2-7),,,15.4,3.4,55.0,11.8,unknown,True,5,3
Golden Supreme,,Belchertown,,MA,excellent,,strong,,10,pink-orange-red blush,"ripens unevenly with drop; a nice looking apple with a sweet-fruity flavor, however, difficult to pick at optimum ripeness; biennial tendency; vigorous tree",absent,,variable,very good,,16,fruity,cream-yellow,medium melting,3.1,yellow,green-yellow,http://www.appletesters.net/picts/2009/goldensupreme090909ma.jpg,medium-large,somewhat typey,,,somewhat conspicuous,middle,,good,9/9/2009,nil,,0,,,,,slightly greasy,average,11.8,4.7 (2-7),upright,strong,16.0,3.1,10.0,11.8,fresh_premium,False,3,3
Buckeye Gala,,Belchertown,,MA,very good,,medium-strong,,100,solid-stripe,"just about ready for 1st pick, but might want to give a few days",absent,,medium-heavy,good,,18.1,sweet-tart,cream-white,medium melting,2.9,green-yellow,dark red,http://www.appletesters.net/picts/2009/galabuckeye090909ma.jpg,small-medium,symmetrical,,,somewhat conspicuous,middle,,good-excellent,9/9/2009,nil,M9,0,,,,,slightly greasy,average,10.6,3.8 (2-6.5),spreading,medium,18.1,2.9,100.0,10.6,fresh_premium,False,1,3
Silken,,Belchertown,,MA,very good,,,,5,slight orange-red blush on some fruit,"a touch of watercore; just about perfect to harvest right now, but going fast",absent,,medium-heavy,very good,,15,sweet,cream-yellow,crisp melting,3.2,white-yellow,green-yellow,http://www.appletesters.net/picts/2009/silken090909ma.jpg,medium-large,symmetrical,,,inconspicuous,,,good-excellent,9/9/2009,some,,5,stem,,,,dry,thin,12.5,5.5 (4-8),,,15.0,3.2,5.0,12.5,fresh_premium,False,3,3
Honeycrisp,,Belchertown,,MA,very good,,,,65,blush-stripe,"some bitter pit; very good to go, starting to drop",,,medium,excellent,,14.1,,,,3.5,,,http://www.appletesters.net/picts/2009/honeycrisp090909ma.jpg,large,,,,inconspicuous,,,good-excellent,9/9/2009,some,,,,,,,,,11.4,5.5 (4-7.5),,,14.1,3.5,65.0,11.4,fresh_premium,True,5,3
unknown from A7,,Belchertown,,MA,very good,,medium,,75,stripe-blush,"not sure of the variety, received from Stark Bros. in 2006 with Honeycrisp; definitely ripe, but a little uneven",absent,,medium,very good,,15.9,fruity,cream-yellow,medium melting,3.3,yellow,orange-red,http://fruit.umext.umass.edu/images/2009apples/a7mysteryapple.jpg,medium-large,symmetrical,,,inconspicuous,early-middle,,good,9/10/2009,nil,,0,,,,,slightly greasy,somewhat thick,12,4.6 (3-7),drooping,medium,15.9,3.3,75.0,12.0,fresh_premium,False,3,2
Snappy Mac McIntosh,,Belchertown,,MA,very good,,medium,,95,solid-blush,scab,absent,,medium,fair-good,,14.6,tart,green-white,soft,3.3,green,dark red,http://fruit.umext.umass.edu/images/2009apples/mcintoshsnappymac091409ma.jpg,small-medium,symmetrical,235.0,,inconspicuous,middle,,good,9/14/2024,few,M26,0,,,,,dry,average,13,5.8 (4.5-7),spreading-upright,medium-strong,14.6,3.3,95.0,13.0,fresh_premium,False,1,3
Rogers Red McIntosh,,Belchertown,,MA,fair-good,,medium,,80,blush,common mid-season Mac,absent,,medium-heavy,good,,13.3,tart,green-white,soft,3.3,green,red,http://fruit.umext.umass.edu/images/2009apples/mcintoshrogersred091409ma.jpg,medium-large,asymmetrical,233.0,,somewhat conspicuous,middle,,fair-good,9/14/2009,some,B9,0,,,,,dry,average,11.9,5.2 (4-6.5),upright-spreading,medium,13.3,3.3,80.0,11.9,juice,False,3,3
Blondee,,Belchertown,,MA,very good,,medium,,10% red blush,solid yellow,"an attractive, uniform apple, need another week",absent,,medium-heavy,fair-good,,20.1,sweet-tart,cream-yellow,medium melting,2.9,green-yellow,yellow,http://fruit.umext.umass.edu/images/2009apples/blondee091409ma.jpg,small-medium,somewhat typey,196.0,,somewhat conspicuous,middle,,good,9/14/2009,nil,M9-337,0,,,,,dry,somewhat thin,11.2,3.9 (3-5),spreading,medium,20.1,2.9,,11.2,fresh_premium,False,1,3
Rezista Gala-like (Releika cv.),,Belchertown,,MA,good,,medium,,90,blush-stripe,"very sub-par in eating quality, but productive and non-vigorous tree; good for organic production and cider; fruit would be better if properly thinned",absent,,"very heavy, not thinned",poor,,17.9,yuk,cream-yellow,soft,2.5,white-yellow,orange-red,http://fruit.umext.umass.edu/images/2009apples/rezistagala091409ma.jpg,small,symmetrical,117.0,,somewhat conspicuous,early-middle,,fair,9/14/2009,a lot,,<5,stem,fine,,,slightly greasy,average,11.1,7.9,spreading,medium-weak,17.9,2.5,90.0,11.1,juice,False,1,2
Brookfield Gala,,Belchertown,,MA,excellent,,strong,,90,solid-stripe,"could wait a few more days for first pick, but close (sugars still low)",absent,,medium-heavy,very good,,19.4,sweet-tart,cream-yellow,medium melting,2.9,green-yellow,red,http://fruit.umext.umass.edu/images/2009apples/galabrookfield091409ma.jpg,medium,somewhat typey,198.0,,somewhat conspicuous,middle,,good-excellent,9/14/2009,none,B9,0,,,,,slightly greasy,average,11.3,4.9 (3-6.5),spreading,medium,19.4,2.9,90.0,11.3,fresh_premium,False,3,3
Honeycrisp,,Belchertown,,MA,very good,,medium,,55,stripe-blush,perfect,absent,,medium-heavy,excellent,,13.5,sweet,cream-yellow,crisp melting,3.3,green-yellow,orange-red,http://fruit.umext.umass.edu/images/2009apples/honeycrisp091409ma.jpg,large,symmetrical,273.0,,conspicuous,middle,,excellent,9/14/2009,some,B9,0,,,,,dry,somewhat thin,11.7,6.5 (6-8),spreading,weak-medium,13.5,3.3,55.0,11.7,fresh_premium,True,5,3
Redmax McIntosh,,Belchertown,,MA,very good,,medium,,80,stripe-blush,"nice Mac strain, distinctly striped",absent,,medium-heavy,good,,14.6,tart-sweet,green-white,medium melting,3.2,green,red,http://fruit.umext.umass.edu/images/2009apples/mcintoshredmax091409ma.jpg,medium-large,asymmetrical,213.0,,inconspicuous,middle,,good-excellent,9/14/2009,some,B9,0,,,,,dry,average,12.8,6,spreading,weak-medium,14.6,3.2,80.0,12.8,fresh_premium,False,3,3
Daybreak Fuji,,Northboro,unknown,MA,good,,medium-strong,,85,solid,"low sugars, rather bland, but appears to be ripe; may be overcropped and that has affected quality; being picked now, but not quite like a high quality late Fuji; otherwise, generally recommended",absent,,medium-heavy,good,,15.3,sweet-tart,green-white,soft,3.0,green,red,http://fruit.umext.umass.edu/images/2009apples/091509daybreakfujinboroma.jpg,small-medium,symmetrical-round,210.0,September 1-15,conspicuous,middle,,fair-good,9/15/2009,none,B9,0,,,,,dry,average,10.6,5.2 (4-7),spreading,medium,15.3,3.0,85.0,10.6,juice,False,1,3
Crimson Crisp,,Northboro,unknown,MA,good,,strong,,85,blush,"a hard, tart apple with somewhat thick skin characteristic of PRI apples; has already been PYO’d; scab-resistant, easy to grow tree",absent,,medium,good,,20.1,tart-sweet,green-white,hard,2.9,green,red,http://fruit.umext.umass.edu/images/2009apples/091509crimsoncrispnboroma.jpg,medium,"asymmetrical, somewhat oblong",194.0,September 1-15,somewhat conspicuous,middle,,good,9/15/2009,none,,0,,,,,slightly greasy,somewhat thick,11.3,4.6 (3.5-6),spreading,medium,20.1,2.9,85.0,11.3,fresh_standard,False,3,3
Creston,,Northboro,unknown,MA,fair,,medium,,30,blush-stripe,"some moldy core (that one 7 starch index), not fully ripe, but has high sugar compared to other apples at this time",absent,,medium,good,,18.4,sweet,green-white,medium melting,3.1,green,orange-red,,medium-large,symmetrical-oblong,258.0,September 16-30,inconspicuous,middle-late?,,good,9/15/2009,none,,< 5,stem,medium,,,dry,average,13.4,3.6 (2-7),upright,medium,18.4,3.1,30.0,13.4,fresh_standard,False,3,3
Grand Gala,,Northboro,unknown,MA,fair,,medium,,50,blush-stripe,"not really comparable to a typical Gala, would not plant too many",present,only 1 fruit at stem,medium-heavy,good,,18.6,sweet-tart,cream-yellow,medium melting,3.2,white-green,orange-red,http://fruit.umext.umass.edu/images/2009apples/091509grandgalanboroma.jpg,medium-large,irregular,276.0,September 1-15,somewhat conspicuous,early-middle,,fair-good,9/15/2009,nil,,< 5,stem,fine,,,slightly greasy,average,11,4 (2-5.5),upright-spreading,medium-strong,18.6,3.2,50.0,11.0,fresh_standard,False,3,2
Honeycrisp,,Northboro,half rate,MA,good,,medium-strong,,45,blush-stripe,a little bland in flavor compared to a real good Honeycrisp; have to manage crop load carefully to maximize Honeycrisp quality and flavor,absent,,medium-heavy,good,,14.9,sweet,green-white,crisp melting,3.3,green,red,http://fruit.umext.umass.edu/images/2009apples/091509honeycrispnboroma.jpg,large,somewhat irregular,253.0,September 1-15,inconspicuous,,,good,9/15/2009,few,,0,,,,,dry,average,10.5,6.9 (4.5-8),,medium,14.9,3.3,45.0,10.5,fresh_standard,True,5,3
Honeycrisp,,Warren,no,MA,,,,,65,blush-stripe,7 apples only,,,,very good,,14.3,,,,3.14,,,,,,,September 16-30,,,,,9/16/2009,,,,,,,,,,10.2,6.9,,,14.3,3.14,65.0,10.2,unknown,True,3,3
Buckeye Gala,,Belchertown,,MA,good,,medium-strong,,98,solid-stripe,"very dark red, full solid-colored Gala; size is lacking",absent,,medium-heavy,good,,18.8,sweet-tart,cream-white,hard (firm),2.9,white-yellow,red,,medium,somewhat typey,198.0,,conspicuous,middle,,good,9/16/2009,none,asst. NC-140,< 5,stem,fine,,,slightly greasy,average,11.5,4.8 (3.5-6.5),upright-spreading,medium-strong,18.8,2.9,98.0,11.5,fresh_standard,False,3,3
Honeycrisp,,Belchertown,no,MA,,,,,45,,"9 boxes from B3, B.9 rootstock; near the end of Honeycrisp harvest",,,,,,12.5,,,,3.2,,,http://fruit.umext.umass.edu/images/2009apples/honeycrisp091709ma.jpg,,,,September 16-30,,,,,9/17/2009,some,,,,,,,,,10.8,7,,,12.5,3.2,45.0,10.8,unknown,True,3,3
Redmax McIntosh,,Belchertown,no,MA,,,,,80,,"10 box, B3, B.9 rootstock super-spindle",,,medium-heavy,,,14.5,sweet-tart,,,3.2,,,http://fruit.umext.umass.edu/images/2009apples/mcintoshredmax091709.jpg,,,215.0,September 16-30,,middle,,,9/17/2009,some,B.9,,,,,,,,12.4,6 (4-7),,,14.5,3.2,80.0,12.4,unknown,False,3,3
Golden Supreme,,Belchertown,no,MA,very good,,strong,,10% blush,blush,"very uneven maturity, biannual bearing; not generally recommended, but can be a very good eating apple; does not store",few,stem,variable,good,,16.2,sweet,cream-white,medium melting,3.2,yellow,pink,http://fruit.umext.umass.edu/images/2009apples/goldensupreme091709ma.jpg,medium-large,irregular,234.0,September 16-30,somewhat conspicuous,middle,,fair-good,9/17/2009,few,M.9 Pajam 2,0,,,,,mostly dry,average,11.6,4 (3.5-7),upright,medium-strong,16.2,3.2,,11.6,fresh_premium,False,3,3
Brookfield Gala,,Belchertown,no,MA,excellent,,strong,,95,solid-stripe,"very nice, picked largest fruit, 11 bushels off 30 8th-leaf super-spindle trees on M.9",few,stem,medium-heavy,very good,,16.3,sweet,cream-yellow,medium melting,2.9,white-yellow,dark red,http://fruit.umext.umass.edu/images/2009apples/galabrookfield091809ma.jpg,medium,somewhat typey,198.0,September 16-30,somewhat conspicuous,middle,,good-excellent,9/18/2009,none,M.9,0,,,,,slightly greasy,average,11.4,6.7,spreading-upright,medium,16.3,2.9,95.0,11.4,fresh_premium,False,3,3
Buckeye Gala,,Belchertown,no,MA,good,,medium,,99,solid,"dark red, solid color Gala, almost looks like Delicious",few,stem,medium,good,,19,sweet,cream-yellow,medium melting,2.9,white-yellow,dark red,http://fruit.umext.umass.edu/images/2009apples/galabuckeye091809ma.jpg,medium,somewhat typey,207.0,September 16-30,somewhat conspicuous,middle,,good,9/18/2009,none,G.16,0,,,,,slightly greasy,average,12.4,5.4,spreading-upright,medium-strong,19.0,2.9,99.0,12.4,fresh_standard,False,3,3
Shamrock,,Belchertown,unknown,MA,good,,,,15,blush,"not sure what people see in this apple, but sells in UMass Orchard store for a premium (I assume because it is green)",absent,,medium-heavy,fair,,16.2,tart-bland,green-white,soft,3.2,green,bronze,http://fruit.umext.umass.edu/images/2009apples/shamrock091809ma.jpg,medium,symmetrical-round,208.0,September 16-30,inconspicuous,,,fair,9/18/2009,few,,5,stem,fine,,,dry,average,10.8,2.9,upright-spreading,medium-strong,16.2,3.2,15.0,10.8,juice,False,3,3
Buckeye Gala,,Belchertown,no,MA,,,,,98,,,,,medium-heavy,,,18.7,,cream-yellow,,2.9,,,,,,195.0,September 16-30,,,,,9/21/2009,none,G16,,,,,,,,11.6,4.6 (3-7),,,18.7,2.9,98.0,11.6,unknown,False,3,3
Buckeye Gala,,Belchertown,,MA,,,,,96,,,present,"stem, then down side",medium-heavy,,,16.2,,,,2.8,,,http://fruit.umext.umass.edu/images/2009apples/galabuckeye092109ma.jpg,,,191.0,,,middle,,,9/21/2009,none,M.9,,,,,,slightly greasy,,12,6.2 (4.5-7.5),,medium,16.2,2.8,96.0,12.0,unknown,False,3,3
"Fuji, September Wonder (early)",,Belchertown,,MA,very good,,medium,,70,blush,"avoid over-cropping for best quality; a nice, early Fuji, recommended",absent,,medium-heavy,very good,,13.6,sweet,cream-yellow,medium melting,3.1,green-yellow,red-pink,http://fruit.umext.umass.edu/images/2009apples/fujuseptwonder092109ma.jpg,medium,symmetrical-round,226.0,,inconspicuous,middle,,good-excellent,9/21/2009,none,M.9,0,,,,,dry,average,11.1,7.5,spreading-upright,medium,13.6,3.1,70.0,11.1,fresh_premium,False,3,3
Crimson Crisp,,Belchertown,no,MA,very good,,strong,,95,solid-blush,one of the better scab-resistant varieties; recommended,absent,,medium-heavy,good,,18.9,tart-sweet,cream-yellow,hard,3.1,green-yellow,red-maroon,http://fruit.umext.umass.edu/images/2009apples/crimsoncrisp092109ma.jpg,medium-large,symmetrical,230.0,September 16-30,inconspicuous,middle,,good,9/21/2009,nil,M.9,0,,,,,dry,somewhat thick,12.1,6 (5-7),upright-spreading,medium-strong,18.9,3.1,95.0,12.1,fresh_premium,False,3,3
NY 428,,Belchertown,no,MA,good,,medium-stout,,92,solid-blush,"could use another week, reminds me of a large Empire",absent,,medium-heavy,fair,,21,tart,green-white,hard,3.2,green,red-deep,http://fruit.umext.umass.edu/images/2009apples/ny428092109ma.jpg,medium-large,symmetrical-mostly round,233.0,,somewhat conspicuous,,,fair-good,9/21/2009,none,M.9,<5,stem,fine,,,dry,average,12.8,3.3 (2.5-5.5),spreading,medium,21.0,3.2,92.0,12.8,fresh_standard,False,3,3
"Jonagold, ‘Morren’s Supra’",,Belchertown,,MA,fair-good,,medium,,65,stripe-blush,"better than Honeycrisp in my opinion, we should be growing many more of these",absent,,medium,excellent,,14.8,sweet,white-green,crisp melting,3.5,green-yellow,red-orange,http://fruit.umext.umass.edu/images/2009apples/jonagoldmorrensfruit092209ma.jpg,large,symmetrical-slight oblong,333.0,,somewhat conspicuous,middle,,excellent,9/21/2009,none,M.9,0,,,,,dry,average,12.3,5.2 (4.5-6.5),spreading-upright,medium,14.8,3.5,65.0,12.3,fresh_standard,False,5,3
"Cortland, Redcort",,Belchertown,no,MA,good,,medium,no,80,blush-stripe,"does not starch test well, generally being harvested in the region",absent,,medium,good,,13.9,tart-sweet,very white,soft,3.5,mostly green,dark red,http://fruit.umext.umass.edu/images/2009apples/cortlandredcorttree092509ma.jpg,medium-large,"asymmetrical, generally flattish",258.0,September 16-30,inconspicuous,middle,,good,9/25/2009,nil,M.9/Pajam 2,<5,stem,very fine,,,dry,average,12.6,3.9,drooping,medium-strong,13.9,3.5,80.0,12.6,juice,False,3,3
Macoun,,Belchertown,no,MA,good,,medium,,75,blush w/ hint of stripe,,absent,,medium,good,,14.3,tart,white,soft-crisp,3.3,green,red,http://fruit.umext.umass.edu/images/2009apples/macoun092509ma.jpg,medium,"irregular, tending to have some ribbing",230.0,September 16-30,conspicuous,middle-late,,good,9/25/2009,nil,M.9,0,,,,,dry,average,12.1,3.4 (3-4),upright,medium-strong,14.3,3.3,75.0,12.1,juice,False,3,4
Liberty,,Belchertown,no,MA,very good,,medium,,80,solid-blush,,absent,,medium-heavy,good,,20.3,tart,white,soft-crisp,3.3,green,red,http://fruit.umext.umass.edu/images/2009apples/liberty092509ma.jpg,medium,somewhat typey,258.0,September 1-15,somewhat conspicuous,middle-late,,good-excellent,9/25/2009,none,,0,,,,,dry,average,13,3.5,upright-spreading,weakish,20.3,3.3,80.0,13.0,fresh_premium,False,3,4
"Jonagold, Morren’s Supra",,Belchertown,,MA,excellent,,,,65,,"one of the best apples, needs to be picked now!",,,,excellent,,14.2,sweet,,,3.5,,,http://fruit.umext.umass.edu/images/2009apples/jonagoldmorrensupra092809ma.jpg,,,310.0,,,,,excellent,9/28/2009,nil,M.9,,,,,,,,13.9,6.5 (6-7),,,14.2,3.5,65.0,13.9,fresh_premium,False,3,3
Macoun,,Belchertown,,MA,,,,,90,,"just about right, although starch index seems low",,,medium-heavy,,,15.7,,,,3.3,,,http://fruit.umext.umass.edu/images/2009apples/macoun092809ma.jpg,medium,,222.0,,,,,,9/28/2009,some,M.9,,,,,,,,12.8,3.6 (3-4),,,15.7,3.3,90.0,12.8,unknown,False,3,3
Liberty,,Belchertown,,MA,very good,,,,95,,good for harvest,,,medium-heavy,good,,18.1,very tart,,,3.4,,,http://fruit.umext.umass.edu/images/2009apples/liberty092809ma.jpg,medium,,265.0,,,,,good,9/28/2009,nil,B.9,,,,,,,,12.4,3.9 (3-5),,,18.1,3.4,95.0,12.4,fresh_premium,False,3,3
Jonagold de Coster,,Belchertown,,MA,good,,medium,,85,blush-stripe,"2nd leaf trees, so that may impact fruit quality",absent,,medium,fair,,15.6,sweet-tart,green-white,softish,3.4,light green,orange-red,http://fruit.umext.umass.edu/images/2009apples/jonagolddecoster092809ma.jpg,medium-large,somewhat typey,289.0,,conspicuous,middle,,fair-good,9/28/2009,nil,M.9,<5,stem,fine,,,slightly greasy,average,12.6,7.5,spreading-upright,medium,15.6,3.4,85.0,12.6,juice,False,3,3
Rezista Jonathan-like (Resi cv.),,Belchertown,,MA,good,,medium,,95,solid-blush,"way over-mature, over-cropped; not good at all",absent,,very heavy,poor,,14,,white,soft,2.75,green-yellow,red,http://fruit.umext.umass.edu/images/2009apples/rezistajonathan092809ma.jpg,small,"mostly symmetrical, roundish",143.0,,somewhat conspicuous,middle,,poor,9/28/2009,nil,M.26,0,,,,,,somewhat thick,10.2,8,spreading,weak-medium,14.0,2.75,95.0,10.2,juice,False,1,3
Rezista Rome-like (Rajka cv.),,Belchertown,,MA,good,,medium,,80,solid-blush,better than the early Jonathan-type,absent,,heavy,fair,,15.2,sweet-tart,cream-yellow,soft,3.1,green-yellow,red,http://fruit.umext.umass.edu/images/2009apples/rezistarome092809ma.jpg,medium,"irregular, but mostly round",204.0,,somewhat conspicuous,middle,,fair-good,9/28/2009,nil,M.26,5-10,stem,medium,,,dry,somewhat thick,12.4,5.5,spreading-upright,medium-strong,15.2,3.1,80.0,12.4,juice,False,3,3
Empire,,Stow,no,MA,good,,,,85,solid-blush,,absent,,medium,very good,,17.1,tart-sweet,white,medium melting,2.95,green,red,http://fruit.umext.umass.edu/images/2009apples/empire092909mastow.jpg,small-medium,symmetrical round,177.0,September 16-30,somewhat conspicuous,middle-late,,good,9/29/2009,nil,,0,,,,,dry,average,11.0,4.5 (3-5),upright-spreading,medium-strong,17.1,2.95,85.0,11.0,fresh_standard,False,1,4
"Empire, Tome",,Harvard,full rate,MA,very good,,medium,,95,solid,"one with water core; nice, very attractive on trees; could wait a week to pick",absent,,medium-heavy,very good,,18.5,tart,white,hard,3.0,light green,red-purple,http://fruit.umext.umass.edu/images/2009apples/empiretome092909maharvard.jpg,medium,symmetrical,190.0,September 16-30,somewhat conspicuous,middle-late,,good-excellent,9/29/2009,nil,,< 5 (nil),stem,fine,,,dry,average,11.3,3.5,upright-spreading,medium,18.5,3.0,95.0,11.3,fresh_premium,False,3,4
"Empire, Royal",,Belchertown,,MA,good,,medium,,95,solid-stripe,"somewhat small size on weakish trees; otherwise, very, very nice",absent,,medium-heavy,excellent,,18,sweet-tart,white,medium melting,2.9,green,dark red,http://fruit.umext.umass.edu/images/2009apples/empireroyal092909ma.jpg,small-medium,round with hint of ribbing,186.0,,mostly inconspicuous,middle-late,,good-excellent,9/29/2009,nil,B9,0,,,,,dry,somewhat thin,12.6,5,spreading,weak-medium,18.0,2.9,95.0,12.6,fresh_standard,False,1,4
Pioneer Mac,,Harvard,full rate,MA,fair-good,,medium,,70,blush,left on tree after last pick; pretty well shot even with ReTain at this point,absent,,,fair,,16.4,tart-sweet,white,soft,3.0,green,"red, ‘but dullish’",http://fruit.umext.umass.edu/images/2009apples/pioneermac092909maharvard.jpg,small-medium,"somewhat irregular, flattened",172.0,September 16-30,inconspicuous,middle-late,,fair,9/29/2009,few,M.9,<5,stem,medium,,,dry,average,14,7,spreading-upright,medium,16.4,3.0,70.0,14.0,juice,False,1,4
Honeycrisp,,Harvard,half rate ?,MA,very good,,medium,,65,stripe-blush,"despite being treated with ReTain, should have been picked by now; hint of late-harvest off-flavor (alcohol) developing",absent,,medium-heavy,very good,,13.7,fruity,cream-white,"crisp melting, but softening",3.4,green,orange-red,http://fruit.umext.umass.edu/images/2009apples/honeycrisp092909maharvard.jpg,medium-large,symmetrical,274.0,,somewhat conspicuous,middle,,very good,9/29/2009,some,M.9,<5,stem,"very fine, negligible",,,dry,somewhat thin,11.9,7.5,spreading,weak-medium,13.7,3.4,65.0,11.9,fresh_premium,True,3,3
Scarlet O’Hara,,Belchertown,no,MA,fair,,medium,faint,70,solid-blush,"some moldy core, sub-par",absent,,medium-heavy,poor,,19.5,tart-sweet,green-white,hard,3.2,green,red,http://fruit.umext.umass.edu/images/2009apples/scarletohara100209ma.jpg,medium-large,somewhat irregular,216.0,October 1-15,somewhat conspicuous,middle-late,,fair,10/2/2009,nil,M.9,5,stem,medium,,,dry,somewhat thick,11.1,6.1 (4.5-7),upright-spreading,medium-strong,19.5,3.2,70.0,11.1,fresh_standard,False,3,4
Hampshire,,Belchertown,no,MA,fair-good,,medium,faint,90,blush,"not too bad, could be a good late Mac-type apple",absent,,medium,fair-good,,15.6,sweet-tart,white,medium melting,3.2,green,red,http://fruit.umext.umass.edu/images/2009apples/hampshire100209ma.jpg,medium-large,"symmetrical, mostly, somewhat ribbed",228.0,October 1-15,inconspicuous,middle-late,,fair-good,10/2/2009,few,M.9,<5,stem,fine-medium,,,dry,average,10.4,4,upright-spreading,medium-strong,15.6,3.2,90.0,10.4,fresh_standard,False,3,4
Pinova,,Belchertown,,MA,very good,,medium,faint,75,blush-stripe,"a managed variety (Pinata) now, trees not available unless you already have them",absent,,medium-heavy,excellent,,14.9,"sweet, fruity, complex",cream-yellow,crisp melting,3.1,green-yellow,orange-red,http://fruit.umext.umass.edu/images/2009apples/pinova100209ma.jpg,medium,"somewhat typey, uniform",232.0,,conspicuous,late,,very good,10/2/2009,nil,M.9,5,stem,fine,,,slightly greasy,somewhat thin,12.6,6.5,upright-spreading,medium,14.9,3.1,75.0,12.6,fresh_premium,False,3,5
"Golden Delicious, ‘Gibson’",,Belchertown,no,10/5/09,very good,,medium,faint,10,blush,"very nice, ready for 1st harvest, good moderate crop load",absent,,medium,very good,,15,sweet,cream-yellow,medium melting,3.3,green-yellow,orange-red,,medium-large,symmetrical,261.0,October 1-15,conspicuous,late,,good-excellent,,none,M.9,5,stem,medium,,,dry,average,14.3,6,spreading-upright,medium-strong,15.0,3.3,10.0,14.3,fresh_premium,False,3,5
Stark Little Jewel,,Belchertown,no,MA,good,,medium,faint,95,solid-stripe,"2nd leaf trees, 1st time I have tried it, seems to have merit; could wait another week to pick",absent,,light,good,,21,sweet-tart,green-white,crisp,3,green-yellow,red,http://fruit.umext.umass.edu/images/2009apples/starklittlejewel100609ma.jpg,small-medium,distinctly typey,200.0,October 1-15,conspicuous,late,,good,10/6/2009,none,M26,<10,stem,medium,,,dry,average,11.8,3,upright-spreading,medium,21.0,3.0,95.0,11.8,fresh_standard,False,1,5
SnowSweet,,Belchertown,no,MA,very good,,weak,faint,90,solid-blush,"nice, large fruit with very soft, mild-sweet flesh",absent,,medium,good,,13.7,sweet-mild,white,soft,3.4,green,red,http://fruit.umext.umass.edu/images/2009apples/snowsweettree100609ma-2.jpg,large,symmetrical,269.0,September 16-30,inconspicuous,late,,very good,10/6/2009,nil,M9,<5,stem,medium,,,dry,average,12.9,7.5,spreading-upright,medium,13.7,3.4,90.0,12.9,fresh_premium,False,5,5
Novaspy,,Belchertown,no,MA,fair-good,,medium,faint,85,blush-stripe,"scab-resistant, a unique tree habit that resembles alder; >50% watercore",absent,,medium,good,,14.4,tart-sweet,white,medium melting,3.4,green,red,http://fruit.umext.umass.edu/images/2009apples/novaspy100609ma.jpg,medium-large,asymmetrical-somewhat ribbed,280.0,September 16-30,somewhat conspicuous,late,,fair-good,10/6/2009,nil,,5,stem,fine,,,dry,average,13.3,6.5,drooping,medium-strong,14.4,3.4,85.0,13.3,fresh_standard,False,3,5
Creston,,Belchertown,no,MA,fair,,medium,faint,75,blush-stripe,,few,"calyx, with some rot",medium,very good,,15.3,sweet,cream-yellow,crisp melting,3.3,green-yellow,orange-red,http://fruit.umext.umass.edu/images/2009apples/creston100609ma.jpg,medium-large,asymmetrical-oblong,290.0,October 1-15,inconspicuous,late,,very good,10/6/2009,few,M9,"<5, negligible",stem,fine,,,slightly greasy,average,14.2,6.5,spreading-upright,medium,15.3,3.3,75.0,14.2,fresh_standard,False,3,5
Topaz,,Northboro,no,MA,good,tendency,medium,very faint,60,blush-stripe,"scab-resistant; lacking flavor, but ready",absent,,heavy,good,,15.7,tart-sweet,cream-yellow,medium melting,3.2,green-yellow,orange-red,,medium,symmetrical-oblate,221.0,October 1-15,somewhat conspicuous,late,,good,10/6/2009,nil,M9,5,stem,medium,,yes,dry,somewhat thick,10.7,6.1,upright-spreading,medium,15.7,3.2,60.0,10.7,fresh_standard,False,3,5
Creston,,Northboro,no,MA,good,,medium,faint,60,stripe-blush,,absent,,medium,very good,,15,sweet,cream-white,medium melting,3.2,green-yellow,orange-red,http://fruit.umext.umass.edu/images/2009apples/crestontree100609northboroma-2.jpg,medium-large,symmetrical-oblong,269.0,October 1-15,inconspicuous,late,,very good,10/6/2009,nil,M9,<5,stem,medium,,,dry,average,13.3,6.9,spreading-upright,medium,15.0,3.2,60.0,13.3,fresh_standard,False,3,5
Hampshire,,Northboro,no,MA,very good,,medium,faint,90+,solid-blush,2nd-leaf trees,absent,,medium,fair-good,,15,tart-bland,green-white,medium melting,3.4,green,pink,http://fruit.umext.umass.edu/images/2009apples/hampshire100609northboroma.jpg,medium-large,somewhat irregular-round,276.0,October 1-15,inconspicuous,late,,fair-good,10/6/2009,nil,M9,<5,stem,fine-medium,,,dry,average,10.4,3.9,upright-spreading,medium-strong,15.0,3.4,,10.4,fresh_premium,False,3,5
Miracle Mac,,Northboro,no,MA,good,,medium,faint,95,solid-blush,"not very good flavor, 2nd-leaf trees; hard to get excited about",absent,,light-medium,fair,,14.1,bland,white,soft,3.4,green,red,http://fruit.umext.umass.edu/images/2009apples/miraclemac100609northboroma.jpg,medium-large,somewhat irregular,259.0,September 16-30,inconspicuous,late,,poor,10/6/2009,few,M9,<5,stem,fine,,,dry,average,11.7,5.5 (4-7),spreading-upright,medium,14.1,3.4,95.0,11.7,juice,False,3,5
Honeygold,,Northboro,no,MA,very good,,medium,yes,10,blush,"may bruise easily; OK, but there are better yellow apples; overmature; 2nd-leaf trees",absent,,medium,good,,12.6,sweet,white,soft,3.5,green-yellow,orange-red,http://fruit.umext.umass.edu/images/2009apples/honeygold100609northboroma.jpg,medium-large,symmetrical-ovate,284.0,September 16-30,conspicuous,late,,good,10/6/2009,nil,M9,<5,stem,medium,,,dry,average,12.6,7.9,upright-spreading,medium,12.6,3.5,10.0,12.6,fresh_premium,False,3,5
Spartan ,,Northboro,no,MA,good,,medium,no,95,solid-blush,2nd-leaf trees,absent,,medium,good,,13.8,tart,white,soft-medium,3.4,green,red,http://fruit.umext.umass.edu/images/2009apples/spartan100609northboroma.jpg,medium-large,symmetrical-round,258.0,October 1-15,inconspicuous,late,,fair,10/6/2009,few,M9,<5,stem,fine,,,dry,somewhat thin,10.4, 4.5 (3-6),spreading-upright,medium,13.8,3.4,95.0,10.4,juice,False,3,5
Hudson Golden Gem,,Belchertown,,MA,fair,,medium,yes,0,solid-blush,"prone to surface defects, pre-harvest drop; may not be ready yet",absent,,medium-heavy,fair,,18.8,"sweet, rather bland",green-white,medium melting,3.4,green,green-yellow,http://fruit.umext.umass.edu/images/2009apples/hudsongoldengem100809ma.jpg,large,"somewhat irregular, conical",320.0,,somewhat conspicuous,late,,fair,10/8/2009,some,,95,all over,coarse,,,dry,somewhat thin,12.9,2.5,upright-spreading,medium-strong,18.8,3.4,0.0,12.9,fresh_standard,False,5,5
Mutsu (Crispin),,Belchertown,,MA,very good,,medium,very faint,10,blush,"a little early, but otherwise good",absent,,light-medium,very good,,19,sweet-tart,green-white,medium melting,3.5,green-yellow,orange-red,http://fruit.umext.umass.edu/images/2009apples/mutsu100809ma.jpg,large,symmetrical-oblong,352.0,,conspicuous,late,,very good,10/8/2009,nil,M9,<5,stem,fine,,,dry,average,12.8,3.5,upright-spreading,strong,19.0,3.5,10.0,12.8,fresh_premium,False,5,5
Crimson Topaz,,Belchertown,no,MA,good,tendency,medium,very faint,80,blush-stripe,"one of the best scab-resistant apples out there; too bad it ripens on the late side; perfect right now; very productive, benefits from good thinning",absent,,medium-heavy,good,,14.9,tart-sweet,cream-white,medium melting,3.4,green-yellow,red,http://fruit.umext.umass.edu/images/2009apples/topaz100809ma.jpg,medium,somewhat irregular-oblate (flattish),272.0,October 1-15,conspicuous,late,,good,10/8/2009,none,M9,5,stem,medium,,yes,dry,average,12.3,6,spreading-upright,weak-medium,14.9,3.4,80.0,12.3,fresh_standard,False,3,5
Roxbury Russet,,Belchertown,,MA,fair,,medium,yes,<10,blush,some water-soaked flesh; prone to getting sooty blotch,very few,side,medium-heavy,fair,,21.7,"non-descript, somewhat bland",cream-white,medium melting,3.3,green,bronze,http://fruit.umext.umass.edu/images/2009apples/roxburyrusset100909ma.jpg,medium,irregular-oblate,237.0,October 1-15,somewhat conspicuous,late,,fair,10/9/2009,few,,65,all over,medium,,,dry,average,13.2,4,upright-spreading,medium,21.7,3.3,,13.2,fresh_standard,False,3,5
Ambrosia,,Belchertown,,MA,excellent,,medium,faint,80,blush w/ hint of stripe,"very nice, too bad we can’t get trees anymore; biennial if not careful",absent,,medium-heavy,very good,,16.8,very sweet,white,medium melting,3.1,yellow-green,pink-red,http://fruit.umext.umass.edu/images/2009apples/ambrosia100909ma.jpg,medium,symmetrical-conical,234.0,,somewhat conspicuous,middle-late,,good-excellent,10/9/2009,none,M9,0,,,,,dry,average,12.4,6,upright,medium,16.8,3.1,80.0,12.4,fresh_premium,True,3,4
Cameo (Caudle cv.),,Belchertown,no,MA,excellent,,medium,faint,80,stripe-blush,"very nice, no way we should be growing any Delicious in favor of this apple; has a tendency to be biennial",absent,,variable,very good,,16.4,sweet-tart,white,medium melting,3.3,green-yellow,red,http://fruit.umext.umass.edu/images/2009apples/cameo100909ma.jpg,medium-large,symmetrical-conical,274.0,October 1-15,somewhat conspicuous,late,,good-excellent,10/9/2009,nil,"M9, B9",0,,,,,dry,somewhat thin,12.8,4.5,upright-spreading,medium-strong,16.4,3.3,80.0,12.8,fresh_premium,False,3,5
"Fuji, Autum Rose",,Belchertown,no,MA,good,,medium,no,65,blush-stripe,7/10 with watercore; some bitter pit,absent,,medium-heavy,very good,,15.1,sweet,cream-white,medium melting,3.0,green-yellow,red-pink,http://fruit.umext.umass.edu/images/2009apples/autumnrosefuji101409ma.jpg,medium,symmetrical-oblong,226.0,October 16-31,conspicuous,late,,good-excellent,10/14/2009,nil,B9,0,,,,,dry,average,12.2,6.5,spreading-upright,medium,15.1,3.0,65.0,12.2,fresh_standard,False,3,5
"Fuji, Desert Rose",,Belchertown,no,MA,very good,,medium,no,80,solid-blush,some bitter pit; 50% watercore,absent,,variable,very good,,14.5,sweet,cream-white,medium melting,3.1,green-yellow,red,http://fruit.umext.umass.edu/images/2009apples/desertrosefuji101409ma.jpg,medium,symmetrical-round,229.0,October 16-31,conspicuous,late,,very good,10/14/2009,nil,B9,0,,,,,dry,average,12.2,6.1,spreading-upright,medium,14.5,3.1,80.0,12.2,fresh_premium,False,3,5
Candy Crisp,,Belchertown,no,MA,"good, but seems to have lots of defects",,medium,faint,10,blush,"not one of my favorites, prone to defects; skln somewhat off-flavor","present, but not prevalent",side,variable,fair,,16.7,sweet-fruity,green-white,medium-soft melting,3.5,green,yellow-bronze,http://fruit.umext.umass.edu/images/2009apples/candycrisp101609ma.jpg,large,distinctly typey,311.0,October 16-31,somewhat conspicuous,late,,fair,10/16/2009,few,M9,<5,stem,fine,,,dry,somewhat thick,12.1,5.3 (4-6.5),upright,strong,16.7,3.5,10.0,12.1,juice,False,5,5
Rezista Gold-like (Goldstar cv.),,Belchertown,,MA,good,,weak-medium,no,15,blush,may be one of the better Rezista series,very few,calyx,medium,fair-good,,14.6,tart-sweet,white,"soft-crisp, melting",3.4,green-yellow,orange-bronze,http://fruit.umext.umass.edu/images/2009apples/rezistagoldstar101609ma.jpg,medium,symmetrical-round,259.0,,somewhat conspicuous,late,,fair-good,10/16/2009,few,M26,15,"stem, calyx",fine-medium,,,dry,average,13.4,7,spreading-upright,medium,14.6,3.4,15.0,13.4,juice,False,3,5
Suncrisp,,Belchertown,no,MA,"very good, some surface defects, brown spots",,medium,no,20,blush,"nice, 650 bushels/acre at 2 X 12 spacing super-spindle",absent,,medium-heavy,excellent,,14.6,"sweet-tart, fruity",cream-white,medium melting,3.3,yellow-green,orange-red,,medium-large,symmetrical-somewhat conical,281.0,October 16-31,inconspicuous,late,,good-excellent,10/23/2009,few,B9,5,stem,fine,,,slightly greasy,average,14.5,6.9,spreading-upright,medium,14.6,3.3,20.0,14.5,fresh_premium,False,3,5
Braeburn ‘Joburn’,,Belchertown,no,MA,very good,,medium,faint,85,mostly blush-solid with hint of stripe,heavy crop so a lot of smaller fruit (not in sample); very good eating quality,absent,,heavy,excellent,,17.6,sweet-tart,cream-white,crisp-melting,3.0,light green,red,http://fruit.umext.umass.edu/images/2009apples/braeburn110509ma.jpg,medium,symmetrical-oblong to slight conical,230.0,November 1-15,somewhat conspicuous,late,,excellent,11/5/2009,none,B.9,nil,stem,,,,mostly dry,somewhat thin,12.4,6.5 (6-7),spreading-upright,weak-medium,17.6,3.0,85.0,12.4,fresh_premium,False,3,5
Goldrush,,Belchertown,no,MA,fair-good,,medium,faint,15,blush,"needs to store for a month, smaller fruit are poorer quality",absent,,medium,fair-good,,20.7,tart,cream-yellow,hard,2.9,green,green-yellow with orange blush,http://fruit.umext.umass.edu/images/2009apples/goldrush110509ma.jpg,small-medium,"somewhat asymmetrical, slightly ribbed, round to slight oblong",210.0,November 1-15,somewhat conspicuous,very late,,good,11/5/2009,none,M.9,nil,,,,,dry,average,14.5,5 (4-6),spreading-upright,medium,20.7,2.9,15.0,14.5,fresh_standard,False,1,3
Granny Smith,,Belchertown,no,MA,good,,medium,faint,10,blush,"some watercore; still tart but high sugars; flesh is fine texture, medium-soft",absent,,light-medium,good,,16.1,tart,green-white,medium melting,3.5,green,orange-red,http://fruit.umext.umass.edu/images/2009apples/grannnysmith111209ma.jpg,large,symmetrical,320.0,November 1-15,somewhat conspicuous,late,,good,11/12/2009,none,G.16,0,,,,,slightly greasy,average,16.0,5 (4-7),spreading-upright,medium-strong,16.1,3.5,10.0,16.0,fresh_standard,False,5,5
Dandee Red,,Northboro,no,MA,fair-good,,medium,,80,stripe,"tested 5 fruit; still too early, may become much better with later harvest; purportedly one week earlier than Paulared so that tells me Paulared are not there yet",absent,,light-medium,fair at this time,moderate?,14.8,tart,green-white,soft,3.3,green,red,http://fruit.umext.umass.edu/images/2010apple/dandeered0802.jpg,medium-large,somewhat irregular - flattish,,August 16-31,somewhat conspicuous,early,resistant to mildew?,fair-good,8/2/2010,none,M9,<5,variable,fine,no,no,dry,average, 11.1,2,upright-spreading,medium-strong,14.8,3.3,80.0,11.1,juice,False,3,1
Gravenstein,,Northboro,no,MA,fair-good,,medium-strong,,50 at best,stripe-blush,"very tart still, watch for uneven maturity; a legacy early apple, but suppose to bake good; will readily drop when ripe",,,medium-heavy,fair-good,susceptible?,17.2,tart,green-white,soft,2.8,green,red,http://fruit.umext.umass.edu/images/2010apple/gravenstein0802.jpg,small-medium,somewhat irregular,,August 1-15,,early,?,fair-good,8/2/2010,some,,,,,?,?,dry,average,10.1,2.8 (range1.5 - 7),spreading-upright,medium-strong,17.2,2.8,,10.1,juice,False,1,1
Paulared,,Belchertown,no,MA,good,tendency,medium,faint,65,blush,"50% with some watercore; some limb rubs, surface defects",absent,,medium-heavy,fair,no,14.5,tart,white,soft,3.1,green,red,http://fruit.umext.umass.edu/images/2010apple/paulared081010.jpg,medium-large,somewhat irregular,198.0,August 16-31,conspicuous,early,,good,8/10/2010,few,M26,<5,stem,medium,?,no,dry,average,10.8,3.8 (2-7),upright-spreading,medium-strong,14.5,3.1,65.0,10.8,juice,False,3,1
Gingergold,,Belchertown,no,MA,excellent,tendency,medium,no,,,just ready to start harvest; very nice,absent,,medium-heavy,excellent,no,18.4,sweet-tart,white,medium melting,3.2,green,yellow,http://fruit.umext.umass.edu/images/2010apple/gingergold.jpg,large,somewhat typey,244.0,August 16-31,inconspicuous,early,,excellent,8/15/2010,very few,,<5,stem,fine,?,some,dry,somewhat thin,11.6,2.5 (1.5-4),spreading-upright,medium,18.4,3.2,,11.6,fresh_premium,False,5,1
Dandeered,,Belchertown,no,MA,good,,medium,no,80,blush,touch of watercore; Paulared alternative?; 2nd leaf trees,absent,,medium,good,?,14.2,tart,green-white,soft,3.5,green,red,http://fruit.umext.umass.edu/images/2010apple/dandeered.jpg,large,oblate,240.0,August 16-31,somewhat conspicuous,early,,good,8/15/2010,none,M9?,<5,stem,medium,?,? none observed,dry,average,11.5,3.5 (2-4),upright-spreading,medium-strong,14.2,3.5,80.0,11.5,juice,False,5,1
Paulared,,Belchertown,,MA,,,,,70,,watercore; heavy crop,,,,,,14,,,,3.3,,,http://fruit.umext.umass.edu/images/2010apple/paulared.jpg,,,219.0,,,,,,8/15/2010,some,,,,,,,,,10.5,3.3 (2-5.5),,,14.0,3.3,70.0,10.5,unknown,False,3,3
Sansa,,Belchertown,no,MA,very good,,medium,faint,60,blush-stripe,heavy crop load might diminish flavor/quality,absent,,heavy,good,?,13.9,sweet,cream-white,medium melting,2.9,green-yellow,orange-red,http://fruit.umext.umass.edu/images/2010apple/sansa.jpg,small-medium,symmetrical,186.0,August 16-31,inconspicuous,early,?,good,8/15/2010,nil,,<5,stem,fine,?,? none observed,very slightly greasy,somewhat thick,12,6 (5-8),spreading,weak-medium,13.9,2.9,60.0,12.0,fresh_premium,False,1,1
Zestar!,,Belchertown,no,MA,fair-good,,medium,,60,blush,touch of watercore; just right to pick as soon as possible,,,medium-heavy,very good,?,13.3,tart-sweet,cream-white,medium melting,3.3,green-yellow,pink-red,http://fruit.umext.umass.edu/images/2010apple/zestar0820.jpg,medium-large,,218.0,August 16-31,,early,?,very good,8/20/2010,nil,M26,,,,?,no,dry,somewhat thin,12.6,4.6,upright-spreading,medium-strong,13.3,3.3,60.0,12.6,fresh_standard,False,3,1
Akane,,Belchertown,,MA,excellent,,,,85,stripe-blush,"ready to harvest, heavy crop load = little starch",,,heavy,good,,15.8,sweet-tart,white,,3.0,green-yellow,red,http://fruit.umext.umass.edu/images/2010apple/akane0820.jpg,small-medium,somewhat oblate,175.0,,,,,fair-good,8/20/2010,some,,,,,,,very slightly greasy,average,11.4,6.9,,,15.8,3.0,85.0,11.4,fresh_premium,False,1,3
Ginger Gold,,Belchertown,,MA,,,,,,,"slight water core, ready to go for sure",,,,,,16.7,,,,3.3,,,http://fruit.umext.umass.edu/images/2010apple/gingergold0820.jpg,,,,,,,,,8/20/2010,"nil, but loose",,,,,,,,,11.8,3.3 (does not starch test well),,,16.7,3.3,,11.8,unknown,False,3,3
Lindamac McIntosh,,Deerfield,no,MA,very good,,medium,yes,80,stripe-blush,"2nd leaf MOPUP, 2-3 apples per tree (frost)",absent,,light,good,,15,tart,green-white,soft-medium,3.2,green,red,http://fruit.umext.umass.edu/images/2010apple/clarkmopuplindamac0825.jpg,medium-large,oblate,196.0,August 16-31,somewhat conspicuous,early-middle,,very good,8/25/2010,nil,,,,,,no,dry,average,12.9,3.7 (3-6),upright-spreading,medium,15.0,3.2,80.0,12.9,fresh_premium,False,3,2
Honeycrisp,,Deerfield,no,MA,fair-good,,medium,faint,55,blush-stripe,"2nd leaf MOPUP, 4-5 apples per tree (frost) ",prone to stem-end,stem,light,very good,,15.1,tart-sweet,cream-yellow,crisp melting,3.2,green-yellow,orange-red,http://fruit.umext.umass.edu/images/2010apple/clarkmopuphoneycrisp0825.jpg,medium-large,somewhat asymmetrical,205.0,August 16-31,somewhat conspicuous,early-middle,,good-excellent,8/25/2010,few,,5,stem,fine,,some resistance,dry,average,14.4,7,mostly spreading,medium,15.1,3.2,55.0,14.4,fresh_standard,True,3,2
Brookfield Gala,,Deerfield,no,MA,very good,,medium-strong,faint,90,stripe,MOPUP 2nd leaf; 2-3 apples per tree (frost),absent,,light,very good,,19.6,sweet,cream-yellow,medium melting,2.85,green-yellow,red,,medium,ovate,167.0,August 16-31,conspicuous,early-middle,,good,8/25/2010,none,,<5,stem,medium,,,not yet,average,15.2,5.9 (3.5-7),upright-spreading,medium-strong,19.6,2.85,90.0,15.2,fresh_premium,False,3,2
RubyMac Mcintosh,,Deerfield,,MA,excellent,,medium,yes,95+,solid-blush,2nd leaf MOPUP 1-2 apples per tree (frost); highly colored red Mac,absent,,light,good,,15.3,tart,green-white,medium-soft,3.1,green,dark red,http://fruit.umext.umass.edu/images/2010apple/clarkmopuprubymactree0825.jpg,medium-large,oblate,173.0,,inconspicuous,early-middle,,very good,8/25/2010,nil,,<5,stem,fine,,,dry,average,11.5,4.2,spreading-upright,medium,15.3,3.1,,11.5,fresh_premium,False,3,2
Greening,,Morristown,,NJ,,,,2.2,0,green,,absent,,,,,24.8,,green-white,firm,3.5,green,green,,medium-large,oblate,250.0,,inconspicuous,,,,8/26/2010,,,<5,stem,small,,,,,11.9,yes,,,24.8,3.5,0.0,11.9,unknown,False,3,3
Honeycrisp,,Harvard,unknown,MA,very good,tendency,medium,faint,60,stripe-blush,will be spot-picked for color but has not developed full varietal flavor (will next week with heat),absent,,medium-heavy,very good,,17.6,tart-sweet,cream-white,crisp melting,3.05,green-yellow,orange-red,http://fruit.umext.umass.edu/images/2010apple/harvardhoneycrisp0826.jpg,medium,somewhat irregular,204.0,August 16-31,somewhat conspicuous,early-middle,,good-excellent,8/26/2010,few,M9?,<5,calyx,,,,dry,somewhat thin,12.9,4.8 (2.5-6.5),spreading,weak-medium,17.6,3.05,60.0,12.9,fresh_premium,True,3,2
Royalcort Cortland,,Harvard,unknown,MA,very good,,medium,faint,80,blush-stripe,not ready to pick yet despite good red color development,absent,,heavy,good,,19.5,tart,green-white,soft,3.0,green,red,http://fruit.umext.umass.edu/images/2010apple/harvardroyalcort0826.jpg,small-medium,oblate,160.0,September 1-15,somewhat conspicuous,middle,,good,8/26/2010,nil,,<5,stem,,,,dry,average,10.9,1,spreading-drooping,medium-strong,19.5,3.0,80.0,10.9,fresh_premium,False,1,3
Stark Royal Gala,,Harvard,,MA,fair-good,,medium-strong,faint,65,stripe-blush,not ready to pick; heavy crop load likely impacting overall quality,absent,,heavy,fair,,21.4,sweet-bland,white,medium melting,2.75,yellow,orange-red,http://fruit.umext.umass.edu/images/2010apple/harvardstarkroyalgala0826.jpg,small-medium,ovate,157.0,,inconspicuous,early-middle,,fair-good,8/26/2010,none,,<5,stem,,,,dry,average,10.5,2,spreading-upright,medium,21.4,2.75,65.0,10.5,fresh_standard,False,1,2
Marshall McIntosh,,Harvard,full rate,MA,good,,medium-strong,faint,65,solid-blush,should wait a week to pick,absent,,medium,fair (right now),,19.1,tart,green-white,soft,2.8,green,red,,small-medium,irregular-oblate,149.0,September 1-15,inconspicuous,early-middle,,fair-good,8/26/2010,nil,M7?,0,,,,no,dry,average,12.2,2.8 (2-3.5),upright-spreading,medium-strong,19.1,2.8,65.0,12.2,juice,False,1,2
Rogers Red McIntosh,,Harvard,full rate,MA,fair,,medium,,50,blush,nowhere near ready to pick,absent,,medium-heavy,fair (right now),,18.3,tart,white,soft,2.9,green,red,,medium,somewhat irregular-oblate,161.0,September 1-15,somewhat conspicuous,middle,,fair-good,8/26/2010,nil,,0,,,,no,dry,average,10.8,2.6 (2-5.5),upright-spreading,medium-strong,18.3,2.9,50.0,10.8,juice,False,3,3
Lindamac McIntosh,,Belchertown,no,MA,excellent,,medium,faint,85,solid-blush (hint of stripe),wait another week to pick but watch; a very excellent early Mcintosh,absent,,medium-heavy,good,,15.7,tart,white,soft,3.1,green,red,,medium-large,"symmetrical, somewhat oblate",185.0,September 1-15,somewhat conspicuous,early-middle,,good-excellent,8/27/2010,nil,,0,,,,no (observed on fruit),dry,average,11,3.8,upright-spreading,medium,15.7,3.1,85.0,11.0,fresh_premium,False,3,2
Gale Gala,,Leominster,,MA,fair-good (scarf skin?),,medium,faint,98,solid-stripe,"not really ready, small fruit size despite light crop on 2nd leaf trees",absent,,light-medium,fair-good (at this point),,21.5,sweet,cream-white,medium melting,2.8,green-yellow,red,http://fruit.umext.umass.edu/images/2010apple/sholangalegalatree0826.jpg,small-medium,ovate,160.0,,conspicuous,early-middle,,fair-good,8/26/2010,none,M9,<5,stem,,,,dry,average,12.6,3.2,upright-spreading,medium-strong,21.5,2.8,98.0,12.6,fresh_standard,False,1,2
Brookfield Gala,,Leominster,no,MA,very good,,medium,faint,90,blush-stripe,"better crop, looks nicer than Gale Gala; fruit size also larger than Gale Gala",absent,,medium-heavy,good,,21.5,sweet,cream-yellow,medium melting,2.9,green-yellow,red,http://fruit.umext.umass.edu/images/2010apple/sholanbrookfieldgala0826.jpg,medium,ovate-oblong,176.0,August 16-31,conspicuous,early-middle,,very good,8/26/2010,none,M9,5,stem and some side,fine,,,dry,average,12.5,2.6,upright-spreading,medium-strong,21.5,2.9,90.0,12.5,fresh_premium,False,3,2
Rubymac Mcintosh,,Leominster,no,MA,very good except for frost-induced russet,,medium,faint,95,solid-blush,excessive frost-induced russetting,absent,,light,fair-good at this point,,16.6,tart,green-white,soft,3.0,green,dark red,http://fruit.umext.umass.edu/images/2010apple/sholanrubymac0826.jpg,medium,oblate,160.0,September 1-15,inconspicuous,early-middle,,good,8/26/2010,none,,25,all over - from frost,coarse,,,dry,average,11.3,3.3,upright-spreading,medium,16.6,3.0,95.0,11.3,fresh_premium,False,3,2
Honeycrisp,,Leominster,no,MA,fair-good,,medium,very faint,45,blush-stripe,"not quite ready, wait another week",absent,,medium,very good,,16.8,sweet-tart,cream-white,crisp melting,3.3,green-yellow,orange-red,http://fruit.umext.umass.edu/images/2010apple/sholanhoneycrisp0826.jpg,large,"somewhat irregular, oblate-oblong",234.0,September 1-15,somewhat conspicuous,early-middle,,good-excellent,8/26/2010,nil,M9-337,<5,stem,fine,,,dry,average,12.8,5 (3-6.5),spreading,medium,16.8,3.3,45.0,12.8,fresh_standard,True,5,2
Crimson Gala,,Belchertown,no,MA,excellent,,medium,faint,95,solid-stripe,"very nice, more than ready to go",absent,,medium-heavy,very good,,16.4,sweet,cream-yellow,medium melting,3.1,green-yellow,orange-red,http://fruit.umext.umass.edu/images/2010apple/crimsongala0830.jpg,medium-large,ovate,218.0,August 16-31,conspicuous,early-middle,,very good,8/30/2010,nil,,nil,,,,,dry,average,12.8,6.6,upright-spreading,medium-strong,16.4,3.1,95.0,12.8,fresh_premium,False,3,2
Royal Gala,,Belchertown,unknown,MA,good,,medium-strong,faint,75,blush-stripe,not as far along as the Crimson Gala,absent,,medium-heavy,good,,17.1,sweet,cream-white,medium melting,3.0,green-yellow,orange-red,http://fruit.umext.umass.edu/images/2010apple/royalgala0830.jpg,medium,ovate,206.0,September 1-15,somewhat conspicuous,early-middle,,good,8/30/2010,nil,,nil,,,,,dry,average,12.2,4.8 (2.5-6.5),upright-spreading,medium-strong,17.1,3.0,75.0,12.2,fresh_standard,False,3,2
Snappy Mac McIntosh,,Belchertown,no,MA,very good,,medium,faint,65,solid-blush,color is good but not quite ready to pick; loose on the tree,absent,,medium-heavy,good,,15.4,tart,green-white,soft,3.15,green,red,http://fruit.umext.umass.edu/images/2010apple/snappymac0830.jpg,medium-large,oblate,198.0,September 1-15,inconspicuous,middle,,very good,8/30/2010,nil,,nil,,,,"no, observed",dry,average,11.7,4.1 (3.5-5.5),spreading-upright,medium,15.4,3.15,65.0,11.7,fresh_premium,False,3,3
Honeycrisp,,Belchertown,no,MA,good,,medium-strong,faint,55,stripe-blush,some bitter pit; ready to spot pick on color (ASAP),absent,,medium-heavy,excellent,,14.8,tart-sweet,cream-white,crisp melting,3.3,green,red,http://fruit.umext.umass.edu/images/2010apple/honecycrisp0830.jpg,large,somewhat oblate,257.0,September 1-15,inconspicuous,early-middle,,good-excellent,8/30/2010,few,B.9,<5,stem,fine,,some resistance,dry,average,12.5,6.6 (5-8),spreading-drooping,weak,14.8,3.3,55.0,12.5,fresh_standard,True,5,2
Buckeye Gala,,Belchertown,no,MA,very good,tendency,medium-strong,faint,95,solid-hint stripe,"late hand-thinning; not ready yet, heavy crop load",absent,,heavy,good,,19.6,tart-sweet,cream-white,medium melting,2.9,yellow,dark red,http://fruit.umext.umass.edu/images/2010apple/buckeyegala0830.jpg,small-medium,ovate-somewhat typey,176.0,September 1-15,conspicuous,early-middle,,good,8/30/2010,none,M.9,nil,,,,,dry,average,10.9,3.6,upright-spreading,medium,19.6,2.9,95.0,10.9,fresh_premium,False,1,2
Rubymac McIntosh,,Belchertown,no,MA,very good,,medium,faint,95,solid-blush,"not quite ready to pick, but excellent color",absent,,medium,good,,15.7,tart,green-white,crisp,3.15,green,red,http://fruit.umext.umass.edu/images/2010apple/rubymac0830.jpg,medium-large,"somewhat irregular, round",199.0,September 1-15,inconspicuous,early-middle,,good,8/30/2010,nil,M.9,nil,,,,no,dry,average,10.7,4.4 (4-5.5),spreading-upright,medium,15.7,3.15,95.0,10.7,fresh_premium,False,3,2
Minneiska,,Belchertown,no,MA,fair,,medium,faint,70,solid-blush,ready to pick or could wait to develop more flavor; has an interesting starch pattern (hard to read),absent,,medium-heavy,excellent,,16.9,tart-sweet complex,cream-yellow,crisp melting,3.15,green-yellow,red,http://fruit.umext.umass.edu/images/2010apple/minneiska0830.jpg,medium-large,somewhat irregular; oblate-ovate,228.0,September 1-15,very conspicuous,early-middle,,excellent,8/30/2010,few,,15 (varies),lenticels,medium,,,dry,average,14.4,4,upright-spreading,medium-strong,16.9,3.15,70.0,14.4,fresh_standard,False,3,2
Buckeye Gala,,Belchertown,no,MA,very good,,medium-strong,faint,95+,solid-stripe,may be too red for some,few,stem,light-medium,good,,19,sweet,cream-yellow,medium melting,3.1,yellow,dark red,http://fruit.umext.umass.edu/images/2010apple/buckeyegala0830.jpg,medium-large,ovate-somewhat typey,225.0,September 1-15,somewhat conspicuous,early-middle,,good,8/31/2010,nil,assorted,nil,,,,,slightly greasy,average,13.3,4.9 (3.5-7),spreading,medium-strong,19.0,3.1,,13.3,fresh_premium,False,3,2
Lindamac McIntosh,,Amesbury,full rate,MA,,,,,80 (a little dull),,,,,light,,,16.4,,,,3.1,,,http://fruit.umext.umass.edu/images/2010apple/amesburylindamac0902.jpg,,,190.0,,,,,,9/2/2010,very few,,,,,,,,,12,3.8 (3.5-4),,,16.4,3.1,,12.0,unknown,False,3,3
Rubymac McIntosh,,Amesbury,,MA,,,,,90+ deep red,,nice solid red color compared to even Lindamac; striking,,,medium,,,16.4,,,,3.05,,,http://fruit.umext.umass.edu/images/2010apple/amesburyrubymac0902.jpg,,,177.0,,,,,,9/2/2010,nil,,,,,,,,,11.8,4 (3.5-5),,,16.4,3.05,,11.8,unknown,False,3,3
Honeycrisp,,Amesbury,yes,MA,,,,,35 not great,,color bad (treated with ReTain),,,light-medium,,,17.2,,,,3.3,,,http://fruit.umext.umass.edu/images/2010apple/amesburyhoneycrisp0902.jpg,,,232.0,,,,,,9/2/2010,some,,,,,,,,,13.8,5.95 (3.5-7.5),,,17.2,3.3,,13.8,unknown,True,3,3
Brookfield Gala,,Amesbury,,MA,,,,,85 striped,,very nice,,,medium-heavy,,,20.8,,,,2.95,,,http://fruit.umext.umass.edu/images/2010apple/amesburybrookfieldgala0902.jpg,,,191.0,,,,,,9/2/2010,nil,,,,,,,,,14.2,5.5 (3-7),,,20.8,2.95,,14.2,unknown,False,3,3
Buckeye Gala,,Lunenburg,unknown,MA,,,,,90,,,,,heavy,,,20.6,,,,2.65,,,,,,144.0,,,,,,9/2/2010,nil,,,,,,,,,13.1,5.3,,,20.6,2.65,90.0,13.1,unknown,False,3,3
Honeycrisp,,Lunenburg,unknown,MA,,,,,60,,,,,,,,17.8,,,,,,,,,,199.0,,,,,,9/2/2010,few,,,,,,,,,14,6.6,,,17.8,,60.0,14.0,unknown,True,3,3
Pioneeer McInosh,,Lunenburg,unknown,MA,,,,,75 dull,blush,,,,,,,16.9,,,,3.1,,,,medium,oblate,166.0,,somewhat conspicuous,,,,9/2/2010,,,absent,,,,,,,13.9,4.6 (3-7),,,16.9,3.1,,13.9,unknown,False,3,3
Buckeye Gala,,Belchertown,no,MA,very good,,medium-strong,faint,90,solid-stripe (hint),"heavy crop load, smallish fruit; hand-thinned early July; picked 13.5 boxes off 30 super-spindle trees, app.945 boxes -per acre",absent,,medium-heavy,very good,,17.9,sweet,cream-white,medium melting,2.9,green-yellow,dark red,http://fruit.umext.umass.edu/images/2010apple/buckeyegala0905.jpg,small-medium,somewhat typey,180.0,September 1-15,somewhat conspicuous,early-middle,,very good,9/5/2010,nil,M.9-337,none,,,,,very slightly greasy,average,12.1,5 (3.5-7),spreading-upright,medium-strong,17.9,2.9,90.0,12.1,fresh_premium,False,1,2
Lindamac McIntosh,,Belchertown,no,MA,very good,,medium,faint,85,blush-stripe (hint),not as good color this year (heavy crop?); little to no drop,absent,,medium-heavy,good,,14.8,tart,green-white,soft,3.0,green,red,http://fruit.umext.umass.edu/images/2010apple/lindamac0906.jpg,medium,somewhat oblate,177.0,September 1-15,somewhat conspicuous,early-middle,,very good,9/6/2010,nil,M.9,nil,,,,observed,dry,average,11.3,4.8 (4-6),spreading-upright,medium,14.8,3.0,85.0,11.3,fresh_premium,False,3,2
Cherry Gala (Brandt),,Belchertown,,MA,,,medium,,98,solid with hint of sripe,"these are over-mature so not fully evaluated; red color somewhat brighter than other Gala; should have picked a week ago, light crop; considerable stem-end cracking, greasiness, and rot",present,stem,light,,,16,,cream-white,,3.0,yellow,red,http://fruit.umext.umass.edu/images/2010apple/cherrygala0906.jpg,medium-large,somewhat typey,201.0,,somewhat conspicuous,early-middle,,,9/6/2010,nil,,<5,stem,fine,,,slightly greasy,,16,7.9,upright-spreading,medium-strong,16.0,3.0,98.0,16.0,unknown,False,3,2
Silken,,Belchertown,unknown,MA,very good,,medium,faint,0,,some water core; ready to harvest,absent,,medium-heavy,excellent,,16,mostly sweet,cream-white,medium melting,3.0,green-yellow,yellow,http://fruit.umext.umass.edu/images/2010apple/silken0906.jpg,medium,somewhat oblong,205.0,September 1-15,mostly inconspicuous,early-middle,,very good,9/6/2010,nil,M.9,5,stem,medium,,not resistant,dry,somewhat thin,14.4,5.8,spreading-upright,medium,16.0,3.0,0.0,14.4,fresh_premium,False,3,2
Snappy Mac,,Belchertown,no,MA,excellent,no,medium,faint,85,blush,,absent,,medium,good,,14.7,tart,green-white,soft,3.2,green,red,http://fruit.umext.umass.edu/images/2010apple/snappymac0907.jpg,medium-large,round,216.0,September 1-15,inconspicuous,middle,,very good,9/7/2010,few,MM.106,nil,,,,observed,dry,average,11.6,5.2 (4.5-6.5),spreading-upright,medium,14.7,3.2,85.0,11.6,fresh_premium,False,3,3
Blondee,,Belchertown,no,MA,good,yes,medium,very faint,,,over-ripe,present,stem,very light,good,,18.3,sweet,cream-yellow,medium melting,3.0,yellow,yellow,http://fruit.umext.umass.edu/images/2010apple/blondee0907.jpg,medium,oblong,218.0,September 1-15,somewhat conspicuous,early-middle,,good,9/7/2010,few,M.9,5,stem,medium,,,slightly greasy,average,15.2,6.5 (4.5-7),spreading-upright,medium-gala like,18.3,3.0,,15.2,fresh_standard,False,3,2
Redcort Cortland,,Belchertown,no,MA,fair-good,,medium,very faint,50,blush-stripe,"not really ready to harvest yet, need another week",absent,,medium,fair at this point,,16.5,tart,green-white,soft,3.2,green,red,,medium-large,oblate,206.0,September 16-30,inconspicuous,middle,,fair-good,9/7/2010,nil,M.9-Pajam2,<5,stem,medium,,,dry,average,11.4,2,spreading-drooping,medium-strong,16.5,3.2,50.0,11.4,juice,False,3,3
Golden Supreme,,Belchertown,no,MA,excellent,,medium,faint,10,blush,"ready for spot pick, not dropping yet but will soon; uneven maturity; a beautiful apple if you can grow and sell",absent,,medium,very good,,17,sweet,cream-white,medium melting,3.2,yellow,pink-orange when present,http://fruit.umext.umass.edu/images/2010apple/goldensupreme0907.jpg,medium-large,somewhat typey,247.0,September 1-15,somewhat conspicuous,middle,,very good,9/7/2010,"nil, but prone",M.9-Pajam2,<5,stem,fine,,,dry,somewhat thin,12,4.3 (2-7),upright,strong,17.0,3.2,10.0,12.0,fresh_premium,False,3,3
Rising Sun Fuji,,Belchertown,,MA,,,,,45,,"no Retain; heavy crop, not ready yet, need another week flavor-wise",,,,,,14.6,,,,2.9,,,,,,,,,,,,9/7/2010,none,,,,,,,,,11.6,5.8 (4.5-6.5),,,14.6,2.9,45.0,11.6,unknown,False,3,3
Macoun,,Belchertown,,MA,,,,,50 dull,,"variable crop load; dull red color; not ready yet, need another 10 days; no Retain",,,,,,17.8,,,,3.0,,,,,,,,,,,,9/7/2010,very few,,,,,,,,,11.8,2,,,17.8,3.0,,11.8,unknown,False,3,3
Tome Empire,,Belchertown,,MA,,,,,80,,moderate-heavy crop; need another 10 days,,,,,,19.4,,,,2.85,,,,,,,,,,,,9/7/2010,nil,,,,,,,,,11.7,3,,,19.4,2.85,80.0,11.7,unknown,False,3,3
Honeycrisp,,Belchertown,no,MA,very good,tendency,medium,faint,70,blush-stripe,some bitter pit,absent,,medium-heavy,excellent,somewhat susceptible,14.3,sweet-tart,cream-white,crisp melting,3.3,green-yellow,orange-red,,large,somewhat irregular-round,250.0,September 1-15,inconspicuous,early-middle,black rot susceptible,excellent,9/10/2010,nil,B.9,<5,stem,medium,somewhat susceptible,somewhat resistant,dry,average,12.9,6.8,spreading,medium,14.3,3.3,70.0,12.9,fresh_premium,True,5,2
Redmax McIntosh,,Belchertown,no,MA,very good,,medium,faint,65,blush-stripe,,absent,,heavy,good,,15.1,tart,green-white,soft,3.0,green,red,,medium,oblate-round,175.0,September 1-15,somewhat conspicuous,middle,,very good,9/10/2010,few,B.9,<5,stem,medium,,,dry,average,11.1,6,spreading,weak-medium,15.1,3.0,65.0,11.1,fresh_premium,False,3,3
Rogers Red McIntosh,,Belchertown,no,MA,good,,medium,faint,70,solid-blush,"approaching the end of CA harvest window; very nice crop and yield on these B.9 tall-spindle trees, app. 900 bushels per acre",absent,,medium-heavy,very good,,13.4,tart-sweet,white,soft,3.2,green,red,,medium-large,somewhat irregular-oblate,220.0,September 1-15,inconspicuous,middle,,good,9/13/2010,some,B.9,nil,,,,observed,dry,average,12.1,5.8 (4.5-6.5),spreading-upright,medium,13.4,3.2,70.0,12.1,juice,False,3,3
Redcort Cortland,,Belchertown,no,MA,good,,medium,nil,85,stripe-blush,could be picked now,absent,,medium,fair-good,,15.5,tart,white,soft,3.3,green,red,http://fruit.umext.umass.edu/images/2010apple/cortland0915.jpg,medium-large,mostly oblate,217.0,September 16-30,mostly inconspicuous,middle,,good,9/15/2010,nil,M.9,<5,stem,medium,,,dry,average,11.6,3.1 (1.5-5),spreading-drooping,medium-strong,15.5,3.3,85.0,11.6,juice,False,3,3
Rising Sun Fuji,,Belchertown,no,MA,fair-good,,medium,faint,60,blush,heavy crop adverse affect on quality,absent,,medium-heavy,poor with these apples,,13.1,sweet-bland,cream-white,soft,2.9,green-yellow,pink-red,http://fruit.umext.umass.edu/images/2010apple/risingsunfuji0915.jpg,small-medium,round,176.0,September 16-30,somewhat conspicuous,middle,,fair,9/15/2010,none,M.9,0,,,,,dry,average,11.7,7.2,spreading,weak-medium,13.1,2.9,60.0,11.7,juice,False,1,3
Blondee,,Belchertown,no,MA,very good,,medium,,0,,at end of harvest period,absent,,medium,good,,15.7,fruity,cream-yellow,medium melting,2.95,yellow,green-yellow,http://fruit.umext.umass.edu/images/2010apple/blondee0915.jpg,medium,"mostly round, uniform",188.0,September 1-15,somewhat conspicuous,middle,,good,9/15/2010,nil,M.9,<5,stem,fine,,,slightly greasy,average,12.6,7.5,upright-spreading,medium,15.7,2.95,0.0,12.6,fresh_premium,False,3,3
Macoun,,Belchertown,,MA,fair-good,,medium,faint,65 still dull,solid-blush,not quite ready with full varietal flavor,absent,,medium,fair at this point,,16,tart,green-white,soft,3.2,green,red,http://fruit.umext.umass.edu/images/2010apple/macoun0915.jpg,medium-large,"irregular, somewhat lobed and round-oblate",210.0,,somewhat conspicuous,middle,,fair-good,9/15/2010,some,,<5,stem,fine,,,dry,average,11.8,3.5,upright,medium-strong,16.0,3.2,,11.8,juice,False,3,3
Empire,,Belchertown,no,MA,very good,,medium,faint,70,blush with hint of stripe,need another week to pick,absent,,medium-heavy,not ready yet,,17.5,tart-sweet,green-white,soft,3.0,green,red,http://fruit.umext.umass.edu/images/2010apple/empire0916.jpg,medium,symmetrical-round,157.0,September 16-30,somewhat conspicuous,middle-late,,very good,9/16/2010,nil,M.7,0,,,,better than McIntosh,dry,average,11.2,3.4,spreading,medium-strong,17.5,3.0,70.0,11.2,fresh_premium,False,3,4
Rezista Jonathan,,Belchertown,no,MA,fair,,medium,,90,blush-stripe,"over-ripe, but generally unexceptional; might be much better if picked 2 weeks ago",absent,,heavy-variable,poor,,12.7,earthy,cream-yellow,soft,2.8,green-yellow,orange-red,http://fruit.umext.umass.edu/images/2010apple/rezistajonathan0926.jpg,small-medium,symmetrical-round,157.0,September 1-15,somewhat conspicuous,early-middle,,fair,9/16/2010,some,M.26,<5,stem,fine,,resistant,slightly greasy,average,12.7,7.9,spreading-drooping,weak-medium,12.7,2.8,90.0,12.7,juice,False,1,2
Rezista Rome,,Belchertown,no,MA,fair-good,,medium,faint,85,blush,OK for this group,absent,,medium-heavy,fair-good,,15.3,tart-earthy,green-white,medium,3.05,light green,bronze-red,http://fruit.umext.umass.edu/images/2010apple/rezistarome.jpg,medium-large,"somewhat irregular, mostly round",192.0,September 16-30,somewhat conspicuous,middle-late,,fair-good,9/16/2010,few,M.26,10,"stem, some down sides",medium,,resistant,not yet,somewhat thick,11.9,4.7,upright-spreading,medium-strong,15.3,3.05,85.0,11.9,fresh_standard,False,3,4
Jonagold DeCoster,,Belchertown,no,MA,very good,,medium,faint,80,blush with hint of stripe,some watercore; 3rd leaf tall-spindle trees; ready to harvest by red color,absent,,medium,excellent,,16.9,sweet,cream-yellow,medium melting,3.2,green-yellow,orange-red,http://fruit.umext.umass.edu/images/2010apple/jonagolddecoster0926.jpg,large,symmetrical,265.0,September 16-30,conspicuous,middle-late,,very good,9/16/2010,nil,M.9,nil,stem,,,,dry,average,14.6,7.2,spreading,medium-strong,16.9,3.2,80.0,14.6,fresh_premium,False,5,4
Delicious,,Belchertown,no,MA,good,,medium,yes,98,solid-blush with hint of stripe,picking very easy; some watercore; ready to harvest next week,absent,,medium-heavy,fair-good,,16.6,sweet,green-white,medium,3.1,yellow,red,http://fruit.umext.umass.edu/images/2010apple/delicious0926.jpg,medium-large,distinctly typey,228.0,September 16-30,conspicuous,middle-late,,good,9/16/2010,nil,,<5,stem,,,,dry,somewhat thick,13,3.2 (2-6.5),upright-spreading,medium,16.6,3.1,98.0,13.0,fresh_standard,False,3,4
Arlet (Swiss Gourmet),,Belchertown,unknown,MA,fair-good,,medium,faint,75 variable,solid-blush with hint of stripe,should have been picked 7-10 days ago,absent,,medium-heavy,good,,14.4,sweet-fruity,cream-yellow,medium melting,2.9,yellow,bright red,http://fruit.umext.umass.edu/images/2010apple/arlet0926.jpg,small-medium,somewhat irregular oblong,197.0,September 1-15,conspicuous,middle,,good,9/16/2010,significant,,up to 35% variable,stem and sides and calyx,medium-rough,,,slightly greasy,average,13.7,7.9,spreading,medium,14.4,2.9,,13.7,fresh_standard,False,1,3
Recort Cortland,,Belchertown,no,MA,fair-good,,medium,very faint,85,"solid-blush, hint of stripe","quite a few defects on tree, picked one bin from B3 super-spindle, equivalent to 450 bushels per acre",absent,,medium,good,,15.7,tart-sweet,white,medium,3.3,green,dark red,,medium-large,oblate,216.0,September 16-30,inconspicuous,middle,susceptible to black rot,good,9/17/2010,nil,M.9 Pajam2`,<5,stem,coarse,,,dry,average,12.4,3.9,spreading,medium-strong,15.7,3.3,85.0,12.4,fresh_standard,False,3,3
Macoun,,Belchertown,no,MA,good,,medium-strong,,75,blush-stripe,25 bushels off 30 super-spindle trees (thinning experiment),absent,,heavy,good,,16.1,tart-sweet,green-white,soft,3.0,green,red,,medium-large,somewhat asymmetrical-oblate,186.0,September 16-30,inconspicuous,middle,,good,9/21/2010,significant,,<5,stem,fine,,,dry,average,12.6,3.5,upright-spreading,medium-strong,16.1,3.0,75.0,12.6,juice,False,3,3
Morning Mist Fuji,,Belchertown,no,MA,very good,,medium,faint,80,solid-blush,could easily pick by red color intensity; very nice,absent,,variable-light to heavy per tree,very good,,15.2,sweet,cream-yellow,medium melting,3.2,green-slight yellow,pink-red,http://fruit.umext.umass.edu/images/2010apple/morningmistfuji0921.jpg,large,symmetrical-round,227.0,September 16-30,conspicuous,middle-late,,very good,9/21/2010,nil,M.26,<5-10 variable,"stem, sides",medium,,,dry,average,13.9,7,upright-spreading,medium,15.2,3.2,80.0,13.9,fresh_premium,False,5,4
Royal Empire,,Belchertown,no,MA,very good,tendency,medium,faint,90,solid-blush,very nice other than small size; very small trees on B.9 rootstock,absent,,heavy,good,,18.3,tart-sweet,green-white,medium,2.8,green,red,http://fruit.umext.umass.edu/images/2010apple/royalempire0923.jpg,small-medium,symmetrical-round,154.0,September 16-30,somewhat conspicuous,middle-late,,good,9/23/2010,nil,B.9,0,,,,,dry,somewhat thin,11.8,4.6,spreading,weak-medium,18.3,2.8,90.0,11.8,fresh_premium,False,1,4
Liberty,,Belchertown,no,MA,very good,,medium,yes,95,solid-blush,makes very good cider,absent,,medium-heavy,very good if you like a tart apple,,20,tart mostly,white,medium,3.25,green,dark maroon-red,http://fruit.umext.umass.edu/images/2010apple/liberty0923.jpg,medium-large,somewhat asymmetrical-round,228.0,September 16-30,somewhat conspicuous,middle-late,,good,9/23/2010,few,B.9,0,,,,resistant,not yet,somewhat thick,13.1,3.8 (3-5),upright-spreading,weak-medium,20.0,3.25,95.0,13.1,fresh_premium,False,3,4
Brock,,Bolton,unknown,MA,fair-good,,medium-strong,yes,20,blush,a cross between McIntosh and Golden Delicious I believe...,absent,,medium-heavy,fair-good,,17.7,sweet-tart,green-white,crisp,2.9,green,orange-red,http://fruit.umext.umass.edu/images/2010apple/brock0924.jpg,medium,"mostly symmetrical, somewhat oblong",180.0,September 16-30,conspicuous,middle-late,,fair-good,9/24/2010,some,,5,stem,medium,,,dry,somewhat thick,12.5,4.6 (3.5-6),upright-spreading,medium-strong,17.7,2.9,20.0,12.5,fresh_standard,False,3,4
Shamrock,,Belchertown,unknown,MA,fair (unless you want a green apple),,medium,faint,<5,blush,"some bitter pit/cork spot; sold as a premium apple, but I don’t get it",absent,,medium-heavy,fair at best,,15,bland,green-white,somewhat firm but soft at same time,3.2,green,bronze when present,http://www.flickr.com/photos/jmcextman/5030230107/,medium-large,"somewhat irregular, but mostly round-oblate",217.0,,inconspicuous,middle-late,,fair,9/27/2010,significant,,10 variable,stem,fine-medium,,,dry,average,11.3,5 (4-6),upright-spreading,medium-strong,15.0,3.2,,11.3,juice,False,3,4
Querina TM (Florina cv.),,Brookfield,unknown,MA,fair,,medium,faint,90,solid-blush,a rather ‘hard’ flesh/bite; notable ‘bloom’ on skin,absent,,light,fair-good,,18.4,mostly tart,cream-white,hard,3.15,green-yellow,dull red,http://fruit.umext.umass.edu/images/2010apple/querina0929.jpg,small-large (variable),somewhat asymmetrical-round,216.0,September 16-30,conspicuous,middle-late,,fair-good,9/29/2010,few,,<5,stem,fine-medium,,resistant,dry,average,13.8,6,upright-spreading,medium-strong,18.4,3.15,90.0,13.8,fresh_standard,False,1,4
Crimson Topaz,,Belchertown,no,MA,very good,,medium,faint,75,solid-blush-stripe,ready to harvest,absent,,medium-heavy,very good,,16.2,"tart, complex",cream-yellow,medium melting,3.15,green-yellow,orange-red,http://fruit.umext.umass.edu/images/2010apple/crimsontopaz0929.jpg,medium,regular-round-oblate,217.0,October 1-15,somewhat conspicuous,middle-late,,very good,9/29/2010,nil,M.9,5,stem,fine,,resistant,slightly greasy,somewhat thick,13.2,5.5 (4.5-6.5),upright-spreading,medium,16.2,3.15,75.0,13.2,fresh_premium,False,3,4
Ambrosia,,Belchertown,no,MA,excellent,,medium,faint,70,solid-blush,"some water core, definitely ready to pick",few observed (over-ripe),side,medium,very good,,17.2,sweet-fruity,cream-yellow,medium melting,3.1,yellow,pink-red,http://fruit.umext.umass.edu/images/2010apple/ambrosia0929.jpg,medium-large,symmetrical-somewhat typey,221.0,October 1-15,inconspicuous,middle-late,,good-excellent,9/29/2010,few,M.9,nil,,,,not resistant,dry,somewhat thin,154.1,5.2 (4-6.5),upright,medium,17.2,3.1,70.0,154.1,fresh_premium,True,3,4
Mutsu,,Belchertown,no,MA,very good,,medium,faint,0,,a little on the bland flavor side this year? could be picked soon or now,absent,,medium-heavy,very good,,17.2,sweet,white,crisp melting,3.25,green,yellow,http://www.flickr.com/photos/jmcextman/5044565213/in/photostream/,large,symmetrical - oblong,283.0,October 1-15,inconspicuous,late,,very good,10/2/2010,few,,<5,stem,fine,,,dry,somewhat thick,11.9,4.3,upright-spreading,medium-strong,17.2,3.25,0.0,11.9,fresh_premium,False,5,5
Cameo,,Belchertown,no,MA,fair-excellent,,medium,faint,25-90 variable,blush-stripe,"ready to harvest, heavy crop load, lacking some color",absent,,heavy,very good,,16.8,"mostly sweet, some tart",green-white,crisp melting,3.0,light green,red,http://www.flickr.com/photos/jmcextman/5045176092/in/photostream/,"small-medium-large, variable",symmetrical-typey,203.0,October 1-15,somewhat conspicuous,late,,very good,10/2/2010,nil,B.9,nil,,,,,dry,average-thin,12.3,5.3 (4-7),spreading-upright,medium,16.8,3.0,,12.3,fresh_premium,False,1,5
Gibson Golden Delicious,,Belchertown,no,MA,excellent,,medium,faint,0,,very nice,absent,,medium-heavy,excellent,,15.1,mostly sweet,cream-white,crisp melting,3.1,green-yellow,yellow,http://flic.kr/p/8FPSmh,medium-large,symmetrical-conical-somewhat typey,228.0,October 1-15,somewhat conspicuous,late,,excellent,10/2/2010,few,B.9,5,stem,fine,,,dry,average,13.3,6.5+,upright-spreading,medium-strong,15.1,3.1,0.0,13.3,fresh_premium,False,3,5
CrimsonTopaz,,Belchertown,,MA,very good,,medium,faint,85,stripe-blush,,absent,,medium-heavy,very good,,16.3,tart,cream-yellow,crisp,3.2,green-yellow,orange-red,,medium-large,symmetrical-somewhat oblate,236.0,,somewhat conspicuous,late,,very good,10/5/2010,nil,,<5,stem,fine,,resistant,dry-very slightly greasy,average,13.3,6.5,spreading-upright,medium,16.3,3.2,85.0,13.3,fresh_premium,False,3,5
Desert Rose Fuji,,Belchertown,no,MA,good,,medium,faint,75,blush,"wait one week to pick or spot-pick now by color; quality extremely sensitive to crop load, hard to get right",absent,,medium-heavy,good,,16,sweet,cream-white,medium melting,3.2,green,pink-red,http://fruit.umext.umass.edu/images/2010apple/desertrosefuji1005.jpg,medium-large,symmetrical-round,232.0,October 1-15,conspicuous,late,,good,10/5/2010,nil,,<5 variable,stem,medium,,,dry,average,13.1,6.4,spreading,weak-medium,16.0,3.2,75.0,13.1,fresh_standard,False,3,5
Autumn Rose Fuji,,Belchertown,no,MA,good,,medium,faint,65,blush with hint of stripe,wait one week to pick,absent,,medium-heavy,good,,16.7,sweet,cream-yellow,medium melting,3.1,green-yellow,pink-red,http://fruit.umext.umass.edu/images/2010apple/autumnrosefuji1005.jpg,medium-large,somewhat irregular-oblong,227.0,October 1-15,conspicuous,late,,good,10/5/2010,nil,,nil,,,,,dry,average,14.3,5.9,spreading,weak-medium,16.7,3.1,65.0,14.3,fresh_standard,False,3,5
Stark Little Jewel,,Belchertown,no,MA,very good,,medium,faint,90,solid-blush,"despite low starch index, could probably be picked or wait a week; interesting apple",absent,,medium,very good,,20.1,tart-sweet,cream-white,medium melting,3.1,green,red,http://fruit.umext.umass.edu/images/2010apple/starklittlejewel1005.jpg,medium,somewhat typey-conical,227.0,October 1-15,somewhat conspicuous,late,,very good,10/5/2010,nil,M.26,5-10,stem,fine,,unknown,dry,,13.1,3.9,upright-spreading,medium-strong,20.1,3.1,90.0,13.1,fresh_premium,False,3,5
Brandt Giant Fuji?,,Belchertown,no,MA,fair,,medium,faint,75,solid-blush,"may need to get out of juvenility, otherwise nothing great",absent,,light,fair-good,,17.2,"somewhat bland, sweet",cream-white,medium melting,3.35,green,dull red,,"large, variable","rather asymmetrical, round",261.0,October 1-15,conspicuous,late,,fair,10/5/2010,some,,up tp 25,"all over, net-type",medium,,,dry,average,13.9,5.6 (4-7),upright-spreading,medium-strong,17.2,3.35,75.0,13.9,fresh_standard,False,3,5
Rezista Gold,,Belchertown,no,MA,good,,medium,very faint,15,blush,either bitter pit or stink bud injury observed; I like this apple mostly,absent,,medium,fair-good,,14.8," on the bland side, sweet-tart",white,medium melting,3.3,green,orange-bronze,http://fruit.umext.umass.edu/images/2010apple/rezista-goldstar1005.jpg,medium-large,"mostly symmetrical, oblate",240.0,October 1-15,somewhat conspicuous,late,,fair-good,10/5/2010,nil,M.26,<5,stem,medium,,,dry,average,13.7,6,upright-spreading-drooping,medium-strong,14.8,3.3,15.0,13.7,fresh_standard,False,3,5
Candy Crisp,,Belchertown,no,MA,good,,medium,faint,<5,blush,,absent,,"variable, light to heavy",fair,,15.1,sweet-bland,cream-white,soft-crisp,3.4,green,yellow with touch of red blush,http://fruit.umext.umass.edu/images/2010apple/candycrisp1013.jpg,mostly large,mostly conical-typey,286.0,October 1-15,somewhat conspicuous,late,,fair-good,10/13/2010,few,,generally nil,,,,,dry,average,13,7,upright,medium-strong,15.1,3.4,,13.0,juice,False,3,5
Suncrisp,,Belchertown,no,MA,excellent,,medium,faint,"varies, up to 25%",blush,very nice apple with complex flavor; would make great cider,absent,,medium-heavy,excellent,,16.8,sweet-tart,green-white,medium melting,3.25,green,yellow with orange-red blush,http://fruit.umext.umass.edu/images/2010apple/suncrisp1013.jpg,medium-large,"symmetrical, conical",250.0,October 1-15,somewhat conspicuous,late,,excellent,10/13/2010,few,Bud 9,10,stem,very smooth,,,"dry, unless over-mature",somewhat thin,13.6,6.5,upright-spreading,weak-medium,16.8,3.25,,13.6,fresh_premium,False,3,5
Golden Glory (DS-165),,Belchertown,no,MA,very good,,medium,faint,15,blush,"a nice, blemish-free Golden Delicious; could have been picked 1-2 weeks ago, but still very good quality now; recommended if you can get trees",absent,,medium,very good,,14.8,sweet,cream-yellow,medium melting,3.3,green-yellow,orange-bronze,,medium-large,symmetrical-ovate,236.0,October 1-15,somewhat conspicuous,late,,good-excellent,10/15/2010,some,,5,stem,fine,,,dry,somewhat thin,15.1,7.5,spreading-upright,medium,14.8,3.3,15.0,15.1,fresh_premium,False,3,5
Top Export Fuji,,Pittstown,,NJ,good,,medium,,81,blush-stripe,w/SS of 17.8 most excellent taste this season.,few,calyx,medium-heavy,excellent,,12.4,sweet,cream-yellow,crisp melting,3.37,green-yellow,red,,medium,distinctly typey,245.0,October 16-31,conspicuous,late,,very good,10/18/2010,none,,5,variable,medium,,,not yet,average,17.8,7.4,upright,weak-medium,12.4,3.37,81.0,17.8,fresh_standard,False,3,5
Braeburn,,Pittstown,no,NJ,very good,,weak,no,79,stripe-blush,,few,side,heavy,very good,,14.75,sweet-tart,cream-yellow,crisp,3”,green,red,,large,somewhat irregular,218.0,October 16-31,somewhat conspicuous,late,,good-excellent,10/19/2010,few,,1,lenticels,fine,,,not yet,somewhat thick,14.2,7.4,spreading-drooping,weak,14.75,,79.0,14.2,fresh_premium,False,5,5
Stayman,,Pittstown,,NJ,good,,,,95,solid-blush,some water core. SI range 2-8.,few,calyx,medium,fair,,15.32,tart,cream-yellow,crisp,3.48,green,dark red,,medium-large,distinctly typey,300.0,October 16-31,conspicuous,late,,good,10/18/2010,some,,0,,,,,not yet,thick,15.0,5.6,,,15.32,3.48,95.0,15.0,fresh_standard,False,3,5
Crimson Topaz,,Pittstown,,NJ,very good,,medium,,83.5,blush-stripe,Attractive large crimson fruit. Slight watercore. Picked a bit late.,few,calyx,medium,good,,12.0,tart-sweet,cream-yellow,medium melting,3.48,green,orange-red,,medium-large,distinctly typey,272.0,October 16-31,somewhat conspicuous,late,,very good,10/18/2010,none,,2,calyx,medium,,,slightly greasy,somewhat thick,13.7,8.0,upright-spreading,medium,12.0,3.48,83.5,13.7,fresh_premium,False,3,5
"Kumeu Crimson, Braeburn",,Pittstown,,NJ,good,,medium,no,90,blush,Some stink bug damage..Very attractive otherwise.,few,calyx,medium-heavy,good,,14.28,tart-sweet,cream-yellow,crisp,3.3,green,orange-red,,medium-large,globose,266.0,October 16-31,conspicuous,late,,very good,10/18/2010,,,10,all over,coarse,,,not yet,average,14.0,7.0,,medium,14.28,3.3,90.0,14.0,fresh_standard,False,3,5
Querina,,Pittstown,,NJ,very good,,medium,,99,blush,"Slight water core picked late, maybe as far past as two weeks.",absent,,medium,good,,12.2,sweet,cream-yellow,medium melting,3.28,yellow,dark red,,medium-large,globose,237.0,October 16-31,conspicuous,late,,very good,10/18/2010,none,,0,,,,,slightly greasy,somewhat thick,13.1,8.0,spreading,medium,12.2,3.28,99.0,13.1,fresh_premium,False,3,5
Granny Smith,,Pittstown,,NJ,very good,,medium-strong,no,0,solid,Still early to harvest. Fruit from SuperSlenderSpindle block. Variety not conducive to this growing system.,absent,,light,fair-good,,13.7,tart,white,crisp,3.44,green,green,,large,globose,272.0,October 16-31,conspicuous,late,,good,10/18/2010,some,,2,calyx,coarse,,,not yet,somewhat thick,13.4,4.3,upright,strong,13.7,3.44,0.0,13.4,fresh_premium,False,5,5
Joburn Braeburn,,Belchertown,no,MA,very good,,medium,faint,80,solid-blush with hint of stripe,"some sunburn issues, otherwise very high-quality fruit right now",absent,,heavy,excellent,,18.2,sweet-tart,white,medium melting,2.9,green-yellow,red,http://www.flickr.com/photos/jmcextman/5124329683/in/photostream/,medium,cylindrical-ovoid,206.0,October 16-31,conspicuous,late,,excellent,10/28/2010,nil,B9,0,,,,,slightly greasy,somewhat thin,12.4,6.5,upright-spreading,weak-medium,18.2,2.9,80.0,12.4,fresh_premium,False,3,5
Goldrush,,Belchertown,no,MA,good,,medium-prolific,faint,10 variable,blush,,absent,,heavy,"good, different",,20,tart-sweet with acid,cream-white,medium-hard melting,3.0,green-yellow,bronze,http://www.flickr.com/photos/jmcextman/5124943022/,"small-large, variable",ovoid,206.0,November 1-15,somewhat conspicuous,very late,,good,10/28/2010,nil,M9,"5, variable","variable, sides, net-like",fine,,resistant,dry,somewhat thick,13.8,6,upright-spreading,medium,20.0,3.0,,13.8,fresh_standard,False,1,3
Suncrisp,,Pittstown,full rate,NJ,good,,medium-strong,,1%,solid-blush,a favorite here at the Snyder farm. This years crop slightly light. Some stink bug damage.Fruit flavors develop after storage. Yummm,few,calyx,medium,excellent,,11.8,sweet-tart,cream-yellow,crisp melting,3.6,yellow,slight blush on some,,medium-large,conic,298.0,November 1-15,conspicuous,late,,good,11/3/2010,some,,8%,stem,fine,,,not yet,average,16.9,7.25,upright-spreading,strong,11.8,3.6,,16.9,fresh_standard,False,3,5
Eve Braeburn,,Pittstown,,NJ,good,,medium,no,95,stripe-blush,"Young trees exhibit late stink bug damage, tasty apple.",few,stem,medium,good,,14.1,sweet-tart,cream-yellow,crisp melting,3.25,green,bronze,,medium,conic,247.0,October 16-31,conspicuous,middle,,good,10/22/2010,none,M26,2,stem,fine,,,slightly greasy,average,13.3,7.1,spreading-upright,medium,14.1,3.25,95.0,13.3,fresh_standard,False,3,3
NY 428,,Pittstown,no,NJ,good,,strong,no,94%,blush-stripe,Nice tart apple.One of four trees here.Trees w/upright pyramidal habit.,few,stem,light,good,,11.1,tart,green-white,crisp melting,3.44,green,dark red,,medium,globose,242.0,September 1-15,somewhat conspicuous,middle,,very good,9/15/2010,few,,10%,calyx,medium,,,not yet,average,14.2,7.75,upright,strong,11.1,3.44,,14.2,fresh_standard,False,3,3
Dandee Red McIntosh,,Pittstown,unknown,NJ,good,,medium-strong,yes,50,blush,"Did this testing much too late..Unfair for flavor test, samples from July..",absent,,medium-heavy,poor,,8.3,tart-sweet,cream-white,soft,3.1,green,red,,small-medium,obloid,175.0,July 16-31,conspicuous,early,,poor,7/30/2010,none,M26,0,,,,,not yet,average,10.1,8,spreading-upright,medium,8.3,3.1,50.0,10.1,juice,False,1,1
NJ83,,Hackettstown,full rate,NJ,very good,,,no,45,stripe-blush,"Again apple harvested in August, sampled in November. Unfair to attractive apple, unsure of what flavor to be..",absent,,,fair,,9.6,fruity,white,soft,3.3,green,red,,small-medium,globose,197.0,August 1-15,inconspicuous,,,good,8/15/2010,,M111,0,,,,,not yet,average,12.0,8,,,9.6,3.3,45.0,12.0,fresh_premium,False,1,3
Linda Mac,,Pittstown,,NJ,good,,strong,no,80,blush,Attractive fruit. Latesampling of fruit picked in August..,absent,,heavy,good,,7.5,tart-sweet,white,crisp melting,3,green,red,,small-medium,globose,165.0,,somewhat conspicuous,early,,good,8/30/2010,few,,1,calyx,medium,,,not yet,average,11.7,8,upright,strong,7.5,3.0,80.0,11.7,fresh_standard,False,1,1
Redfree,,Pittstown,,NJ,good,,medium-strong,faint,66,blush-stripe,Latetesting of July harvested apple..,,,medium,fair,,8.6,sweet-tart,cream-white,soft,3.1,green,red,,medium,globose,195.3,,inconspicuous,early,,good,7/30/2010,few,EMLA26,0,,,,,not yet,average,12.0,8,upright,medium-strong,8.6,3.1,66.0,12.0,juice,False,3,1
Golden Supreme,,Pittstown,no,NJ,good,,strong,faint,0,solid,.late sampling of earlier apple,absent,,light-medium,good,,9.1,fruity,cream-white,medium melting,3.2,yellow,yellow,,medium-large,conic,218.0,August 16-31,conspicuous,early-middle,,good,8/23/2010,few,,0,,,,,not yet,average,12.0,8,upright,strong,9.1,3.2,0.0,12.0,fresh_standard,False,3,2
Gold Rush,,Pittstown,,NJ,fair-good,yes,weak,faint,0,solid,This comes from a wet location in our SSS planting. Wet feet have hampered trees/fruit.,absent,,medium,very good,,15.73,fruity,cream-yellow,crisp,2.78,yellow,pink-red,,small,conic,175.0,November 1-15,somewhat conspicuous,late,,fair-good,11/5/2010,few,,5,stem,medium,,,not yet,somewhat thick,16.6,8,spreading,medium,15.73,2.78,0.0,16.6,fresh_standard,False,1,5
Ambrosia,,Pittstown,,NJ,excellent,,medium-strong,faint,"~5, color is pink",blush,"Not as red in color this year, still a very tasty apple.",absent,,light,very good,,14.5,sweet,cream-yellow,crisp melting,3.125,yellow,pink,,small-medium,ovoid,223.0,September 16-30,somewhat conspicuous,early-middle,,very good,9/22/2010,few,,0,,,,,not yet,average,14.0,7.5,upright-spreading,medium-strong,14.5,3.125,,14.0,fresh_premium,True,1,2
Stark Little Jewel,,Pittstown,,NJ,excellent,,strong,faint,95,blush,"Four young trees from Stark Bros. Very promising late variety. As SI at testing is 8, should be picked 10-12 days earlier.",absent,,medium-heavy,excellent,,17.225,tart-sweet,cream-yellow,crisp,3.0,green-yellow,dark red,,medium,ovoid,213.5,November 1-15,conspicuous,late,,excellent,11/16/2010,few,M26,8,stem,medium,,,not yet,somewhat thick,16.6,8.0,spreading-upright,strong,17.225,3.0,95.0,16.6,fresh_premium,False,3,5
Sali Red Delicious,,Pittstown,,NJ,very good,,medium-strong,no,98,blush,Very tasty for RD. Tasting after stored near two months.,absent,,medium-heavy,very good,,12.4,sweet,cream-white,crisp melting,3.3,green-yellow,dark red,,medium,conic,239.7,September 16-30,conspicuous,middle,,very good,9/21/2010,some,M7,0,,,,,not yet,somewhat thick,13.1,8.0,spreading-drooping,medium-strong,12.4,3.3,98.0,13.1,fresh_premium,False,3,3
Ace Spur Red Delicious,,Pittstown,,NJ,very good,,medium-strong,faint,99,solid-stripe,This apple tested today 11/17in storage near two months.,absent,,medium-heavy,fair,,12.6,sweet-bland,cream-white,medium melting,3.1,green-yellow,dark red,,small-medium,conic,200.0,September 16-30,conspicuous,early,,very good,9/21/2010,some,,0,,,,,not yet,somewhat thick,12.4,8.0,upright-spreading,medium-strong,12.6,3.1,99.0,12.4,fresh_premium,False,1,1
Super Chief Red Delicious,,Pittstown,,NJ,very good,,medium-strong,yes,99,blush-stripe,An attractive RD tested after storage 60+ days.,absent,,medium-heavy,good,,13.1,sweet,cream-yellow,crisp melting,3.125,green-yellow,dark red,,medium,"some conic, some irreg ovoid",215.5,September 16-30,conspicuous,early,,very good,9/21/2010,few,,0,,,,,not yet,somewhat thick,14.5,7.2,upright-spreading,medium-strong,13.1,3.125,99.0,14.5,fresh_premium,False,3,1
Oregon Spur Red Delicious,,Pittstown,,NJ,good,,medium-strong,no,80,stripe-blush,"Decent RD, tested 60+days in storage.",absent,,medium-heavy,fair,,12.5,sweet-bland,cream-yellow,crisp melting,3.2,green-yellow,red,,medium,conic/some irreg ovoid,226.0,September 16-30,conspicuous,middle,,good,9/21/2010,some,M26,0,,,,,not yet,somewhat thick,11.8,8,upright-spreading,medium-strong,12.5,3.2,80.0,11.8,fresh_standard,False,3,3
Scarlet Spur Red Delicious,,Pittstown,,NJ,very good,,medium,no,99,solid,Attractve RD in storage 60+ days.,absent,,medium,good,,12.2,sweet,cream-yellow,crisp melting,3.1,green,dark red,,medium,cylindrical waisted ‘typey’/some irreg,227.5,September 16-30,conspicuous,middle,,very good,9/21/2010,few,,0,,,,,not yet,somewhat thick,12.7,8,upright-spreading,medium,12.2,3.1,99.0,12.7,fresh_premium,False,3,3
Silken,,Pittstown,no,NJ,very good,,medium-strong,no,0,blush,An attractive clear yellow apple. In storage near 60 days attime of testing.,absent,,medium,very good,,9.1,sweet,white,crisp melting,3,green,clear yellow,,small-medium,conic,171.0,,somewhat conspicuous,middle,,very good,9/30/2010,some,,5,stem,medium,,,not yet,somewhat thin,12.4,8,upright-spreading,medium-strong,9.1,3.0,0.0,12.4,fresh_premium,False,1,3
Daybreak Fuji,,Pittstown,,NJ,very good,,medium-strong,faint,98,blush,Attractive early Fuji variety. Stored 9/7 tested 11/24,absent,,medium,good,,11.5,delicate fruity,cream-yellow,crisp melting,3.3,green,pink-red,,medium-large,globose/ovoid,249.0,September 1-15,conspicuous,middle,,very good,9/7/2010,few,,5,all over,fine,,,not yet,average,14.2,8,upright,medium-strong,11.5,3.3,98.0,14.2,fresh_premium,False,3,3
Morning Mist Fuji,,Pittstown,,NJ,very good,,medium,faint,99,blush,Another attractive early Fuji variety. Very pretty apple.,absent,,medium,very good,,11.1,delicate fruity,cream-yellow,medium melting,3.3,green-yellow,pink-red,,medium-large,globose,242.0,September 1-15,conspicuous,early-middle,,very good,9/7/2010,few,B9,0,,,,,not yet,average,13.2,8,upright-spreading,medium,11.1,3.3,99.0,13.2,fresh_premium,False,3,2
Rising Sun Fuji,,Pittstown,,NJ,very good,,medium-strong,faint,98,blush,An attractive flavorful early Fuji,absent,,medium,very good,,11.3,delicate fruity,cream-yellow,crisp melting,3.3,green-yellow,pink-red,,medium-large,globose,236.0,September 1-15,conspicuous,early-middle,,very good,9/7/2010,few,B9,0,,,,,not yet,average,13.5,8,upright-spreading,medium-strong,11.3,3.3,98.0,13.5,fresh_premium,False,3,2
September Wonder Fuji,,Pittstown,,NJ,very good,,medium-strong,faint,98,blush,An attractive tasty early Fuji. Stored 9/7 tested 11/24/10,absent,,medium,very good,,11.5,delicate fruity,cream-yellow,medium melting,3.2,green-yellow,pink-red,,medium-large,globose,221.3,September 1-15,conspicuous,early-middle,,very good,9/7/2010,few,B9,3,body,fine,,,not yet,average,13.9,8,upright-spreading,medium-strong,11.5,3.2,98.0,13.9,fresh_premium,False,3,2
Dandeered,,Pittstown,no,NJ,good,,medium,faint,80,blush,harvested a few days past optimum maturity,absent,,light,fair,,13.38,"tart, watery",cream-white,crisp,,green,red,,gargantuan,oblate,,August 1-15,inconspicuous,,,good,8/15/2011,a lot,,0,,,,,greasy,average,12.5,7.5,drooping,medium,13.38,,80.0,12.5,fresh_standard,False,3,3
Redfree,,Pittstown,,NJ,good,,medium-strong,,60,stripe-blush,,,,medium-heavy,,,13.4,sweet-tart,,crisp melting,,white-green,red,,,,,,,early,,,8/2/2011,few,,,,,,,,,11.9,6.85,spreading-upright,medium-strong,13.4,,60.0,11.9,fresh_standard,False,3,1
Pristine,,Pittstown,,NJ,fair,,,,0,solid,,,,,,,11.17,sweet,,,,white-yellow,yellow,,,,,,inconspicuous,,,,7/26/2011,,,,,,,,,,14.9,7.2,,,11.17,,0.0,14.9,fresh_standard,False,3,3
Paulared,,Belchertown,no,MA,fair,,medium,faint,75,blush,some water core; tart,absent,,medium-heavy,fair,susceptible,15.1,tart,green-white,soft,3.1,green,red,http://fruit.umext.umass.edu/2011apple/paulared0819.jpg,medium-large,globose,184.0,August 16-31,inconspicuous,early,mildew-susceptible,fair-good,8/19/2011,some,,nil,,,,susceptible,dry,average,11,3.5 (2-5),spreading-drooping,medium-strong,15.1,3.1,75.0,11.0,juice,False,3,1
Dandeered,,Belchertown,,MA,excellent,,weak,faint,95,solid,"a  little earlier and superior to Paulared; uniform maturity and color, one pick",absent,,medium-heavy,very good,,14.1,sweet-tart,green-white,medium,3.25,green,dark red,http://fruit.umext.umass.edu/2011apple/dandeered0819.jpg,large,globose,200.0,,inconspicuous,early,,good-excellent,8/19/2011,few,M.9,nil,,,,,dry,average,10.8,3.25,spreading-drooping,medium,14.1,3.25,95.0,10.8,fresh_premium,False,5,1
Sansa,,Belchertown,,MA,good,,medium,faint,50,blush-stripe,seems to be a bit off-flavor this year?,absent,,medium-heavy,very good,,14.8,sweet,cream-yellow,medium melting,2.95,green-yellow,orange-red,http://fruit.umext.umass.edu/2011apple/sansa0819.jpg,medium,conic,179.0,,somewhat conspicuous,early,,good,8/19/2011,nil,,nil,,,,,slightly greasy,somewhat thin,11.4,4.5 (4-6),spreading,weak-medium,14.8,2.95,50.0,11.4,fresh_standard,False,3,1
Zestar!,,Belchertown,no,MA,good,,medium,yes,60,solid-blush,,absent,,medium-heavy,fair,,13.47,sweet-tart,cream-yellow,medium melting,3.2,green-yellow,pink-red,http://fruit.umext.umass.edu/2011apple/zestarapple0826.jpg,medium-large,somewhat globose,204.0,August 16-31,somewhat conspicuous,early,,fair-good,8/26/2011,few,,<5,stem,medium,,susceptible,dry,average,13.5,5.4,upright-spreading,medium,13.47,3.2,60.0,13.5,fresh_standard,False,3,1
Ginger Gold,,Belchertown,no,MA,excellent,,medium-strong,faint,10,blush,"Does not starch test well, nice and yellow with red cheek, ready to pick for sure",absent,,medium-heavy,very good,susceptible,18.2,sweet,white,medium melting,3.35,green-yellow,orange-red,http://fruit.umext.umass.edu/2011apple/gingergoldapple0826.jpg,large,conic,253.0,August 16-31,inconspicuous,early,,good-excellent,8/26/2011,some,,<5,stem,fine,,,dry,somewhat thin,11.5,2.5,spreading-upright,medium-strong,18.2,3.35,10.0,11.5,fresh_premium,False,5,1
Minneiska,,Belchertown,,MA,fair,,medium,faint,60,solid-blush,pineapple-like flavor; pick next week,absent,,medium,excellent,,15.4,tart-sweet,cream-yellow,crisp melting,3.2,green-yellow,orange-red,http://fruit.umext.umass.edu/2011apple/minneiskaapple.jpg,medium-large,conic,236.0,,conspicuous,early-middle,,good-excellent,8/26/2011,few,M.9,",10",variable,medium,,,dry,average,11.8,4.6,spreading-drooping,medium,15.4,3.2,60.0,11.8,fresh_standard,False,3,2
Silken,,Belchertown,no,MA,excellent,,medium,faint,,,bruises easily; not ready for pick for one week still,absent,,medium-heavy,very good,,16.1,tart-sweet,white,fine melting,3.0,green-yellow,absent,http://fruit.umext.umass.edu/2011apple/silken0829.jpg,medium-large,cylindrical waisted ‘typey’,200.0,September 1-15,somewhat conspicuous,early-middle,,good-excellent,8/29/2011,nil,M.9,<5,stem,fine,,susceptible,dry,somewhat thin,11.2,3.5,spreading,medium,16.1,3.0,,11.2,fresh_premium,False,3,2
Rubymac,,Belchertown,no,MA,excellent,,medium,faint,95,solid-blush,wait one week to pick,absent,,medium-heavy,fair-good,,16.2,very tart,green-white,soft,3.0,green,dark red,http://fruit.umext.umass.edu/2011apple/rubymac0829.jpg,medium,globose,174.0,September 1-15,inconspicuous,early-middle,,very good,8/29/2011,nil,M.9,<5,side-net,fine,,susceptible,dry,average,10.4,3,upright-spreading,medium,16.2,3.0,95.0,10.4,fresh_premium,False,3,2
Lindamac,,Belchertown,no,MA,good,,medium,faint,60,stripe-blush,do not pick until one more week has passed,absent,,very heavy,good,,16.5,very tart,green-white,soft,2.95,green,red,http://fruit.umext.umass.edu/2011apple/lindamac0829.jpg,medium,globose,163.0,September 1-15,inconspicuous,middle,,good,8/29/2011,few,M.9,0,,,,susceptible,dry,average,10,3.5,upright-spreading,medium,16.5,2.95,60.0,10.0,juice,False,3,3
Honeycrisp,,Westfield,unknown,MA,very good,,medium,faint,65,stripe-blush,definitely ready for 1st-pick by color,absent,,medium,excellent,,17,tart-sweet,cream-yellow,crisp melting,3.3,green-yellow,orange-red,http://fruit.umext.umass.edu/2011apple/hcrwestfield090211.jpg,medium,ovoid,255.0,September 1-15,somewhat conspicuous,early-middle,,good-excellent,9/2/2011,nil,M.9`,,,,,,dry,somewhat thin,13,6(3.5-7.5),spreading,medium,17.0,3.3,65.0,13.0,fresh_premium,True,3,2
Honeycrisp,,Belchertown,no,MA,fair-good,,medium,faint,45,stripe-blush,not nearly as nice as the Westfiled Honeycrisp picked same day; surprised at lack of starch; need to 1st pick on color for sure; one with moldy core,absent,,medium-heavy,fair-good,,15,fruity,cream-yellow,medium melting,3.2,green,orange-red,http://fruit.umext.umass.edu/2011apple/hcrcsorec090211.jpg,medium-large,conic,238.0,,somewhat conspicuous,early-middle,,fair-good,9/2/2011,few,b.9,<5,stem,fine,,,dry,somewhat thin,10.8,6.55 (3.5-8),spreading,medium,15.0,3.2,45.0,10.8,fresh_standard,True,3,2
Lindamac,,Westfield,unknown,MA,excellent,,medium-strong,yes,,solid-blush,not ready to pick yet despite color,absent,,medium,fair-good,,14.7,very tart,green-white,crisp,3.1,green,red,http://fruit.umext.umass.edu/2011apple/lindamacwestfield090211.jpg,medium,globose,175.0,September 1-15,somewhat conspicuous,middle,,good,9/2/2011,few,M.9,0,,,,very susceptible,dry,average,12,3.9,upright-spreading,medium,14.7,3.1,,12.0,fresh_premium,False,3,3
Gale Gala,,Westfield,unknown,MA,fair-good,,medium,faint,95,solid-blush,"not the best Gala for sure, somewhat appearance of scarf-skin, small fruit size, some russet",absent,,medium,fair-good,,23,sweet,cream-white,hard melting,2.8,green-yellow,orange-red,http://fruit.umext.umass.edu/2011apple/galegalawestfield090211.jpg,small-medium,conic,157.0,September 1-15,conspicuous,middle,,fair-good,9/2/2011,none,M.9,5,stem mostly,fine,,,dry,average,13,3.5 (3-5),spreading,medium,23.0,2.8,95.0,13.0,fresh_standard,False,1,3
Daybreak Fuji,,Northboro,full rate,MA,good,tendency,medium,faint,60,solid-blush,"not ready to pick, wait for sugar to come up (give it until next week)",absent,,medium,fair-good,,14.5,tart-sweet,cream-white,fine melting,3.1,light green,dull red,http://fruit.umext.umass.edu/2011apple/dbfuji090711.jpg,medium-large,somewhat conic,208.0,September 16-30,somewhat conspicuous,middle,,fair-good,9/7/2011,none,M.9,0,,,,,dry,average,10.8,4.6 (3-8),spreading,medium,14.5,3.1,60.0,10.8,fresh_standard,False,3,3
Blondee,,Belchertown,no,MA,good,tendency,medium,faint,<5,blush,perfect matuity (tree ripe),very few,stem,light-medium,very good,,16.2,sweet,cream-yellow,fine melting,3.1,green-yellow,absent-hint of orange,http://fruit.umext.umass.edu/2011apple/blondeefruit090811.jpg,medium,somewhat conic,215.0,September 1-15,conspicuous,early-middle,,very good,9/8/2011,some,M.9,5-10,all over,fine,,susceptible,slightly greasy,somewhat thin,12.1,6 (5-7),upright-spreading,medium,16.2,3.1,,12.1,fresh_standard,False,3,2
Buckeye Gala,,Belchertown,no,MA,very good,tendency,medium,faint,nearly 100,solid-stripe,ready to pick for sure,absent right now,,medium-heavy,good,,14.2,sweet,cream-yellow,fine melting,3.0,cream yellow,dark red,http://fruit.umext.umass.edu/2011apple/buckeyegalalfruit090811.jpg,medium,conic,208.0,September 1-15,somewhat conspicuous,middle,,good,9/8/2011,nil,various,<5,stem,fine,,,slightly greasy,average,11.3,6.5,upright-spreading,medium,14.2,3.0,,11.3,fresh_premium,False,3,3
Cherry Gala (Brandt),,Belchertown,no,MA,very good (when no russet),,medium,faint,95,solid-blush,some russet; no that much different from Buckeye?; does seem to be large,absent,,light-medium,fair-good,,16.1,very sweet,white,fine melting,3.1,cream yellow,dark bright red,http://fruit.umext.umass.edu/2011apple/cherrygalafruit090811.jpg,medium-large,conic,220.0,September 1-15,somewhat conspicuous,middle,,fair-good,9/8/2011,few,,10-15%,"variable, sides",medium,,,slightly greasy,average,13.6,6.5,upright-spreading,medium-strong,16.1,3.1,95.0,13.6,fresh_premium,False,3,3
Minneiska,,Belchertown,,MA,fair-good,,medium,faint,75,solid-blush,very juicy; just about right to pick,absent right now,,medium-heavy,excellent,,14.8,tart-sweet,cream-yellow,very crisp melting,3.2,green-yellow,orange-red,http://fruit.umext.umass.edu/2011apple/minneiskafruit090811.jpg,medium-large,cylindrical-conic,243.0,,very conspicuous,middle,,good-excellent,9/8/2011,nil,M.9,<5 to 20,"stem, sides",medium-coarse,,,dry,somewhat thin,13.2,5,upright-spreading,medium,14.8,3.2,75.0,13.2,fresh_standard,False,3,3
Stark Ultrared Gala,,Belchertown,,MA,very good,,medium,faint,95,solid-blush-hint stripe,"mediocre Gala cv., although generally attractive",few,stem,light-medium,fair-good,,18,sweet-tart,cream-yellow,very fine melting,2.9,yellow,orange-red,,medium,conic,193.0,,somewhat conspicuous,early-middle,,,9/8/2011,nil,,way <5,"stem, insignificant",,,,dry,average,12.4,5.9,spreading-upright,medium-strong,18.0,2.9,95.0,12.4,fresh_premium,False,3,2
Lindamac,,Belchertown,no,MA,very good,,medium-strong,faint,80,solid-blush with hint of stripe,"some fruit cracking on tree, overcropped, not the best color I have seen",few,all over,medium-heavy,good,,15,tart,green-white,soft-crsip,3.1,green,red,http://fruit.umext.umass.edu/2011apple/lindamacapple091011.jpg,medium,globose,181.0,September 1-15,mostly inconspicuous,middle,,very good,9/10/2011,nil,M.9,nil,,,,susceptible,dry,average,10.2,4.2 (3-5),upright-spreading,medium,15.0,3.1,80.0,10.2,fresh_premium,False,3,3
Buckeye Gala,,Belchertown,,MA,good,,medium-strong,faint,90,solid-stripe,Unsure why soluble solids so low? Heavy crop...?,absent,,medium-heavy,good,susceptible,17.8,sweet,green-white,medium melting,2.9,green-yellow,dark red,http://fruit.umext.umass.edu/2011apple/buckeyegalaapple091111.jpg,medium,conic,179.0,September 1-15,somewhat conspicuous,early-middle,,good,9/11/2011,nil,M.9-337,nil,,,,,slightly greasy,somewhat thick,9.5,7,upright-spreading,medium-strong,17.8,2.9,90.0,9.5,fresh_standard,False,3,2
Honeycrisp,,Belchertown,no,MA,fair-good,yes,medium,faint,55,blush-stripe,one with moldy core; needs to be picked ASAP,absent,,medium-heavy,very good,,15.1,sweet,green-white,crisp melting,3.2,green-yellow,orange-red,http://fruit.umext.umass.edu/2011apple/honeycrisp091411.jpg,medium-large,somewhat conic,239.0,September 1-15,inconspicuous,middle,,very good,9/14/2011,some,B.9,nil,stem,fine,,,dry,average,11.5,7,spreading,medium,15.1,3.2,55.0,11.5,fresh_standard,True,3,3
Crimson Crisp,,Northboro,unknown,MA,excellent,,medium,no,95,solid-blush,thickish skin,absent,,medium-heavy,good,,23.4,tart,cream-white,fine melting,3.0,light green,"dark red, bright",,medium,cylindrical-conic,203.0,September 16-30,inconspicuous,middle,,good,9/15/2011,nil,M.9,nil,calyx,,,resistant,dry,somewhat thick,13.2,4.9,upright-spreading,medium,23.4,3.0,95.0,13.2,fresh_premium,False,3,3
Honeygold,,Northboro,unknown,MA,very good,,medium,faint,"10, minimal",blush,"soft, bruises easily -- pick sooner?",absent,,medium-heavy,fair,,13.7,sweet,white,soft,3.4,green-yellow,bronze-orange,http://fruit.umext.umass.edu/2011apple/honeygoldapple091511.jpg,medium-large,globose,239.0,September 1-15,"somewhat conspicuous, few",middle,,fair-good,9/15/2011,none,m.9,0,,,,,dry,average,12.8,7,upright-spreading,medium-strong,13.7,3.4,,12.8,fresh_premium,False,3,3
Golden Supreme,,Northboro,yes,MA,excellent,,strong,no,"15, variable",blush,unevern maturity; very nice from these trees,absent,,medium,very good,,17.9,tart-sweet,white,medium melting,3.2,green-yellow,pink-red,http://fruit.umext.umass.edu/2011apple/goldensupremeapple091511.jpg,large,distinctly conic,240.0,September 16-30,somewhat conspicuous,middle,,very good,9/15/2011,some,M.9,nil,,,,,dry,average,10.5,3.9 (2-6),upright,strong,17.9,3.2,,10.5,fresh_premium,False,5,3
Elstar,,Northboro,unknown,MA,fair-good,,medium,faint,70,solid-blush hint stripe,"high-quality eating apple, not so attractive (russet), but otherwise we should be growing more",absent,,medium-heavy,very good,,15.6,"sweet, complex",cream-white,"softish, melting",3.15,green-yellow,orange-red,http://fruit.umext.umass.edu/2011apple/elstarapple091511.jpg,medium-large,cylindrical-conic,236.0,September 1-15,somewhat conspicuous,middle,,good-excellent,9/15/2011,nil,M.9,5,"calyx, side, net",medium,,,slightly greasy,average,12.7,6.9,upright-spreading,medium,15.6,3.15,70.0,12.7,juice,False,3,3
Redmax McIntosh,,Belchertown,no,MA,very good,,medium,faint,75,solid-blush-stripe,mites,absent,,medium-heavy,good,somewhat resistant,14.3,sweet-tart,green-white,soft,3,green,red,http://fruit.umext.umass.edu/2011apple/redmax092011apple.jpg,medium,globose,186.0,September 16-30,inconspicuous,middle,,very good for a Mcintosh,9/20/2011,some,B.9,absent,,,resistant,susceptible,dry,average,10.8,6,upright-spreading,medium,14.3,3.0,75.0,10.8,fresh_premium,False,3,3
Golden Supreme,,Belchertown,no,MA,very good,yes,medium,faint,10,blush,"bruises easily, prone to pre-harvest drop",absent,,variable,good,,14.6,sweet,cream-white,medium melting,2.95,green-yellow,orange-pink,,medium-large,conical,198.0,September 16-30,inconspicuous,middle,,good,9/21/2011,not this year,M.9,0,,,,,slightly greasy on more mature fruit,somewhat thin,9,,upright,strong,14.6,2.95,10.0,9.0,fresh_premium,False,3,3
Mollie’s Delicious,,Pittstown,,NJ,good,,,yes,75,blush,,,,light,,,11,sweet,cream-yellow,mealy,3.666,cream-green,red,,large,cylindrical waisted,20.32,,inconspicuous,,,,8/22/2011,,,10-25,all over,coarse,,,,,13,8,,,11.0,3.666,75.0,13.0,fresh_standard,False,5,3
BT1035,,Pittstown,,NJ,good,,upright,no,95,blush,,absent,,light-medium,good,,16.3,"tart, green",white-yellow,crisp,2.94,green-brown,red,,small-medium,,9.21,,inconspicuous,early,,good,8/22/2011,few,,<10%,side-net,coarse,,,slightly greasy,average,11.9,6.13,upright spindle,strong,16.3,2.94,95.0,11.9,fresh_standard,False,1,1
Snappy Mac,,Pittstown,,NJ,good,,strong,,60,solid-blush,very flavorful &tart,,,light,,,15.3,tart-sweet,white,,3.04,green,red,,medium-large,obloid,10.0,,inconspicuous,early,,,8/22/2011,few,,<10,hips,medium,,,slightly greasy,average,12.4,4.67,upright spindle,medium-strong,15.3,3.04,60.0,12.4,fresh_standard,False,3,1
Linda Mac,,Pittstown,,NJ,,,medium,,80,stripe,,,,medium-heavy,,,14.8,starchy-sweet,white-yellow,less crisp,3.1,green,red,,medium-large,,9.92,,inconspicuous,early,,,8/22/2011,some,,0,,,,,,,12.2,4.81,upright,medium-strong,14.8,3.1,80.0,12.2,unknown,False,3,1
"Roger’s Red Mac (Early Fuji Block, E Guard Row)",,Pittstown,,NJ,good,,strong,,40,blush,,,,medium,fair,,15.3,starchy-tart,white,,3.1,green,red,,large,,11.16,,inconspicuous,early,,,8/22/2011,,,0,,,,,,,11.4,4.94,spreading-upright,strong,15.3,3.1,40.0,11.4,fresh_standard,False,5,1
Blondee (Early Fuji),,Pittstown,,NJ,,,medium,,0,,,,,light-medium,,,15,,,,3.3,green-yellow,clear yellow,,large,ovoid,13.82,,conspicuous,early,,,8/22/2011,,,>10,"stem, bottom",coarse,,,,,12.9,8,spreading-upright,medium-strong,15.0,3.3,0.0,12.9,unknown,False,5,1
Blondee M1040 (Row 12),,Pittstown,full rate,NJ,,,medium,,5,blush,,,,medium,good,,18.5,sweet,white,crisp,2.96,yellow-green,yellow,,medium,,11.81,,inconspicuous,early,,,8/22/2011,,,<10,hips,,,,,,10.9,8.08,spreading-upright,medium,18.5,2.96,5.0,10.9,unknown,False,3,1
Ultra Red Gala (Row 3),,Pittstown,,NJ,,,strong,,90,stripe-blush,,,,heavy,,,15.9,"watery,  bland",cream,,2.77,cream-yellow,red,,medium,ovoid,10.1,,conspicuous,early,,,8/22/2011,,,0,,,,,,,10.3,9,upright,strong,15.9,2.77,90.0,10.3,unknown,False,3,1
Stark Galaxy,,Pittstown,,NJ,,,,,72,stripe,,,,,,,15.23,"delicate, sweet",cream,,3,clear-yellow,red,,large,conic,11.69,,conspicuous,,,,8/22/2011,,,0,,,,,,,10.2,9,,,15.23,3.0,72.0,10.2,unknown,False,5,3
Lydia’s Red Gala,,Pittstown,,NJ,excellent,,,,80,blush,vibrant color,,,,,,15.83,"mild-sweet, watery",cream,crunchy,2.88,yellow-green,pink-red,,medium,,10.87,,conspicuous,,,,8/22/2011,,,0,,,,,,,10.8,8.75,,,15.83,2.88,80.0,10.8,fresh_premium,False,3,3
Imperial Gala,,Pittstown,,NJ,excellent,,strong,,65,blush-stripe,,,,,,,15.8,"sweet, tasty",white,,3,cream,red,,large,globose,12.2,,inconspicuous,,,,8/22/2011,,,10,all over,warts,,,,,11.9,6.88,upright,strong,15.8,3.0,65.0,11.9,fresh_premium,False,5,3
Mitchell Gala (Fumigation),,Pittstown,,NJ,excellent,,,,80,stripe-blush,,absent,,,,,16.58,"very sweet, fruity",,,3.04,yellow-cream,red,,large,,13.0,,conspicuous,,,,8/22/2011,,,10,stem,coarse,,,,,14.4,9,,,16.58,3.04,80.0,14.4,fresh_premium,False,5,3
Redmax Mcintosh,,Belchertown,,MA,,,,,"85, last pick",,"very loose on tree, last pick, done",,,,,,14,,,,3.0,,,,,,,,,,,,9/26/2011,"some, loose",,,,,,,,,11.1,6.5,,,14.0,3.0,,11.1,unknown,False,3,3
Redcort Cortland,,Belchertown,no,MA,fair-good,,medium,no,80,solid-stripe-blush,definitely ready to pick despite low SI (not reliable with Cortland),few,side,medium-heavy,good,somewhat susceptible,14.5,tart,white,fine melting,3.3,green,dark red,http://fruit.umext.umass.edu/2011apple/redcort092611apple.jpg,large,globose,224.0,September 16-30,inconspicuous,middle,black rot (fruit mummys),fair-good,9/26/2011,some,M.9-Pajam 2`,<5,stem,medium,,"susceptible, but none observed",dry,average,11.1,4 (2-8),spreading,medium-strong,14.5,3.3,80.0,11.1,fresh_standard,False,5,3
Macoun,,Belchertown,no,MA,good,,medium-strong,faint,65,solid-blush,just ready to pick,absent,,medium,very good,,15.5,sweet-tart,white,crisp melting,2.9,green,red,,medium,`somewhat conic,171.0,September 16-30 (Ocotber 1),slighlty conspicuous,middle-late,,very good,9/28/2011,some,M.9-Nic29,absent,,,,,dry,average,10.7,4,upright,medium-strong,15.5,2.9,65.0,10.7,fresh_standard,False,3,4
Autumn Gala,,Pittstown,,NJ,excellent,,medium,yes,70,stripe-blush,"First time harvest of young trees,",absent,,light,excellent,,21.6,sweet,cream-yellow,crisp,2.96,yellow,red,,small-medium,ovoid,112.0,,inconspicuous,middle,,good,9/19/2011,some,B9,10,stem,fine,,,not yet,thick,15.7,7.8,upright,medium,21.6,2.96,70.0,15.7,fresh_premium,False,1,3
Royal Empire,,Belchertown,no,MA,very good,yes,medium,faint,85,solid-blush-stripe,light crop,absent,,light,good,,17.3,"tart-sweet, fruity",white,medium melting,2.8,light green,red,http://fruit.umext.umass.edu/2011apple/royalempire092911.jpg,small-medium,round,159.0,October 1-15,"small,  mostly inconspicuous",middle-late,,good,9/29/2011,none,b.9,0,,,,,dry,average,12.3,4.3,upright-spreading,weak-medium,17.3,2.8,85.0,12.3,fresh_premium,False,1,4
Rubinstar Jonagold,,Belchertown,,MA,good-best already picked,,medium,very faint,60,solid-blush,,absent,,medium-heavy,very good,,14.8,tart-sweet,cream-white,medium melting,3.2,light green,orange-red,http://fruit.umext.umass.edu/2011apple/rubinstarjonagold092911.jpg,medium-large,somewhat conic,235.0,,somewhat conspicuous,middle-late,,very good,9/29/2011,nil,M.9,<5,stem,medium,,,dry,average,10.7,6.9,upright-spreading,medium-strong,14.8,3.2,60.0,10.7,fresh_standard,False,3,4
McIntosh,,Harvard - Phil’s Apples,,MA,,,,,80,,with Retain,,,,,,13.2,,,,2.9,,,,,,,,,,,,9/30/2011,significant,,,,,,,,,11.3,6.9,,,13.2,2.9,80.0,11.3,unknown,False,3,3
Liberty,,Belchertown,,MA,fair-good,,medium,yes,95, solid-blush (hint stripe),"uneven ripening, could have been  picked a week ago; very good for cider now",,,heavy,fair-good,,16.1,sweet-tart,white,medium melting,3.15,green,red,http://fruit.umext.umass.edu/2011apple/liberty100611apple.jpg,medium-large,globose-round-conic (variable),208.0,,inconspicuous,middle-late,,fair-good,10/6/2011,few,B.9,nil,stem,,,resistant,slightly greasy,average,13.4,6.3 (5-7.5),upright-spreading,weak-medium,16.1,3.15,95.0,13.4,fresh_standard,False,3,4
Gibson Golden Delicious,,Belchertown,no,MA,excellent,,medium,very faint,0,,top-notch Golden Delicious,absent,,medium,very good,,14.4,sweet,cream-yellow,medium melting,3.15,green-yellow,absent,,medium-large,conic,230.0,October 1-15,somewhat conspicuous,late,,very good,10/7/2011,none,B.9,nil,stem,,,,dry,somewhat thin,12.1,6.5,upright-spreading,strong,14.4,3.15,0.0,12.1,fresh_premium,False,3,5
Cameo,,Belchertown,no,MA,good,yes,medium,faint,65,solid-blush-stripe,"one with moldy core, variable fruit size and maturity but should be picked; SS should be higher...",absent,,medium-heavy,good,,15.5,mostly sweet,cream-yellow,medium melting,3.15,light green,dull red,http://fruit.umext.umass.edu/2011apple/cameopapple101111.jpg,medium-large,conic,227.0,October 1-15,somewhat conspicuous,late,,good,10/9/2011,nil,"B.9, M.9, g.16",absent,,,,,dry,somewhat thin,11.5,5.6,upright-spreading,medium-strong,15.5,3.15,65.0,11.5,fresh_standard,False,3,5
Mutsu,,Belchertown,no,MA,very good,tendency,medium,faint,5,stripe,"could wait a week to pick, not at it’s peak yet",absent,,light,very good,,17.5,"tart-sweet, unique",green-white,crisp melting,3.4,green,orange-bronze,http://fruit.umext.umass.edu/2011apple/mutsuapple100911.jpg,large,cylindrical,322.0,October 16-31,inconspicuous,late,blister spot,very good,10/9/2011,none,M.9,<5,stem,medium,,,dry,average-thick,10.9,3.9,upright-spreading,strong,17.5,3.4,5.0,10.9,fresh_premium,False,5,5
Crimson Gold,,Northboro,unknown,MA,good,,medium,no,60,solid-blush,"1st-leaf trees; complex flavor, similar to Topaz",absent,,light,very good,,18.5,sweet-tart,white,crisp melting,2.95,yellow-green,orange-red,http://fruit.umext.umass.edu/2011apple/crimsongoldapple101112.jpg,small-medium,flat-conic,171.0,October 1-15,conspicuous,late,,very good,10/12/2011,none,M.9,5-10,stem,medium,,resistant,dry,average,13.5,5.9,upright-spreading,medium,18.5,2.95,60.0,13.5,fresh_standard,False,1,5
Crimson Topaz,,Belchertown,no,MA,good,no,medium,very faint,75,stripe-blush,definitely ready to pick,absent,,heavy,very good,,16.3,"sweet-tart, complex",cream-yellow,crisp melting,3.25,yellow-green,orange-red,http://fruit.umext.umass.edu/2011apple/crimsontopazapple101112.jpg,medium-large,globose,243.0,October 1-15,somewhat conspicuous,late,,very good,10/12/2011,none,M.9,5-10,stem,medium,,resistant,mostly dry,average,11.6,6.4,upright-spreading,medium,16.3,3.25,75.0,11.6,fresh_standard,False,3,5
Ambrosia,,Belchertown,no,MA,very good,yes,medium,yes,55,solid-blush,"over-cropped, does not help eat quality",absent,,very heavy,good,,15.8,"sweet, fruity",cream-white,medium melting,3.0,green-yellow,pink-red,http://fruit.umext.umass.edu/2011apple/ambrosiafruit101611.jpg,medium,somewhat coniconic,194.0,October 16-31,inconspicuous,middle-late,,good,10/16/2011,none,B.9,0,,,,susceptible,very slightly greasy,somewhat thin,11,7,upright-spreading,weak-medium,15.8,3.0,55.0,11.0,fresh_premium,True,3,4
Suncrisp,,Belchertown,no,MA,excellent,tendency,medium,no,20,blush,"very nice crop this year, requires vigilant thinning for best quality; equal to or better than Honeycrisp off the tree",absent,,medium,excellent,,17.3,tart-sweet-tart,cream-white,crisp melting,3.2,green-yellow,orange-red,http://fruit.umext.umass.edu/2011apple/suncrispapple102111.jpg,large,conic,241.0,October 16-31,inconspicuous,late,susceptible to storage issues,excellent,10/21/2011,none,B.9,nil,,,,,"dry, unless over-ripe",average,13.4,6.9,upright-spreading,medium,17.3,3.2,20.0,13.4,fresh_premium,False,5,5
Autumn Rose Fuji,,Belchertown,no,MA,good,yes,medium,faint,70,blush-stripe,no water core,absent,,variable,good,,16.8,sweet,cream-white,medium melting,2.95,light green,bronze-red,http://fruit.umext.umass.edu/2011apple/autumrosefuji102111.jpg,medium,globose-cylindrical,193.0,October 16-31,conspicuous,late,,good,10/21/2011,none,B.9,<5,variable,fine,,,dry,somewhat thin,12.3,7,upright-spreading,weak-medium,16.8,2.95,70.0,12.3,fresh_standard,False,3,5
Desert Rose Fuji,,Belchertown,no,MA,very good,yes,medium,faint,80,solid-blush,one with water core,absent,,variable,good,,15.1,sweet,white,medium melting,3.0,light green,bronze-red,http://fruit.umext.umass.edu/2011apple/desertrosefuji102111.jpg,medium,cylindrical-globose,201.0,October 16-31,conspicuous,late,,good,10/21/2011,none,B.9,0,,,,,dry,average,11.5,7,upright-spreading,medium,15.1,3.0,80.0,11.5,fresh_premium,False,3,5
Stark Little Jewel,,Belchertown,no,MA,very good,,medium,faint,nearly 100,solid with hint of stripe,"not ‘little’ fruit; pretty impressive for being relatively over-mature, seems to hang well on tree; good eating quality and flavor at this point; some water core",absent,,medium,good,unknow,18.7,"sweet-tart, somewhat acid",cream-yellow,firm melting,3.15,green-yellow,red,http://fruit.umext.umass.edu/2011apple/starklittlejewel102411.jpg,medium-large,conic,233.0,October 16-31,somewhat conspicuous,late,,very good,10/24/2011,nil,M.26,5,stem,fine,somewhat resistant,unknown,slightly greasy,somewhat thick,14.3,7 (6-8),"upright-spreading, spurry",medium-strong,18.7,3.15,,14.3,fresh_premium,False,3,5
Joburn Braeburn,,Belchertown,no,MA,very good,tendency,profuse,very faint,85,solid-blush-stripe,can pick now,absent,,medium-heavy,very good,,19.1,sweet-tart,green-white,fine melting,2.95,light green,medium red,,medium,elliptical-conic,215.0,October 16-31,somewhat conspicuous,late,,very good,10/25/2011,none,B.9,0,,,,,dry,somewhat thin,11.1,5.4,upright-spreading,weak-medium,19.1,2.95,85.0,11.1,fresh_premium,False,3,5
Goldrush,,Belchertown,no,MA,very good,tendency,profuse,faint,10,blush,would make great cider,absent,,light-medium,very good,,22.2,tart,white,firm melting,2.95,green-yellow,bronze-orange,,small-medium,ovoid-conic,200.0,November 1-15,conspicuous,late,,very good,10/28/2011,none,M.9-RN29,0,,,,resistant,dry,average,12,3.6,upright-spreading,weak-medium,22.2,2.95,10.0,12.0,fresh_premium,False,1,5
Jersyeymac,,Belchertown,no,MA,fair-good,no,medium,faint,40,blush with hint of stripe,"uneven matuity, significatn drop already, but lots of leafroller damage",absent,,medium-heavy,fair-good,,14,tart,green-white,soft,3.1,green,red,http://fruit.umext.umass.edu/images/2012apple/jerseymac072312.jpg,medium-large,globose-round,177.0,August 1-15,inconspicuous,early,,fair-good,7/23/2012,significant,,0,,,,,dry,average,11.0,4 (2.5-6),spreading-upright,medium-strong,14.0,3.1,40.0,11.0,juice,False,3,1
Sunrise (8C-27-96),,Belchertown,no,MA,very good,,medium,faint,40,stripe-blush,"one of the best apples at this time; maybe some heat injury to flesh on sun side?; some drop, with over-ripe (moldy core>) apples",absent,,medium-heavy,good,,16.2,sweet-tart,white,fine melting,3.0,light green,orange-red,http://fruit.umext.umass.edu/images/2012apple/sunrise073112.jpg,medium,conic,198.0,August 1-15,inconspicuous,early,,very good,7/31/2012,few,Mark,0,,,,susceptible,dry,average,11.6,4,upright-spreading,medium,16.2,3.0,40.0,11.6,fresh_premium,False,3,1
Zestar!,,Deerfield,,MA,very good,,,faint,60,stripe-blush,about the best Zestar! I have had,absent,,medium-heavy,very good,,14.9,tart-sweet,cream-white,medium melting,3.0,green-yellow,pink-red,,medium,variable,176.0,,somewhat conspicuous,,,very good,8/14/2012,few,,5,stem,,,,dry,average,13.9,4.7 (3-6.5),,,14.9,3.0,60.0,13.9,fresh_premium,False,3,3
Buckeye Gala,,Pittstown,full rate,NJ,very good,,strong,,93,blush-stripe,Retained.,absent,,heavy,very good,,16.3,sweet,white,crisp,2.9,green,red,,small-medium,globose,180.0,,conspicuous,early,,very good,8/13/2012,few,,2,side-net,coarse,,,not yet,average,11.0,3.3,upright,strong,16.3,2.9,93.0,11.0,fresh_premium,False,1,1
Sansa,,Belchertown,no,MA,good,no,medium,faint,50,blush-stripe,These are what was left after full pick; some water core in larger fruit,absent,,medium-heavy,very good,,15,tart-sweet,cream-yellow,medium melting,3.0,green-yellow,orange-red,http://fruit.umext.umass.edu/images/2012apple/sansa081512.jpg,small-medium,conic,188.0,August 16-31,somewhat conspicuous,early,,very good,8/15/2012,nil,M.9,5,stem,medium,,,dry,average,13.4,4.4 (3-6.5),spreading,medium,15.0,3.0,50.0,13.4,fresh_standard,False,1,1
Gingergold,,Belchertown,unknown,MA,very good,,medium,no,0,,does not starch test well; being picked; some moldy core,absent,,medium-heavy,good,,18.1,sweet-tart,green-white,hard melting,3.4,green-yellow,,http://fruit.umext.umass.edu/images/2012apple/gingergold081512.jpg,large,conic,296.0,August 16-31,somewhat conspicuous,early,,very good,8/15/2012,nil,,<5,stem,coarse,,,slightly greasy,average,12,2,upright-spreading,medium-strong,18.1,3.4,0.0,12.0,fresh_premium,False,5,1
Zestar!,,Belchertown,unknown,MA,good,,medium,yes,50,stripe-blush,1 with moldy core,absent,,medium-heavy,good,,13,sweet-tart,white,soft-medium melting,3.3,green-yellow,pink-red,http://fruit.umext.umass.edu/images/2012apple/zestar081512.jpg,medium-large,"elliptical-globose, variable",230.0,August 16-31,somewhat conspicuous,early,,good,8/15/2012,few,M.9,<5,stem,medium,,susceptible,dry,average,12.8,4.5 (2-7),upright-spreading,medium,13.0,3.3,50.0,12.8,juice,False,3,1
Rubymac,,Belchertown,no,MA,very good,no,medium,faint,80,blush,not ready yet,absent,,medium-heavy,fair right now,,18.1,tart,green-white,hard-soft,3.0,green,red,http://fruit.umext.umass.edu/images/2012apple/rubymac081512.jpg,medium,globose,160.0,September 1-15,inconspicuous,middle,,,8/15/2012,not this year,M.9,absent,,,,,dry,average,11,3.5,upright-spreading,weak-medium,18.1,3.0,80.0,11.0,fresh_premium,False,3,3
Paulared,,Belchertown,unknown,MA,fair-good,,medium,faint,65,blush,watercore in larger fruit,absent,,medium,fair-good,,13.4,"mostly tart, a bit sweet",green-white,medium fine crisp,3.5,green,light red,http://fruit.umext.umass.edu/images/2012apple/paulared081512.jpg,medium-large,irregular globose,255.0,August 16-31,conspicuous,early,,fair-good,8/15/2012,some,,nil,stem,,,,dry,somewhat thick,11.7,5,upright-spreading,medium-strong,13.4,3.5,65.0,11.7,fresh_standard,False,3,1
Akane,,Belchertown,I doubt it,MA,good,,medium,faint,75,stripe-blush,"seem soft, don’t eat at all well",absent,,medium-heavy,fair,,16.2,tart-sweet,cream-white,fine melting (soft),3.0,green-yellow,orange-red,http://fruit.umext.umass.edu/images/2012apple/akane081512.jpg,small-medium,globose,176.0,August 16-31,somewhat conspicuous,early-middle,,fair-good,8/15/2012,nil,semi-dwarf,5-10,stem,coarse,,,dry,average,12.9,6.5,upright-spreading,medium,16.2,3.0,75.0,12.9,juice,False,1,2
Rubymac,,Stow,,MA,,,,,60,,with ReTain; very tart,,,,,,17.7,,,,2.95,,,,,,,,,,,,8/15/2012,none,,,,,,,,,9.9,2.5,,,17.7,2.95,60.0,9.9,unknown,False,3,3
Rubymac,,Northboro,no,MA,,,,,70,,2nd-leaf trees; seeds quite white; no ReTain (?); not ready to pick despite good red color,,,light,,,16,,,,3.2,,,http://fruit.umext.umass.edu/images/2012apple/rubymac082112.jpg,,,,,,,,,8/21/2012,none,,,,,,,,,10.3,"3, maybe a bit over, not 4 yet",,,16.0,3.2,70.0,10.3,unknown,False,3,3
Lindamac,,Northboro,full rate,MA,,,,,60,,seeds a bit browner than Rubymac; not ready to pick,,,medium,,,17.5,,,,3.1,,,http://fruit.umext.umass.edu/images/2012apple/lindamac082112.jpg,,,,,,,,,8/21/2012,none,,,,,,,,,10.8,3.5 (barely),,,17.5,3.1,60.0,10.8,unknown,False,3,3
Honeycrisp,,Northboro,,MA,,,,,35,,seeds brown; could be spot-picked on color,,,medium,,,17,,,,3.5,,,http://fruit.umext.umass.edu/images/2012apple/honeycrisp082112tff.jpg,,,,,,,,,8/21/2024,very few,,,,,,,,,12,3.2 (1-8),,,17.0,3.5,35.0,12.0,unknown,True,3,3
Gale Gala,,Northboro,,MA,,,medium,,75,solid-blush hint stripe,seeds white-brown; not ready to pick,absent,,medium-heavy,,,20.3,mild sweet,,,2.85,yellow-green,orange-red,http://fruit.umext.umass.edu/images/2012apple/galegala082112tff.jpg,medium-large,"very conic, almost typey",,,conspicuous,,,,8/21/2012,none,,0,,,,,,,10.4,2.5 (1-5),upright-spreading,medium,20.3,2.85,75.0,10.4,unknown,False,3,3
Lindamac,,Belchertown,,MA,,,,,"70, rather light",,"seeds still mostly white with some brown; not ready to pick yet, but watch when drop commences; no ReTain",,,,,,16,,,,3.2,,,http://fruit.umext.umass.edu/images/2012apple/lindamac082212.jpg,,,,,,,,,8/22/2012,very few,,,,,,,,,9.5,3.8,,,16.0,3.2,,9.5,unknown,False,3,3
Honeycrisp,,Belchertown,,MA,,,,,55,,ready for first pick based on color,,,,,,17,,,,3.25,,,http://fruit.umext.umass.edu/images/2012apple/honeycrisp082212.jpg,,,,,,,,,8/22/2012,few,,,,,,,,,12,6.5 (5-8),,,17.0,3.25,55.0,12.0,unknown,True,3,3
Buckeye Gala,,Belchertown,,MA,,,,,85,,not ready; re-visit in a week; seeds white-brown or non-existent; OBLR damage,,,,,,21,,,,2.85,,,,,,,,,,,,8/22/2012,none,,,,,,,,,10,2,,,21.0,2.85,85.0,10.0,unknown,False,3,3
Minneiska,,Belchertown,no,MA,fair-good,no,medium,faint,70,solid-blush,2 with moldy core; some OBLR; still quite tart but probably ready for pick; could develop more varietal flavor,absent,,medium-heavy,very good,,14.4,sweet-tart,cream-white-yellow,firm melting crisp,3.35,green-yellow,orange-red,http://fruit.umext.umass.edu/images/2012apple/minneiska082212.jpg,medium-large,slightly conic,,August 16-31,very conspicuous,early-middle,,very good,8/22/2012,nil,,<5,stem,fine,,,slighly greasy,average,12.7,4.3,upright-spreading,medium-strong,14.4,3.35,70.0,12.7,fresh_standard,False,3,2
Minneiska,,Belchertown,,MA,,,,,75,,2 with watercore,,,,,,13.9,,,,3.4,,,http://fruit.umext.umass.edu/images/2012apple/minneiska082812.jpg,,,,,,,,,8/28/2012,nil,,,,,,,,,12.9,4.4 (4-7),,,13.9,3.4,75.0,12.9,unknown,False,3,3
Lindamac,,Belchertown,,MA,,,,,75,,,,,,,,15.5,,,,3.2,,,http://fruit.umext.umass.edu/images/2012apple/lindamac082212.jpg,,,,,,,,,8/28/2012,nil,,,,,,,,,10.7,4,,,15.5,3.2,75.0,10.7,unknown,False,3,3
Honeycrisp,,Belchertown,,MA,,,,,60,,,,,,,,13.5,,,,3.3,,,http://fruit.umext.umass.edu/images/2012apple/honeycrisp082812.jpg,,,,,,,,,8/28/2012,some,,,,,,,,,11.6,7.5,,,13.5,3.3,60.0,11.6,unknown,True,3,3
Buckeye Gala,,Belchertown,,MA,,,,,90,,,,,,,,18.8,,,,3.0,,,http://fruit.umext.umass.edu/images/2012apple/buckeyegala082812.jpg,,,,,,,,,8/28/2012,none,,,,,,,,,11.4,3.8 (2-7),,,18.8,3.0,90.0,11.4,unknown,False,3,3
Blondee,,Belchertown,no,MA,very good,,medium,faint,10,blush,"just about right, needs good fruit thinning for best quality",absent,,medium,good,,18.3,"tart-sweet, fruity",cream-yellow,medium-hard melting,3.1,green-yellow,yellow-orange,http://fruit.umext.umass.edu/images/2012apple/blondee082812.jpg,medium,conic,234.0,September 1-15,somewhat conspicuous,early-middle,,good,8/28/2012,none,,5,calyx and stem,,,,slightly greasy,average,13.2,4.2 (2-6),spreading,medium,18.3,3.1,10.0,13.2,fresh_premium,False,3,2
Silken,,Belchertown,yes,MA,,,,,,,"flavor is good, I believe these were treated with ReTain",,,medium,,,17.5,,,,2.9,,,http://fruit.umext.umass.edu/images/2012apple/silken083112.jpg,,,177.0,,,,,,8/31/2012,few,M.9,5-10,stem,medium,,,,,12.9,3.6,,,17.5,2.9,,12.9,unknown,False,3,3
Snappy Mac,,Belchertown,,MA,,,,,75,,,,,,,,14.9,,,,3.2,,,http://fruit.umext.umass.edu/images/2012apple/snappymac083112.jpg,,,194.0,,,,,,8/31/2012,some,M.26,,,,,,,,11.6,4,,,14.9,3.2,75.0,11.6,unknown,False,3,3
Lindamac,,Belchertown,,MA,,,,,70,,,,,,,,14,,,,3.4,,,http://fruit.umext.umass.edu/images/2012apple/lindamac090412.jpg,,,226.0,,,,,,9/4/2012,few,,,,,,,,,11.2,4.2 (3.5-6),,,14.0,3.4,70.0,11.2,unknown,False,3,3
Buckeye Gala,,Belchertown,,MA,,,,,95+,,,,,,,,17.3,,,,3.0,,,http://fruit.umext.umass.edu/images/2012apple/buckeyegala090412.jpg,,,220.0,,,,,,9/4/2012,nil,,,,,,,,,11.8,4.4 (3-7),,,17.3,3.0,,11.8,unknown,False,3,3
Honeycrisp,,Belchertown,,MA,,,,,50 (barely),,,,,,,,14.6,,,,3.25,,,http://fruit.umext.umass.edu/images/2012apple/honeycrisp090412.jpg,,,238.0,,,,,,9/4/2012,some-significant,,,,,,,,,12.6,6 (4-7),,,14.6,3.25,,12.6,unknown,True,3,3
Blondee,,Belchertown,,MA,,,,,,,,,,,,,17,,,,3.1,,,http://fruit.umext.umass.edu/images/2012apple/blondee090412.jpg,,,216.0,,,,,,9/4/2012,nil,,,,,,,,,12.4,6,,,17.0,3.1,,12.4,unknown,False,3,3
Crimson Gold,,Northboro,no,MA,good,,medium,faint,35,solid-blush,not quite ready? need another week,absent,,medium,good,,19,sweet,white,"fine-texture,  melting",3.3,green-yellow,bright red,http://fruit.umext.umass.edu/images/2012apple/crimsongold091312.jpg,medium-large,"globose-conic, variable",233.0,September 16-30,somewhat conspicuous,middle-late,,good,9/13/2012,none,M.9,5-10,stem,coarse,,resistant?,dry,somewhat thick,13.5,3,upright,medium,19.0,3.3,35.0,13.5,fresh_standard,False,3,4
September Wonder Fuji,,Belchertown,,MA,,,,,65,,nice despite heavy crop,,,,,,13,,,,3.2,,,http://fruit.umext.umass.edu/images/2012apple/septemberwonderfuji091412.jpg,,,,,,,,,9/14/2012,nil,,,,,,,,,12,6-7-8,,,13.0,3.2,65.0,12.0,unknown,False,3,3
Rogers McIntosh,,Belchertown,,MA,,,,,90,,,,,,,,12.4,,,,3.4,,,http://fruit.umext.umass.edu/images/2012apple/rogersmac091712.jpg,,,,,,,,,9/17/2012,some,,,,,,,,,12.4,5.9,,,12.4,3.4,90.0,12.4,unknown,False,3,3
Royal Cortland,,Belchertown,,MA,,,,,90,,does not starch test well,,,,,,15.3,,,,3.5,,,http://fruit.umext.umass.edu/images/2012apple/royalcort091712.jpg,,,,,,,,,9/17/2012,few,,,,,,,,,13.2,2-3,,,15.3,3.5,90.0,13.2,unknown,False,3,3
Rubinstar Jonagold,,Belchertown,,MA,,,,,80,,,,,,,,15.1,,,,3.6,,,http://fruit.umext.umass.edu/images/2012apple/rubinstarjonagold091712.jpg,,,,,,,,,9/17/2012,some,,,,,,,,,13.2,5.1,,,15.1,3.6,80.0,13.2,unknown,False,3,3
Morning Mist Fuji,,Belchertown,,MA,,,,,85,,nice,,,,,,13.5,,,,3.2,,,http://fruit.umext.umass.edu/images/2012apple/morningmistfuji091712b.jpg,,,,,,,,,9/17/2012,nil,,,,,,,,,13.4,6,,,13.5,3.2,85.0,13.4,unknown,False,3,3
Macoun,,Belchertown,,MA,,,,,65,,,,,,,,15,,,,3.25,,,http://fruit.umext.umass.edu/images/2012apple/macoun091712.jpg,,,,,,,,,9/17/2012,"some, push-off",,,,,,,,,11.7,2.9,,,15.0,3.25,65.0,11.7,unknown,False,3,3
Cherry Gala (Brandt),,Belchertown,,MA, at this point,,medium,,99,solid hint stripe,similar in appearance to Buckeye Gala; way over-mature,prone to stem-end,stem,heavy,fair,,13.8,sweet,cream-yellow,soft,2.9,yellow,dark red,http://fruit.umext.umass.edu/images/2012apple/cherrygala091712.jpg,medium,cylindrical-conic,196.0,,conspicuous,middle,,fair-good,9/17/2012,nil,,<5,stem,medium,,,slightly greasy,average,15.1,7.5,upright-spreading,weak-medium,13.8,2.9,99.0,15.1,juice,False,3,3
Empire,,Belchertown,,MA,,,,,75,,,,,,,,16,,,,3.1,,,http://fruit.umext.umass.edu/images/2012apple/empire091712.jpg,,,,,,,,,9/17/2012,nil,,,,,,,,,11.1,3.5,,,16.0,3.1,75.0,11.1,unknown,False,3,3
Liberty,,Belchertown,,MA,,,,,90,,"some drops, smallish fruit; some fly speck",,,,,,17,,,,3.0,,,http://fruit.umext.umass.edu/images/2012apple/liberty092412.jpg,,,,,,,,,9/24/2012,some+,,,,,,,,,11.8,3.5,,,17.0,3.0,90.0,11.8,unknown,False,3,3
Topaz,,Northboro,full rate,MA,,,medium,,55,,"ReTain; getting there, need another week",,,heavy,,,16.4,,,,3.1,,,http://fruit.umext.umass.edu/images/2012apple/topaz092612apple.jpg,,,,,,late,,,9/26/2012,nil,,,,,,,,,10.9,3.9,upright-spreading,medium-strong,16.4,3.1,55.0,10.9,unknown,False,3,5
Querina,,Northboro,,MA,good,,profuse,yes,90,solid-blush,"somewhat lopsided, irregular in shape (light crop); crisp textre at bite but soft in mouth",absent,,light,"not sure, Ok, a bit soft  in texture",,17.5, melting,cream-white,soft,3.35,green,medium red,http://fruit.umext.umass.edu/images/2012apple/querina092612apple.jpg,medium-large,"ovoid, kind of ribbed",260.0,,conspicuous,middle-late,,fair-good,9/26/2012,none,M.9/B.9?,0-10,stem,medium,,,dry,average,13.8,4.5,"spreading, whispy",medium,17.5,3.35,90.0,13.8,juice,False,3,4
Creston,,Northboro,,MA,good,,medium,yes,45,blush,,absent,,heavy,very good,,15.4,sweet,cream-yellow,crisp melting,3.4,yellow-green,orange-red,http://fruit.umext.umass.edu/images/2012apple/creston092612apple.jpg,large,mostly conic,303.0,,mostly inconspicuous,,,very good,9/26/2012,nil,,5,stem,medium,,,dry,average,14.2,4.2,upright-spreading,medium-strong,15.4,3.4,45.0,14.2,fresh_standard,False,5,3
Sunrise,,Pittstown,,NJ,,,,,60,stripe-blush,,absent,,heavy,,,15.31,,white,crisp,2.88,yellow-green,pink-red,,,globose-conic,,,somewhat conspicuous,,,,8/7/2012,,,0,,,,,,,11.2,,,,15.31,2.88,60.0,11.2,unknown,False,3,3
Zestar,,Pittstown,no,NJ,good,,,,70,solid-blush,,absent,,medium,,,16.13,tart,white,crisp,3.02,green,pink-red,,medium,globose-conic,,,somewhat conspicuous,early,,good,8/7/2012,few,,10,stem,,,,,,13.8,5.9,,medium,16.13,3.02,70.0,13.8,fresh_standard,False,3,1
Gala,,Princeton,,NJ,good,,,faint,75,stripe,,,,,good,,20.25,sweet,white,crisp,2.88,yellow-green,orange-red,,medium,ovoid,,,conspicuous,,,good,8/12/2012,,,10,stem,medium,,,,,10.8,3.9,,,20.25,2.88,75.0,10.8,fresh_standard,False,3,3
Honey Crisp,,Princeton,full rate,NJ,good,,medium,,40,blush-stripe,"Early picking this season. Colornot asin past seasons. Taste not quite as developed at this time, but pressure beginning to drop.",absent,,medium,good,,15.24,tart,white,crisp,10.3,green,orange-red,,medium,globose,,August 1-15,inconspicuous,early-middle,,good,8/12/2012,,,0,,,,,,,11.8,4.5,upright-spreading,medium,15.24,10.3,40.0,11.8,fresh_standard,False,3,2
Honey Crisp,,Pittstown,full rate,NJ,good,,medium-strong,,20,blush-stripe,"Very early sample, flavor not developed.",absent,,heavy,fair,,14.3,tart,cream-white,crisp,3.21,green,red,,,globose,230.0,,inconspicuous,early,,fair,8/13/2012,,,5,stem,medium,,,,average,10.8,1.7,upright-spreading,strong,14.3,3.21,20.0,10.8,fresh_standard,False,3,1
"September Wonder, Fuji",,Pittstown,full rate,NJ,good,,medium,,30,solid-blush,Early sample.,absent,,medium-heavy,good,,16,tart,cream-white,crisp,3.1,green,pink-red,,medium-large,globose,200.0,,somewhat conspicuous,early,,good,8/13/2012,,,4,side-net,fine,,,,average,10.6,2.3,spreading-upright,strong,16.0,3.1,30.0,10.6,fresh_standard,False,3,1
"RogersRed, Macintosh",,Pittstown,full rate,NJ,very good,,strong,faint,43,blush,,absent,,medium,good,,13.7,tart-sweet,white,crisp,3.14,green,red,,small-medium,obloid,170.0,August 1-15,somewhat conspicuous,early,,very good,8/13/2012,,,0,,,,,,average,11.0,5.4,spreading-upright,strong,13.7,3.14,43.0,11.0,fresh_premium,False,1,1
"LindaMac, Macintosh",,Pittstown,full rate,NJ,very good,,strong,faint,90,blush-stripe,,absent,,heavy,good,,13.6,tart-sweet,cream-white,crisp,3.3,green,red,,small-medium,obloid,533.0,August 1-15,conspicuous,early,,very good,8/13/2012,,,0,,,,,,average,11.5,4.6,upright-spreading,strong,13.6,3.3,90.0,11.5,fresh_premium,False,1,1
Blondee,,Pittstown,,NJ,good,,medium,no,0,blush,"Early sample, flavor notquite developed.",absent,,heavy,,,20.8,tart,cream-white,crisp,2.9,green,yellow,,medium,obloid,,,inconspicuous,early,,,8/13/2012,some,,10,stem mostly,fine,,,,thick,10.1,3.1,spreading-upright,medium,20.8,2.9,0.0,10.1,fresh_standard,False,3,1
"NY428, ‘Sister of Fortune’",,Pittstown,unknown,NJ,very good,,medium-strong,,79,blush,"Nice tasting, mac-ish apple",absent,,light-medium,very good,,14.9,tart-sweet,green-white,crisp,3.55,green,red,,medium-large,obloid,278.0,September 1-15,conspicuous,middle,,very good,9/4/2012,some,,0,,,,,not yet,somewhat thick,12.5,6.5,upright,strong,14.9,3.55,79.0,12.5,fresh_premium,False,3,3
Jonamac,,Pittstown,no,NJ,very good,,medium,no,72,blush,Tasty apple for eating and baking. Excellent flavor this season.,absent,,medium-heavy,very good,,11.0,sweet-tart,white,crisp,3.19,green,dark red,,medium,ovoid,198.4,September 1-15,conspicuous,middle,,very good,9/11/2012,some,,0,,,,,not yet,somewhat thick,12.3,7.3,spreading-upright,medium,11.0,3.19,72.0,12.3,fresh_premium,False,3,3
Gibson Golden Delicious,,Belchertown,,MA,,,,,NA but hint of orange-pink blush,,"nice, ready to go",,,,,,13,,,,3.5 (large),,,http://fruit.umext.umass.edu/images/2012apple/golddelicious100412.jpg,,,,,,,,,10/4/2012,few,Bud 9,,,,,,,,13,6.9,,,13.0,,,13.0,unknown,False,3,3
Mutsu,,Belchertown,,MA,,,,,,,"need another week, but edible",,,,,,15.3,,,,3.65 (very large),,,http://fruit.umext.umass.edu/images/2012apple/mutsu100412.jpg,,,,,,,,,10/4/2012,nil,,,,,,,,,11,3.9,,,15.3,,,11.0,unknown,False,3,3
Topaz,,Belchertown,,MA,,,,,80,,"ethylene indicates climacteric; good, ready to go",,,,,,15.7,,,,3.4,,,http://fruit.umext.umass.edu/images/2012apple/topaz100412.jpg,,,,,,,,,10/4/2012,nil/none,,,,,,,,,13.1,5.5,,,15.7,3.4,80.0,13.1,unknown,False,3,3
Ambrosia,,Belchertown,no,MA,excellent,,medium,faint,85,solid-blush hint stripe,"very mature despite SI; nice, wish we could grow more",absent,,light,excellent,,15.4,sweet-fruity,cream-yellow,medium melting,3.0,yellow,pink-red,http://fruit.umext.umass.edu/images/2012apple/ambrosia100912.jpg,medium on average,cylindrical-conic; somewhat typey,218.0,,mostly inconspicuous,late,,excellent,10/9/2012,nil,Bud 9,0,,,,,mostly dry,somewhat thin,13.8,5-6,upright,medium,15.4,3.0,85.0,13.8,fresh_premium,True,3,5
Cameo (Caudle cv.),,Belchertown,,MA,excellent,,medium,very faint,80,stripe-blush,1st pick,absent,,medium-heavy,very good,,15.6,mildly tart-sweet,green-white,medium melting,3.3,light green,light red,http://fruit.umext.umass.edu/images/2012apple/cameo100912.jpg,medium-large,very conic,282.0,,conspicuous,late,,very good,10/9/2012,none,"M.9, G.16, B.9",0,,,,,dry,average,12.7,4,spreading-upright,medium-strong,15.6,3.3,80.0,12.7,fresh_premium,False,3,5
Crimson Crisp,,Pittstown,no,NJ,very good,,medium-strong,yes,98,solid-blush,"Tasty, picked just a tad late, dark attractive apple. Slight watercore.",absent,,medium,fair,,16.3,sweet,cream-yellow,crisp melting,3.1,green-yellow,dark red,,medium,ovoid,207.9,October 1-15,somewhat conspicuous,middle,,very good,10/10/2012,few,,2,side-net,coarse,,,slightly greasy,somewhat thick,13.7,8.0,upright-spreading,medium,16.3,3.1,98.0,13.7,fresh_premium,False,3,3
Top Export Fuji,,Pittstown,no,NJ,good,,medium,faint,70,solid-blush,Tasty laterFuji,absent,,heavy,very good,,14.23,sweet,cream-yellow,crisp,3.38,green,orange-red,,medium-large,globose,269.3,October 1-15,somewhat conspicuous,middle,,very good,10/10/2012,few,B9,6,side-net,coarse,,,not yet,average,14.2,6.0,upright,medium,14.23,3.38,70.0,14.2,fresh_standard,False,3,3
Eve Braeburn,,Pittstown,unknown,NJ,very good,,medium-strong,faint,94,solid-blush,,absent,,medium,good,,15.1,tart-sweet,cream-yellow,crisp,3.25,green,orange-red,,medium,globose,235.3,October 1-15,conspicuous,middle,,very good,10/10/2012,some,M26,0,,,,,not yet,somewhat thick,12.7,6.9,spreading-upright,medium-strong,15.1,3.25,94.0,12.7,fresh_premium,False,3,3
Kumeu Crimson Braeburn,,Pittstown,unknown,NJ,very good,,medium-strong,faint,97,solid-blush,Attractive Braeburn.,absent,,medium,very good,,14.4,tart-sweet,cream-white,crisp,3.1,green,dark red,,small-medium,conic,207.0,October 1-15,conspicuous,middle,,very good,10/10/2012,few,B9,0,,,,,not yet,average,11.7,7.1,spreading-upright,medium,14.4,3.1,97.0,11.7,fresh_premium,False,1,3
Fuji ‘Brak’,,Belchertown,unknown,MA,excellent,,medium,very faint,65,blush-stripe,watercore; very nice,absent,,medium,excellent,,13.7,sweet,green-white-cream,crisp melting,3.35,light green,dull red hint pink,http://fruit.umext.umass.edu/images/2012apple/brakfuji101212apple.jpg,large,slight conic,272.0,October 1-15,somewhat conspicuous,late,,excellent,10/12/2012,none,,0,,,,,dry,somewhat thin,14.2,4-7,upright-spreading,medium-strong,13.7,3.35,65.0,14.2,fresh_premium,False,5,5
“Small” Braeburn (Brandt),,Belchertown,no,MA,good,,medium,yes,85,solid-blush,"one with watercore; definitely not small; lots of SBFS, stink bug",absent,,medium,very good,,18.1,sweet-tart,cream-white,medium-hard melting,3.2,light green,orange-red,http://fruit.umext.umass.edu/images/2012apple/smallbraeburn101512.jpg,medium-large,cylindrical-conic,260.0,October 16-31,almost inconspicuous,late,,good,10/15/2012,nil,EMLA 9,0,,,,,dry,somewhat thin,13.1,4.5,upright-spreading,weak-medium,18.1,3.2,85.0,13.1,fresh_standard,False,3,5
Stark Little Jewel,,Belchertown,,MA,good,,medium,faint,90,solid-blush hint stripe,heavy crop but decent fruit size; average eating quality,absent,,medium-heavy,fair-good,,17.5,tart-sweet,yellow-white,hard melting,3.0,green-yellow,maroon-red,http://fruit.umext.umass.edu/images/2012apple/starklittlejewel101512.jpg,small-medium,conic-typey,204.0,,"mostly conspicuous, but small",late,,fair-good,10/15/2012,nil,EMLA 7,5-10,stem,fine,,,slightly greasy,average,12.9,5,upright-spreading,medium,17.5,3.0,90.0,12.9,fresh_standard,False,1,5
Supreme Fuji (Brandt),,Belchertown,no,MA,fair,,medium,,75,solid-blush,"lots of watercore, off-fermented flavor; not a quality Fuji; plenty of SBFS",absent,,medium-heavy,poor,,16,sweet,white,medium-soft melting,3.2,light green,dull red,http://fruit.umext.umass.edu/images/2012apple/supremefuji101512apple.jpg,medium-large,slight conic,248.0,October 1-15,conspicuous,late,,fair,10/15/2012,nil,EMLA 9,0,,,,,dry,average,13.7,,upright-spreading,medium,16.0,3.2,75.0,13.7,juice,False,3,5
Suncrisp,,Belchertown,,MA,good,,medium,very faint,20,blush,"lots of defects; uneven maturity; quite a bit of drop in under a week; otherwise very attractive, geen color fruit left on tree (over-cropped)",very few,side,heavy,good,,15.4,sweet-tart,white-yellow,medium melting,3.4,yellow-green,light orange-red,http://fruit.umext.umass.edu/images/2012apple/suncrisp101512.jpg,medium-large,mostly conic,280.0,,inconspicuous,late,,good,10/15/2012,some,Bud 9,5-10,stem,fine,,,"not yet, a few, close",somewhat thin,13.1,6-7,upright-spreading,weak-medium,15.4,3.4,20.0,13.1,fresh_standard,False,3,5
Goldrush,,Belchertown,,MA,,yes,,yes,<10,,,few,,heavy,very good,,19.8,,,,3.05,yellow-green,bronze,,small-medium-large,mostly conic,217.0,,rather inconspicuous,,,,10/25/2012,none,Bud9,,,,,,,,11.7,5-6,,,19.8,3.05,,11.7,unknown,False,1,3
Little Jewel,,Pittstown,unknown,NJ,good,,medium-strong,faint,91,solid-blush,Harvested 10/22/12. In storage till now.,absent,,medium,very good,,15.7,sweet-tart,cream-yellow,crisp,2.77,yellow,dark red,,small,somewhat conic,160.0,October 16-31,conspicuous,middle,,very good,12/12/2012,some,,8,stem,medium,,,not yet,somewhat thick,13.2,8.0,spreading-upright,medium-strong,15.7,2.77,91.0,13.2,fresh_standard,False,1,3
Autumn Gala,,Pittstown,,NJ,very good,,strong,faint,96,blush-stripe,"Harvested 9/19/12, pressure avg very low, eating quality compromised. In storage 3 months, apple did not maintain pressure.",absent,,medium-heavy,,,9.9,tart-sweet,cream-yellow,soft,3,yellow,red,,small,ovoid,213.3,September 16-30,conspicuous,early-middle,,good,12/12/2012,few,,0,,,,,not yet,average,14.3,8.0,upright,medium-strong,9.9,3.0,96.0,14.3,fresh_premium,False,1,2
Galarina,,Pittstown,,NJ,very good,,medium,faint,87,blush-stripe,Harvested 10/10/12. Only 2 fruit to sample.,absent,,light,good,,14.8,tart,cream-yellow,crisp,3.0,green-yellow,red,,medium,globose-conic,220.0,October 1-15,,middle,,good,12/12/2012,none,,10,stem,medium,,,not yet,average,12.6,8.0,upright,medium,14.8,3.0,87.0,12.6,fresh_premium,False,3,3
Querina,,Pittstown,,NJ,very good,,medium,faint,96.5,solid-blush,,absent,,medium,good,,10.7,tart-sweet,cream-yellow,crisp,3.6,yellow,red,,large,globose,300.0,,conspicuous,middle,,very good,12/12/2012,few,,0,,,,,not yet,average,12.6,8.0,spreading-upright,medium,10.7,3.6,96.5,12.6,fresh_premium,False,5,3
Zestar!,,Belchertown,,MA,,,,,50,,could be ready to pick if looking for a tart Zestar! very heavy crop,,,,,,16,,,,3.0,,,http://fruit.umext.umass.edu/2013appleharvest/zestar081513.jpg,,,,,,,,,8/15/2013,nil,M.9,,,,,,,,11.8,3.5,,,16.0,3.0,50.0,11.8,unknown,False,3,3
Gingergold,,Belchertown,,MA,,,,,,,,,,medium-heavy,,,18,,,,3.2,,,http://fruit.umext.umass.edu/2013appleharvest/gingergoldapple082713.jpg,,,243.0,,,,,,8/27/2013,few,,,,,,,,,11.3,3-4,,,18.0,3.2,,11.3,unknown,False,3,3
Zestar!,,Belchertown,,MA,,,,,65,,1 with water core; 1 slightly greasy,,,medium-heavy,,,14,,,,3.3,,,http://fruit.umext.umass.edu/2013appleharvest/zestarapple082713.jpg,,,234.0,,,,,,8/27/2013,very few,,,,,,,,,11.7,5 (4-6),,,14.0,3.3,65.0,11.7,unknown,False,3,3
Dandee Red,,Belchertown,,MA,,,,,95-100,solid-blush,prone to drop,,,medium-heavy,,,16,,,,3.3,green,dark red,http://fruit.umext.umass.edu/2013appleharvest/dandeeredapple082713.jpg,,globose,209.0,,somewhat conspicuous,,,,8/27/2013,significant,,,,,,,,,12.5,4 (3-6),,,16.0,3.3,,12.5,unknown,False,3,3
Akane,,Belchertown,,MA,,,,,90,solid-stripe,,,,medium-heavy,,,18,,,,3.0,yellow-green,bright red,http://fruit.umext.umass.edu/2013appleharvest/akaneapple082713.jpg,,globose-conic,172.0,,somewhat conspicuous,,,,8/27/2013,nil,,5,stem,coarse,,,,,12.9,6.5 (6-7),,,18.0,3.0,90.0,12.9,unknown,False,3,3
Rubymac,,Belchertown,,MA,,,,,95,solid-blush,,,,heavy,,,17,,,,2.9,green,red,http://fruit.umext.umass.edu/2013appleharvest/rubymacapple082713.jpg,,round-globose,157.0,,inconspicuous,,,,8/27/2013,few,EMLA 9,,,,,,,,10.6,3.5 (3-4),,,17.0,2.9,95.0,10.6,unknown,False,3,3
Honeycrisp,,Belchertown,,MA,,,,,45,,,,,medium,,,20,,,,3.1,,,http://fruit.umext.umass.edu/2013appleharvest/honeycrispapple082713.jpg,,,228.0,,,,,,8/27/2013,nil,B.118,,,,,,,,11.4,2 (1-4),,,20.0,3.1,45.0,11.4,unknown,True,3,3
Lindamac,,Belchertown,,MA,,,,,65,,seeds still white; not ready to pick,,,medium-heavy,,,17,,,,3.0,,,http://fruit.umext.umass.edu/2013appleharvest/lindamac090213.jpg,,,162.0,,,,,,9/2/2013,nil,EMLA 9,,,,,,,,10.9,3.5 (3-4),,,17.0,3.0,65.0,10.9,unknown,False,3,3
Silken,,Belchertown,,MA,,,,,,,"eats OK, variable maturity, could use another 5- 7days",,,heavy,,,17,,,,2.8,yellow-green,,http://fruit.umext.umass.edu/2013appleharvest/silken090213.jpg,,,164.0,,,,,,9/2/2013,few,EMLA 9,,,,,,,,11.5,4 (3-6),,,17.0,2.8,,11.5,unknown,False,3,3
Buckeye Gala,,Belchertown,,MA,,,,,95,,"seeds dark, needs another week despite some background color change",,,heavy,,,20,,,,2.8,,,http://fruit.umext.umass.edu/2013appleharvest/buckeyegala090213.jpg,,,164.0,,,,,,9/2/2013,none,,,,,,,,,9.3,2 (1-3),,,20.0,2.8,95.0,9.3,unknown,False,3,3
Honeycrisp,,Belchertown,,MA,,,,,55,,these are farther along than I thought; some background color change; ready for 1st pick this week,,,medium-heavy,,,18,,,,3.1,,,http://fruit.umext.umass.edu/2013appleharvest/honeycrisp090213.jpg,,,240.0,,,,,,9/2/2013,few,,,,,,,,,12.3,5 (4-7),,,18.0,3.1,55.0,12.3,unknown,True,3,3
Honeycisp,,Northboro,,MA,,,,,60,,,,,medium,,,15.7,,,,3.4,,,http://fruit.umext.umass.edu/2013appleharvest/honeycrispapple-northboro-090513.jpg,,,280.0,,,,,,9/5/2013,,,,,,,,,,12.7,5.5 (4-7),,,15.7,3.4,60.0,12.7,unknown,False,3,3
Honeycrisp,,Harvard,,MA,,,,,55,,,,,,,,14.7,,,,3.15,,,http://fruit.umext.umass.edu/2013appleharvest/honeycrispapple-harvard-090513.jpg,,,212.0,,,,,,9/5/2013,,,,,,,,,,11.3,6 (4-8),,,14.7,3.15,55.0,11.3,unknown,True,3,3
Honeycrisp,,Stow,,MA,,,,,45,,,,,,,,16.8,,,,3.2,,,,,,229.0,,,,,,9/5/2013,,,,,,,,,,10.9,5 (3.5-7),,,16.8,3.2,45.0,10.9,unknown,True,3,3
Minneiska,,Belchertown,,MA,very good,,medium,,85,solid-blush,some calyx rot/defects,"prone to stem-end, few",stem,medium-heavy,very good,,15.7,sweet-fruity,yellow-white,crisp melting,3.2,green-yellow,orange-red,,medium-large,cylindrical-conic,241.0,,conspicuous,middle,,excellent,9/6/2013,some,,,,,,,very slightly greasy,somewhat thin,13.8,5.5 (4-6),upright-spreading,medium,15.7,3.2,85.0,13.8,fresh_premium,False,3,3
Snappy Mac,,Belchertown,,MA,,,,,75,,,,,medium,,,17,,,,3.0,,,http://fruit.umext.umass.edu/2013appleharvest/snappymacapple090913.jpg,,,168.0,,,,,,9/6/2013,few,MM106,,,,,,,,11.4,4.1 (4-5),,,17.0,3.0,75.0,11.4,unknown,False,3,3
Buckeye Gala,,Belchertown,,MA,,,,,95,,,,,heavy,,,20,,,,2.8,,,http://fruit.umext.umass.edu/2013appleharvest/buckeyegalaapple090913.jpg,,,174.0,,,,,,9/9/2013,nil,,,,,,,,,9.9,2.8 (1-4),,,20.0,2.8,95.0,9.9,unknown,False,3,3
Honeycrisp,,Belchertown,,MA,,,,,65,,,,,medium,,,14.7,,,,3.4,,,http://fruit.umext.umass.edu/2013appleharvest/honeycrispappleB118o0o913.jpg,,,280.0,,,,,,9/9/2013,few,Bud 118,,,,,,,,11.2,4.6  (3-6.5),,,14.7,3.4,65.0,11.2,unknown,True,3,3
Honeycrisp,,Belchertown,,MA,,,,,60,,,,,medium-heavy,,,15.7,,,,3.1,,,http://fruit.umext.umass.edu/2013appleharvest/honeycrispapplebud9.jpg,,,203.0,,,,,,9/10/2013,few,Bud 9,,,,,,,,11.4,6 (4-8),,,15.7,3.1,60.0,11.4,unknown,True,3,3
Blondee,,Belchertown,,MA,,,medium,,0-10,blush,,,,medium-heavy,,,18,,,,3.0,yellow-green,pink-red,http://fruit.umext.umass.edu/2013appleharvest/blondeeapple091013.jpg,medium,ovoid-conic,191.0,,somewhat conspicuous,,,,9/10/2013,none,EMLA 9,<5 clean,stem,,,,,,11.6,4.5 (3-7),upright-spreading,medium,18.0,3.0,,11.6,unknown,False,3,3
Lindamac,,Belchertown,,MA,,,,,80,,,,,,,,15.7,,,,3.0,,,http://fruit.umext.umass.edu/2013appleharvest/lindamacapple.jpg,,,169.0,,,,,,9/10/2013,some,EMLA 9,,,,,,,,11.6,4 (3-5),,,15.7,3.0,80.0,11.6,unknown,False,3,3
RiverBelle (DS-22),,Belchertown,no,MA,fair,,medium,faint,70,solid-blush-stripe,"good eating, complex flavor, good tannins, Greene likes ; bad appearance (russet) a limitation, and fruit size is BIG",absent,,light,very good,,16.8,"tart-sweet, complex",cream-white,medium-soft melting,3.6,yellow-green,orange-red,http://fruit.umext.umass.edu/2013appleharvest/riverbelleapple.jpg,large,round-obloid,309.0,September 1-15,inconspicuous,,mildew?,good,9/10/2013,nil,EMLA 26,0-25,"stem mostly, spills over side",coarse,,,dry,slightly thin,13.9,5.5 (3-7),upright-spreading,medium-strong,16.8,3.6,70.0,13.9,juice,False,5,3
Snappy Mac,,Belchertown,,MA,,,,,80,,,,,medium,,,16,tart,,,3.0,,,,,,170.0,,,,,,9/14/2013,some,EMLA 106,,,,,,,,12.7,5 (4-6),,,16.0,3.0,80.0,12.7,unknown,False,3,3
Cherry Gala,,Belchertown,,MA,,,medium,,95,solid-stripe,,prone to stem-end,stem,medium,,,17,,,,2.9,cream yellow,dark red,,medium-large,cylindrical-conic,202.0,,conspicuous,middle,,,9/14/2013,none,EMLA 9,<5,stem,fine,,,,,12.8,5.6 (4-8),upright-spreading,medium,17.0,2.9,95.0,12.8,unknown,False,3,3
Lindamac,,Belchertown,no,MA,,,,,90,,,,,medium,,,14.6,,,,3.0,,,http://fruit.umext.umass.edu/2013appleharvest/lindamac091613.jpg,,,173.0,,,,,,9/16/2013,few,EMLA 9,,,,,,,,11.5,4.5 (3.5-6),,,14.6,3.0,90.0,11.5,unknown,False,3,3
Redcort Cortland,,Belchertown,,MA,,,,,80,,,,,medium-heavy,,,14.8,,,,3.4,,,,,,237.0,,,,,,9/16/2013,none,,,,,,,,,9.9,2,,,14.8,3.4,80.0,9.9,unknown,False,3,3
Honeycrisp,,Belchertown,,MA,,,,,85,,at their peak,,,medium,,,14.7,,,,3.4,,,http://fruit.umext.umass.edu/2013appleharvest/honeycrisp091613.jpg,,,286.0,,,,,,9/16/2013,few,EMLA 9,,,,,,,,12.4,6,,,14.7,3.4,85.0,12.4,unknown,True,3,3
Buckeye Gala,,Belchertown,,MA,,,,,95,,,,,,,,18.5,,,,2.85,,,http://fruit.umext.umass.edu/2013appleharvest/buckeyegala091613.jpg,,,,,,,,,9/16/2013,none,,,,,,,,,10.5,5 (3-8),,,18.5,2.85,95.0,10.5,unknown,False,3,3
Macoun,,Northboro,,MA,,,,,60,,,,,medium,,,17.5,,,,3.15,,,,,,,,,,,,9/19/2013,,EMLA 9,,,,,,,,10.8,3.1 (2-4.5),,,17.5,3.15,60.0,10.8,unknown,False,3,3
Macoun,,Belchertown,,MA,,,,,70,,,,,medium-heavy,,,15.6,,,,3.0,,,,,,,,,,,,9/19/2013,some,,,,,,,,,10.6,3,,,15.6,3.0,70.0,10.6,unknown,False,3,3
Crimson Gold,,Belchertown,no,MA,very good,,medium,,50,solid-blush,"could probably use another week to fully mature, otherwise nice",absent,,medium,very good,,21,tart-sweet,green-white,crisp melting,3.25,light green,orange-red,,medium-large,slightly conic,232.0,September 16-30,somewhat conspicuous,middle-late,,very good,9/20/2013,none,EMLA 9,5,stem,medium,,resistant?,dry,average,14.2,5 (1-6),upright,medium,21.0,3.25,50.0,14.2,fresh_premium,False,3,4
Liberty,,Belchertown,,MA,,,,,95,,,,,,very good,,20,,,,2.95,,,http://fruit.umext.umass.edu/2013appleharvest/liberty090413.jpg,,,190.0,,,,,,9/24/2013,nil,EMLA 9,,,,,,,,12.1,"3.5, mostly 3",,,20.0,2.95,95.0,12.1,unknown,False,3,3
Rogers McIntosh,,Belchertown,,MA,,,,,70,,,,,,,,12.9,,,,3.3,,,http://fruit.umext.umass.edu/2013appleharvest/rogersmcintosh090413.jpg,,,213.0,,,,,,9/24/2013,some,Bud 9,,,,,,,,11.9,6.5 (6-7),,,12.9,3.3,70.0,11.9,unknown,False,3,3
Macoun,,Belchertown,,MA,,,,,70,,,,,,,,14.5,,,,3.35,,,http://fruit.umext.umass.edu/2013appleharvest/macoun090413.jpg,,,241.0,,,,,,9/24/2013,some,EMLA 7,,,,,,,,11,3.9 (3-4),,,14.5,3.35,70.0,11.0,unknown,False,3,3
Morning Mist Fuji,,Belchertown,,MA,,,,,90,,2nd-leaf trees,,,,,,14.7,,,,3.2,,,http://fruit.umext.umass.edu/2013appleharvest/mmfuji090413.jpg,,,241.0,,,,,,9/24/2013,none,,,,,,,,,13.5,5.5 (4-7),,,14.7,3.2,90.0,13.5,unknown,False,3,3
Empire,,Belchertown,,MA,,,,,70,,,,,,,,17,,,,3.0,,,http://fruit.umext.umass.edu/2013appleharvest/empire090413.jpg,,,184.0,,,,,,9/24/2013,nil,,,,,,,,,11,4.5 (3-5.5),,,17.0,3.0,70.0,11.0,unknown,False,3,3
Delicious,,Belchertown,,MA,,,,,95,,,,,,,,17.4,,,,3.0,,,http://fruit.umext.umass.edu/2013appleharvest/delicious090413.jpg,,,219.0,,,,,,9/24/2013,nil,,,,,,,,,10.8,2.5 (2-3.5),,,17.4,3.0,95.0,10.8,unknown,False,3,3
Golden Delicious (Gibson),,Belchertown,,MA,,,,,,,,,,,,,16.2,,,,2.9,,,http://fruit.umext.umass.edu/2013appleharvest/gibsongd090413.jpg,,,191.0,,,,,,9/24/2013,none,Bid 9,,,,,,,,12,4.5 (4-5),,,16.2,2.9,,12.0,unknown,False,3,3
Rubinstar Jonagold,,Belchertown,,MA,,,,,65,,,,,,,,16.1,,,,3.4,,,http://fruit.umext.umass.edu/2013appleharvest/rubinstarjonagold090413.jpg,large,,271.0,,,,,,9/24/2013,,,,,,,,,,12.8,5.5 (4-7),,,16.1,3.4,65.0,12.8,unknown,False,5,3
NY 428,,Belchertown,,MA,very good,,medium,faint,90,solid-blush hint stripe,"an improved McIntosh-like apple better adapted for warmer climates, has been a consistent cropper I believe",absent,,medium-heavy,good,,18.2,sweet-tart,green-white,medium melting,3.25,green,dark red,http://fruit.umext.umass.edu/2013appleharvest/ny428apple00713.jpg,medium-large,globose,235.0,,somewhat conspicuous,middle-late,,very good,10/7/2013,few,EMLA 9,<5,stem,fine,,,dry,average,13,5.5 (3-7),upright-spreading,medium-strong,18.2,3.25,90.0,13.0,fresh_premium,False,3,4
Morning Mist Fuji,,Belchertown,,MA,,,,,95,,"water core, over-ripe",,,,,,14,,,,3.2,,,http://fruit.umext.umass.edu/2013appleharvest/mmfuji100913.jpg,,,42.0,,,,,,10/9/2013,nil/none,,,,,,,,,14.8,7.8,,,14.0,3.2,95.0,14.8,unknown,False,3,3
Liberty,,Belchertown,,MA,,,,,95,,Hulvey cider,,,,,,13.8,,,,3.25,,,http://fruit.umext.umass.edu/2013appleharvest/libertyapples101113.jpg,,,,,,,,,10/10/2013,nil,,,,,,,,,12.9,6.5,,,13.8,3.25,95.0,12.9,unknown,False,3,3
Crimson Topaz,,Belchertown,,MA,,,,,85,,Hulvey cider,,,,,,16.5,,,,2.95,,,http://fruit.umext.umass.edu/2013appleharvest/topaz101113.jpg,,,,,,,,,10/10/2013,none,,,,,,,,,11.8,5-6-7,,,16.5,2.95,85.0,11.8,unknown,False,3,3
Suncrisp,,Belchertown,,MA,,,,,5-20 % blush,,Hulvey cider,,,,,,19,,,,3.15,,,http://fruit.umext.umass.edu/2013appleharvest/suncrispapple101113.jpg,,,,,,,,,10/10/2013,none,,,,,,,,,13.9,4-5,,,19.0,3.15,,13.9,unknown,False,3,3
Cameo,,Belchertown,,MA,,,,,75-95,,"ready for 1st pick of large, red fruit",,,,,,17.1,,,,3.2,,,http://fruit.umext.umass.edu/2013appleharvest/cameo101413.jpg,,,,,,,,,10/12/2013,nil,,,,,,,,,11.7,3-5.5,,,17.1,3.2,,11.7,unknown,False,3,3
Ambrosia,,Belchertown,,MA,,,,,75,,ready to pick,,,,,,17.9,,,,2.95,,,http://fruit.umext.umass.edu/2013appleharvest/ambrosia101413.jpg,,,,,,,,,10/12/2013,nil,,,,,,,,,12,6-7,,,17.9,2.95,75.0,12.0,unknown,True,3,3
Creston,,Belchertown,,NJ,,,,,55,,"slightly greasy, tastes good, crisp, mild; need to put in AVD?",,,,,,13.9,,,,3.2,,,http://fruit.umext.umass.edu/2013appleharvest/creston101413.jpg,,,,,,,,,10/14/2013,nil,,,,,,,,,12.8,7.5,,,13.9,3.2,55.0,12.8,unknown,False,3,3
Goldrush,,Belchertown,no,MA,good,,medium,yes,<25,blush,large crop = small fruit,absent,,very heavy,very good,,21.7,sweet-tart,green-white,hard melting,2.8,yellow-green,bronze,,small-medium,somewhat conic,171.0,,somewhat conspicuous,late,,very good,10/30/2013,none,EMLA 9,0-10 variable,all over,medium,,,dry,average,12.9,4-6,upright-spreading,medium,21.7,2.8,,12.9,fresh_standard,False,1,5
Crimson Gold,,Belchertown,,MA,very good,,medium,faint,85,solid-blush hint stripe,"really over-mature, light crop on young trees, only 7 apples tested, see earlier harvest, watercore",prone to stem-end when very ripe,stem,light-medium,poor at this point,,17.7,sweet,white,soft,3.4,yellow,bright red,,large,globose-conic,260.0,,mostly inconspicuous,late,,"fair-poor at this point, see below",10/30/2013,few,,5,stem,fine,,,greasy,average,16.4,7-8,upright,medium,17.7,3.4,85.0,16.4,fresh_premium,False,5,5
Stark Little Jewel,,Belchertown,,MA,good,,good,faint,90,solid-blush hint stripe,"a little over-mature, thus some winey flavor, heavy crop",absent,,heavy,good,,19.8,sweet,cream-white,medium melting,2.95,green-yellow,mohogony red,,small-medium,conic-typey,200.0,,conspicuous,late,,good,10/30/2013,nil,,0-20,stem,medium,,,slightly greasy,average,14,6,upright-spreading,medium,19.8,2.95,90.0,14.0,fresh_standard,False,1,5
“Small” Braeburn (Brandt),,Belchertown,,MA,excellent,,good,faint,75,solid-blush hint stripe,"SBFS, some watercore, good apple at this point still, large, I assume “Small” is being fascetious? may not be as good color as Joburn Braeburn",absent,,medium-heavy,excellent,,19,sweet-tart,white,medium-hard melting,3.2,green,medium red,,large,cylindrical-conic,255.0,,inconspicuous,late,,excellent,10/30/2013,nil,,0,,,,,dry,somewhat thin,12,4-5,upright-spreading,medium,19.0,3.2,75.0,12.0,fresh_premium,False,5,5
Fuji ‘Supreme’ (Brandt),,Belchertown,,MA,good,,good,very faint,85,blush-stripe,"water core on this late harvest; have held up pretty well. seem like a nice, classic Fuji strain?",absent,,medium,fair-good at this point,,15.6,sweet,cream-white,medium melting,3.15,light green,red,,medium-large,cylindrical-conic,257.0,,somewhat conspicuous,late,,good,11/3/2013,nil,EMLA 9,0,,,,,slightly greasy,average,14.4,7.9,upright-spreading,medium-strong,15.6,3.15,85.0,14.4,fresh_standard,False,3,5
Zestar!,0.73,Belchertown,,MA,good,,,,50,,ready for first pick,,,medium-heavy,good,,15.2,good,,,3.2,,,,medium-large,,,,,early,,good,8/21/2014,few,,,,,,,,,13.9,3.5 (barely),,,15.2,3.2,50.0,13.9,fresh_standard,False,3,1
Sansa,0.36,Belchertown,,MA,fair-good,,,,65 hint stripe,,"crew picking, not much background green; heavy crop affects eating quality",,,heavy,fair-good,,16.4,fruity,,,2.95,,,,small-medium,,,,,early,,good,8/21/2014,nil,,,,,,,,,12.5,3.5 (2-4),,,16.4,2.95,,12.5,fresh_standard,False,1,1
Paulared,1.26,Harvard,,MA,fair,,,,50,,fairly sweet juice; 6/10 significant watercore,,,medium-heavy,fair,,13.8,sweet-tart,,,3.4,,,,medium-large,,,,,early,,fair-good,8/22/2014,some,,,,,,,,,10.8,4 (3-6),,,13.8,3.4,50.0,10.8,fresh_standard,False,3,1
Ginger Gold,0.94,Belchertown,,MA,very good,,,,0-10 hint pink,,not quite ready to pick,,,light-medium,good,,20.5,sweet,,,3.25,,,,large,,,,,early,,good,8/21/2014,none,,,,,,,,,12.4,2 (1-3),,,20.5,3.25,,12.4,fresh_premium,False,5,1
Paulared,1.09,Belchertown,,MA,,,,,50,,some watercore; tart apple,,,,,,15.4,,,,3.3,,,,,,,,,,,,8/21/2014,few,,,,,,,,,11.2,3 solid,,,15.4,3.3,50.0,11.2,unknown,False,3,3
Akane,0.91,Belchertown,,MA,fair-good,,,,75,,needs another week; significant stem and calyx russet,,,medium-heavy,fair-good,,18.5,tart,,,2.85,,,,small-medium,,,,,early,,fair-good,8/25/2014,nil,,,,,,,,,11.9,3.9,,,18.5,2.85,75.0,11.9,fresh_standard,False,1,1
Minneiska,0.51,Belchertown,,MA,fair-good,,,,65,,"a tart SweetTango right now,  needs another week; some russet",,,medium-heavy,good,,17.3,tart-sweet,,,2.95,,,,medium,,,,,early-middle,,very good,8/25/2014,nil,,,,,,,,,12.8,3,,,17.3,2.95,65.0,12.8,fresh_standard,False,3,2
Dandeered,1.22,Belchertown,,MA,good,,,,95,,"touch of watercore; kind of touchy in terms of drop/maturity, probably should have been already picked",,,medium,fair-good,,14.6,tart-sweet,,,3.25,,,,medium-large,,,,,early,,fair-good,8/25/2014,significant,,,,,,,,,12.1,4,,,14.6,3.25,95.0,12.1,fresh_standard,False,3,1
Ginger Gold,0.9548164,Belchertown,,MA,,,,,0,,beginning peak Ginge Gold harvest; some signs of sun over-exposure; observed AMF on fruit while picking,,,medium,,,19.6,,,,3.25,,,,large,,,,,early,,,8/25/2014,none,,,,,,,,,12.4,2.9 (does not test well),,,19.6,3.25,0.0,12.4,unknown,False,5,1
Silken,0.24,Belchertown,,MA,,,,,0,,need another week,,,,,,18.6,,,,2.9,,,,,,,,,,,,9/1/2014,none,,,,,,,,,12.3,2-3,,,18.6,2.9,0.0,12.3,unknown,False,3,3
Rubymac,1.67,Belchertown,,MA,,,,,95,,"look nice, color is way there but still tart-green, could use another week",,,,,,18.2,,,,3.0,,,,,,,,,,,,9/2/2014,none,,,,,,,,,11.2,3,,,18.2,3.0,95.0,11.2,unknown,False,3,3
Lindamac,1.82,Belchertown,,MA,,,,,80 stripey,,"green as grass, need another week",,,,,,16.4,,,,2.95,,,,,,,,,,,,9/2/2014,nil,,,,,,,,,10.7,3.5,,,16.4,2.95,,10.7,unknown,False,3,3
Honeycrisp,0.91,Belchertown,,MA,,,,,55,,needs another week at least,,,,,,16.6,,,,3.3,,,,,,,,,,,,9/3/2014,none,,,,,,,,,11.1,3 (1.5-4.5),,,16.6,3.3,55.0,11.1,unknown,True,3,3
Buckeye Gala,0.91,Belchertown,,MA,,,,,85,,"still green, needs another week at least",,,,,,20.2,,,,2.85,,,,,,,,,,,,9/3/2014,none,,,,,,,,,9.5,2.5 (1.5-3.5),,,20.2,2.85,85.0,9.5,unknown,False,3,3
Honeycrisp,0.63,Sutton,,MA,,,,,60,,n=5,,,,,,20.1,,,,3.0,,,,,,,,,,,,9/3/2014,nil,,,,,,,,,13.4,4 (2.5-6),,,20.1,3.0,60.0,13.4,unknown,True,3,3
Honeycrisp (No ReTain),0.95,Northboro,,MA,,,,,50,,young trees; 3/10 some stem crack or leafroller damage; touch of watercore;  n=10,,,,,,17.0,,,,3.5,,,,,,,,,,,,9/3/2014,none,,,,,,,,,12.7,4.55,,,17.0,3.5,50.0,12.7,unknown,False,3,3
Honeycrisp (half-rate ReTain),0.72,Northboro,,MA,,,,,,,"touch of watercore, otherwise clean; n=10",,,,,,17.6,,,,3.05,,,,,,,,,,,,9/3/2014,none,,,,,,,,,12.5,3.2 (1-4),,,17.6,3.05,,12.5,unknown,False,3,3
Rogers McIntosh,1.65,Belchertown,,MA,,,,,60,,wait for better red color,,,,,,16.3,,,,3.2,,,,,,,,,,,,9/8/2014,none,,,,,,,,,11.5,3.75,,,16.3,3.2,60.0,11.5,unknown,False,3,3
Lindamac,1.75,Belchertown,,MA,,,,,80,,start harvest (barely),,,,,,15.8,,,,2.95,,,,,,,,,,,,9/8/2014,nil,,,,,,,,,10.9,3.55,,,15.8,2.95,80.0,10.9,unknown,False,3,3
Honeycrisp,0.53,Belchertown,,MA,,,,,70,,"ready to go, 1st pick on red color",,,,,,15.8,,,,3.25,,,,,,,,,,,,9/8/2014,few,,,,,,,,,12.6,6.6,,,15.8,3.25,70.0,12.6,unknown,True,3,3
Rubymac,1.58,Deerfield,,MA,,,,,95,,"nice, ready for pick",,,,,,17.6,,,,2.95,,,,,,,,,,,,9/9/2014,few,,,,,,,,,12.2,4 (3-5.5),,,17.6,2.95,95.0,12.2,unknown,False,3,3
Lindamac McIntosh,1.46,Deerfield,,MA,,,,,85,,"nice, ready for pick",,,,,,17.4,,,,3.0,,,,,,,,,,,,9/9/2014,few,,,,,,,,,12.5,4.1,,,17.4,3.0,85.0,12.5,unknown,False,3,3
Honeycrisp,0.46,Deerfield,,MA,,,,,65,,1st-pick ready for sure,,,,,,19.3,,,,3.05,,,,,,,,,,,,9/9/2014,few,,,,,,,,,13.2,5.4,,,19.3,3.05,65.0,13.2,unknown,True,3,3
Brookfield Gala,0.16,Deerfield,,MA,,,,,90,,"good background color, ready for 1st-pick for sure",,,,,,20.8,,,,2.75,,,,,,,,,,,,9/9/2014,none,,,,,,,,,12.2,3.9,,,20.8,2.75,90.0,12.2,unknown,False,3,3
Gale(?) Gala,1.01,Belchertown,,MA,,,,,92,,"these are still pretty green, wait another 5-7 days",,,,,,21.5,,,,2.9,,,,,,,,,,,,9/9/2014,none,,,,,,,,,10.6,2.6,,,21.5,2.9,92.0,10.6,unknown,False,3,3
Buckeye Gala,0.49,Belchertown,,MA,,,,,95,,"background color developing, would like to see higher sugar, worthy of 1st pick",,,,,,20.2,,,,2.9,,,,,,,,,,,,9/9/2014,nil,,,,,,,,,10.8,3.8,,,20.2,2.9,95.0,10.8,unknown,False,3,3
Blondee,0.31,Belchertown,,MA,,,,,,,"start pick any time, very nice quality",,,,,,20,,,,3.0,,,,,,,,,,,,9/9/2014,nil,,,,,,,,,11.6,3.7 (2-7),,,20.0,3.0,,11.6,unknown,False,3,3
Honeycrsip,0.6,Northboro,,MA,,,,,55,,"super-spindle, half-rate ReTain",,,,,,15.2,,,,3.4,,,,,,,,,,,,9/11/2014,nil,,,,,,,,,12.6,5.5,,,15.2,3.4,55.0,12.6,unknown,False,3,3
Honeycrsip,0.73,Northboro,,MA,,,,,55,,"tall spindle, half-rate ReTain",,,,,,16.3,,,,3.4,,,,,,,,,,,,9/11/2014,nil,,,,,,,,,12.7,6.2,,,16.3,3.4,55.0,12.7,unknown,False,3,3
Rubymac,1.71,Northboro,,MA,,,,,97,,most likely had reTain,,,,,,16.6,,,,3.1,,,,,,,,,,,,9/11/2014,nil,,,,,,,,,11.3,3.5,,,16.6,3.1,97.0,11.3,unknown,False,3,3
Honeycrsip,0.65,Stow,,MA,,,,,50,,likely had 1/2 rate ReTain,,,,,,17,,,,3.3,,,,,,,,,,,,9/11/2014,nil,,,,,,,,,12,3.5,,,17.0,3.3,50.0,12.0,unknown,False,3,3
Honeycrisp,0.69,Tyngsboro,,MA,,,,,65,,likely had 1/2 rate ReTain,,,,,,16.8,,,,3.25,,,,,,,,,,,,9/11/2014,nil,,,,,,,,,12.1,6,,,16.8,3.25,65.0,12.1,unknown,True,3,3
Honeycrisp,0.3,Harvard,,MA,,,,,85,,no ReTain,,,,,,18,,,,3.15,,,,,,,,,,,,9/11/2014,nil,,,,,,,,,12.8,5.2,,,18.0,3.15,85.0,12.8,unknown,True,3,3
Buckeye? Gala,0.79,Belchertown,,MA,,,,,95,,from the precision thinning expt.,,,,,,20.6,,,,3.0,,,,,,,,,,,,9/12/2014,none,,,,,,,,,11.7,2.8,,,20.6,3.0,95.0,11.7,unknown,False,3,3
Honeycrsip,0.78,Northboro,,MA,,,,,45,,ReTain,,,,,,14.5,,,,3.35,,,,,,,,,,,,9/18/2014,nil,,,,,,,,,11.6,5,,,14.5,3.35,45.0,11.6,unknown,False,3,3
Honeycrisp,0.74,Northboro,,MA,,,,,55,,nice,,,,,,15.1,,,,3.5,,,,,,,,,,,,9/18/2014,nil,,,,,,,,,12.4,5.5,,,15.1,3.5,55.0,12.4,unknown,True,3,3
Honeycrisp,0.53,Belchertown,,MA,,,,,80,,"nice, at their peak",,,,,,13.8,,,,3.4,,,,,,,,,,,,9/19/2014,some,,,,,,,,,12.3,5.9,,,13.8,3.4,80.0,12.3,unknown,True,3,3
Rogers McIntosh,1.51,Belchertown,,MA,,,,,85,,nice,,,,,,14.6,,,,3.25,,,,,,,,,,,,9/19/2014,some,,,,,,,,,11.8,4.1,,,14.6,3.25,85.0,11.8,unknown,False,3,3
Blondee,0.38,Belchertown,,MA,,,,,,,"just about right, needs good thinning for best quality",,,,,,16.7,,,,3.1,,,,,,,,,,,,9/19/2014,nil,,,,,,,,,11.3,4.8,,,16.7,3.1,,11.3,unknown,False,3,3
Royalcourt Cortland,1.36,Belchertown,,MA,,,,,92,,barely ready for start of harvest,,,,,,1601,,,,3.6,,,,,,,,,,,,9/19/2014,nil,,,,,,,,,12.9,1.7,,,1601.0,3.6,92.0,12.9,unknown,False,3,3
Cherry Gala,0.6,Belchertown,,MA,,,,,95,,"nice fruit, a bit over-mature",,,,,,15.8,,,,2.95,,,,,,,,,,,,9/19/2014,none,,,,,,,,,10.9?,5.6,,,15.8,2.95,95.0,,unknown,False,3,3
‘Rubinstar’ Jonagold,1.11,Belchertown,,MA,,,,,70,,"signs of sunburn/radial watercore; otherwise nice, could start harvest over next week",,,,,,16,,,,3.5,,,,,,,,,,,,9/23/2014,nil,,,,,,,,,13,5,,,16.0,3.5,70.0,13.0,unknown,False,3,3
Royal Court Cortland,1.32,Belchertown,,MA,,,,,92,,"nice, good sugar",,,,,,15.4,,,,3.6,,,,,,,,,,,,9/23/2014,none,,,,,,,,,13.7,3,,,15.4,3.6,92.0,13.7,unknown,False,3,3
‘Snappymac’ McIntosh,1.38,Belchertown,,MA,,,,,92,,nearing the end of window for CA harvest. although cool temps have preserved maturity and limited drop,,,,,,15.5,,,,3.1,,,,,,,,,,,,9/23/2014,some,,,,,,,,,12.5,4.8,,,15.5,3.1,92.0,12.5,unknown,False,3,3
Honeycrisp,0.54,Belchertown,,MA,,,,,60,,"wish sugars were a little higher, but in the Honeycrisp sweet spot; harvest immediately assuming  red color",,,,,,13.6,,,,3.45,,,,,,,,,,,,9/23/2014,some,,,,,,,,,11.6,6.4,,,13.6,3.45,60.0,11.6,unknown,True,3,3
Macoun,1.76,Belchertown,,MA,,,,,70,,really  needs another week to develop varietaly flaovr and quality,,,,,,18.1,,,,3.1,,,,,,,,,,,,9/23/2014,nil,,,,,,,,,11.3,3.4,,,18.1,3.1,70.0,11.3,unknown,False,3,3
Buckeye Gala,0.46,Belchertown,,MA,,,,,98,,on it’s last legs,,,,,,19.4,,,,2.9,,,,,,,,,,,,9/23/2014,nil,,,,,,,,,12.6,5,,,19.4,2.9,98.0,12.6,unknown,False,3,3
Tome Empire,1.26,Belchertown,,MA,,,,,95,,"good color, but need some more maturity (5 days)",,,,,,17.5,,,,3.1,,,,,,,,,,,,9/24/2014,none,,,,,,,,,12,3.5,,,17.5,3.1,95.0,12.0,unknown,False,3,3
Honeycrisp,0.72,Hawley,,MA,,,,,80,,"sugars could be up a bit, otherwise very nice; ready for 1st pick",,,,,,17.7,,,,3.5,,,,,,,,,,,,9/26/2014,few,,,,,,,,,11.5,4.6,,,17.7,3.5,80.0,11.5,unknown,True,3,3
early Fuji Rising Sun.,,Pittstown,,NJ,good,,,,,,"watery, slightly sweet",,,,good,,13.9,watery,,,,,,,,,,September 16-30,,,,good,9/18/2014,,,,,,,,dry,average,11.1,4.9,,,13.9,,,11.1,fresh_standard,False,3,3
Early Fuji Auvil Early,,Pittstown,,NJ,good,,,,,,watery slightly sweet,,,,good,,14.0,sweet-bland,,,,,,,,,,,,,,good,9/18/2014,,,,,,,,dry,average,12.2,4.8,,,14.0,,,12.2,fresh_standard,False,3,3
early Fuji Benishogun,,Pittstown,,NJ,good,,,,,,"tasty, mild, slight starch.",,,,good,,14.7,sweet-bland,,,,,,,,,,,,,,good,9/18/2014,,,,,,,,dry,average,12.3,,,,14.7,,,12.3,fresh_standard,False,3,3
Early Fuji September wonder,,Pittstown,,NJ,good,,,,,,,,,,good,,15.1,sweet-bland,,,,,,,,,,September 16-30,,,,good,9/18/2014,,,,,,,,dry,average,12.7,3.3,,,15.1,,,12.7,fresh_standard,False,3,3
Honeycrisp,,Hackettstown,,NJ,,,,,,,,,,,,,16.7,,,,,,,,,,,,,,,,9/5/2014,,,,,,,,,,14.5,5.3,,,16.7,,,14.5,unknown,True,3,3
Linda Mac ,,Pittstown,,NJ,,,,,,,,,,,,,15.1,,,,,,,,,,,,,,,,9/2/2014,,,,,,,,,,12.5,4.6,,,15.1,,,12.5,unknown,False,3,3
Buckeye Gala,,Pittstown,,NJ,,,,,,,,,,,,,17.7,,,,,,,,,,,,,,,,9/2/2014,,,,,,,,,,12.1,4.3,,,17.7,,,12.1,unknown,False,3,3
Gale Gala,,Pittstown,,NJ,,,,,,,,,,,,,18.7,,,,,,,,,,,,,,,,9/2/2014,,,,,,,,,,11.6,4.5,,,18.7,,,11.6,unknown,False,3,3
Liberty,1.06,Belchertown,,MA,,,,,90,,"drop on heavily cropped trees, all picked",,,,,,18.5,,,,3.25,,,,,,,,,,,,10/3/2014,some,,,,,,,,,13.2,4.6,,,18.5,3.25,90.0,13.2,unknown,False,3,3
Modi,,Belchertown,no,MA,very good,don’t know,medium,faint,90+,solid,"nice, impressive, did well in taste test",present,,light-medium,very good,none,21.5,sweet-tart,green-white,firm melting,3.0,light green,deep mahogany red,,medium,conic-ovoid,209.0,October 1-15,conspicuous,middle-late,curculio?,very good,10/3/2014,none,EMLA 9,<5,stem,,none,resistant,dry,average,13.5,3.9,upright-spreading,medium,21.5,3.0,,13.5,fresh_premium,False,3,4
Gibson Golden Delicious,0.79,Belchertown,,MA,,,,,,,ready to go for sure,,,,,,15,,,,3.2,,,,,,,,,,,,10/3/2014,"none, lightish crop load",B.9,,,,,,,,13.9,5.4,,,15.0,3.2,,13.9,unknown,False,3,3
Ambrosia,0.21,Belchertown,,MA,,,,,70,,background color change good but flavor not there according to Jim,,,,,,20.6,,,,"3.25, light crop",,,,,,,,,,,,10/3/2014,nil,,,,,,,,,14.1,2.7,,,20.6,,70.0,14.1,unknown,True,3,3
Cameo,1.04,Belchertown,,MA,,,,,75,,"just barely ready for start of harvest; very nice quality, good brix",,,,,,17.3,,,,3.4,,,,,,,,,,,,10/10/2014,nil,,,,,,,,,12.8,3.6,,,17.3,3.4,75.0,12.8,unknown,False,3,3
Suncrisp,0.94,Belchertown,,MA,,,,,10,,just about ready for 1st-pick,,,,,,13.2,,,,3.1,,,,,,,,,,,,10/13/2014,none,,,,,,,,,13.2,4.9,,,13.2,3.1,10.0,13.2,unknown,False,3,3
Morning Mist Fuji,0.84,Belchertown,,MA,,,,,95,,watercore! need to be picked ASAP,,,,,,14.8,,,,3.3,,,,,,,,,,,,10/13/2014,none,,,,,,,,,15.2,7.8,,,14.8,3.3,95.0,15.2,unknown,False,3,3
Mutsu,1.44,Belchertown,,MA,,,,,,,needs another week to develop varietal flavor and quality (still pretty green),,,,,,16.4,,,,3.4,,,,,,,,,,,,10/13/2014,none,,,,,,,,,11.7,4.8,,,16.4,3.4,,11.7,unknown,False,3,3
Crimson Topaz,0.5,Belchertown,,MA,,,,,80,,"ready to pick, n=5",,,,,,16.6,,,,3.25,,,,,,,,,,,,10/13/2014,nil,,,,,,,,,13.2,4.4,,,16.6,3.25,80.0,13.2,unknown,False,3,3
Crimson Gold,,Belchertown,,MA,excellent,,medium,slow to brown,75,solid-blush,"touch of water-core, apple maggot",absent,,medium-heavy,very good,,19.3,tart,white,medium melting,3.4,green-yellow,"orange-red, bright, attractive",,large,slight conic,274.0,,inconspicuous,late,,very good,10/17/2014,nil,EMLA 9,<5,stem,very fine,,,dry,somewhat thick,14.6,7.2,upright,medium,19.3,3.4,75.0,14.6,fresh_premium,False,5,5
Crimson Topaz,0.26,Belchertown,,MA,,,,,82,,slightly greasy; quite ripe,,,,,,16.6,,,,3.3,,,,,,,,,,,,10/17/2014,nil,,,,,,,,,12.8,6.5,,,16.6,3.3,82.0,12.8,unknown,False,3,3
Goldrush,0.55,Belchertown,,MA,,,,,5,,ready for first pick based on size and background color going to yellow; nice,,,,,,22,,,,2.95,,,,,,,,,,,,10/25/2014,none,,,,,,,,,13.4,2.3,,,22.0,2.95,5.0,13.4,unknown,False,3,3
MN1955,,Belchertown,no,MA,excellent,,medium,faint,95,solid-blush,DA=0.89; only problem is drop-prone,absent,,medium,excellent,,16.2,sweet-tart,green-white,crisp melting,3.3,green-yellow,"bright red, nice",,large,conic,290.0,August 1-15,inconspicuous,early,,excellent,8/14/2015,significant,,0,,,,,dry,somewhat thin,11.5,4.6 (2-8),upright-spreading,medium,16.2,3.3,95.0,11.5,fresh_premium,False,5,1
Zestar!,0.77,Belchertown,,MA,,,,,45,,nice crop; begin spot pick based on color,,,,,,13.8,,,,3.25,,,,,,,,,,,,8/18/2015,nil,,,,,,,,,12.9,3.5,,,13.8,3.25,45.0,12.9,unknown,False,3,3
Sansa,0.24,Belchertown,,MA,,,,,50,,1 with water core; ready to spot pick for sure,,,,,,16.2,,,,3.0,,,,,,,,,,,,8/18/2015,nil,,,,,,,,,13.9,3.7,,,16.2,3.0,50.0,13.9,unknown,False,3,3
Paulared,1.25,Belchertown,,MA,,,,,55,,"quite a bit of drop; junk, but being picked",,,,,,15.2,,,,3.2,,,,,,,,,,,,8/18/2015,some,,,,,,,,,11.4,3.7,,,15.2,3.2,55.0,11.4,unknown,False,3,3
Zestar!,0.45,Belchertown,,MA,,,,,65,,"second pick, one with watercore (N=5), getting long,need to harvest ASAP",,,,,,12.8,,,,3.5,,,,,,,,,,,,8/31/2015,nil,,,,,,,,,12.7,5.5,,,12.8,3.5,65.0,12.7,unknown,False,3,3
Honeycrisp,0.62,Belchertown,,MA,,,,,55,,"picked reddest fruit; barely ready to start harvest, but by end of week/Labor Day, yes",,,,,,15.6,,,,3.4,,,,,,,,,,,,8/31/2015,nil,,,,,,,,,11.7,4.7,,,15.6,3.4,55.0,11.7,unknown,True,3,3
Buckeye Gala,1.07,Belchertown,,MA,,,,,95,,"despite being fully red, immature, need a week of heat, then test again",,,,,,19.2,,,,2.9,,,,,,,,,,,,8/31/2015,none,,,,,,,,,11.3,3.5,,,19.2,2.9,95.0,11.3,unknown,False,3,3
Ginger Gold,0.55,Belchertown,,MA,,,,,,,"should be in middle of harvest, does not starch test well; very nice quality, large fruit",,,,,,17.5,,,,3.4,,,,,,,,,,,,8/31/2015,few,,,,,,,,,13.3,3.5,,,17.5,3.4,,13.3,unknown,False,3,3
Akane,0.55,Belchertown,,MA,,,,,85,,"heavy crop; not impressed with quality, heavy crop has depressed sugars, need to harvest ASAP",,,,,,15.5,,,,2.9,,,,,,,,,,,,8/31/2015,nil,,,,,,,,,10.4,6.5,,,15.5,2.9,85.0,10.4,unknown,False,3,3
Lindamac McIntosh,1.74,Belchertown,,MA,,,,,80,,"still very green, wait another week before testing again (and harvest)",,,,,,16,,,,3.0,,,,,,,,,,,,8/31/2015,nil,,,,,,,,,10.7,3.4,,,16.0,3.0,80.0,10.7,unknown,False,3,3
River  (DS-22),0.33,Belchertown,,MA,,,,,80 stiped,,"not a real good look here, ribbed, some signs of bitter pit, flavor lacking “off” rather “tropical” in nature",,,,,,15.2,,,,3.75,,,,,,,,,,,,8/31/2015,few,,,,,,,,,13,6.9,,,15.2,3.75,,13.0,unknown,False,3,3
Rubymac,1.46,Deerfield,,MA,,,,,90,,need to harvest ASAP; may have received some ReTain via drift?,,,,,,15.7,,,,3.1,,,,,,,,,,,,9/8/2015,nil,,,,,,,,,11.1,5 (4-6),,,15.7,3.1,90.0,11.1,unknown,False,3,3
Lindamac,1.74,Deerfield,,MA,,,,,75,,felt loose on tree; may have received some ReTain via drift? watch drop,,,,,,14.5,,,,3.2,,,,,,,,,,,,9/8/2015,few,,,,,,,,,11.5,4 (3.5-4.5),,,14.5,3.2,75.0,11.5,unknown,False,3,3
Brookfield Gala,0.25,Deerfield,,MA,,,,,90,,need to first pick based on size and background color ASAP,,,,,,20.6,,,,3.0,,,,,,,,,,,,9/8/2015,none,,,,,,,,,12,4 (3-6),,,20.6,3.0,90.0,12.0,unknown,False,3,3
Honeycrisp,0.27,Deerfield,,MA,,,,,65,,"wow, detecting some ferment flavor, harvest ASAP",,,,,,14.7,,,,3.3,,,,,,,,,,,,9/8/2015,some,,,,,,,,,12,7.5,,,14.7,3.3,65.0,12.0,unknown,True,3,3
Buckeye Gala,0.41,Belchertown,,MA,,,,,95,,"ready to go, wish sugar was higher? nice, large fruit",,,,,,18.6,,,,2.9,,,,,,,,,,,,9/9/2015,none,,,,,,,,,11,4.2 (3-7),,,18.6,2.9,95.0,11.0,unknown,False,3,3
Silken ,0.25,Belchertown,,MA,,,,,,,being harvested today,,,,,,16.3,,,,2.9,,,,,,,,,,,,9/9/2015,nil,,,,,,,,,11.7,5.3 (3-6),,,16.3,2.9,,11.7,unknown,False,3,3
Lindamac McIntosh,1.77,Belchertown,,MA,,,,,80,,,,,,,,15.3,,,,3.1,,,,,,,,,,,,9/9/2015,some,,,,,,,,,,4.7,,,15.3,3.1,80.0,,unknown,False,3,3
Honeycrisp,0.29,Belchertown,,MA,,,,,65,,,,,,,,14.2,,,,3.6,,,,,,,,,,,,9/9/2015,few,,,,,,,,,12.4,7.3 (7-8),,,14.2,3.6,65.0,12.4,unknown,True,3,3
Honeycrisp,0.4,Northboro,,MA,,,,,75,,"top pick from trees, STO and NOSTO",,,,,,15.6,,,,3.5,,,,,,,,,,,,9/9/2015,few,,,,,,,,,12.3,7.3 (5-8),,,15.6,3.5,75.0,12.3,unknown,True,3,3
McIntosh,1.77,Belchertown,,MA,,,,,60,,"with ReTain, X block",,,,,,15.7,,,,3.1,,,,,,,,,,,,9/11/2015,some,,,,,,,,,11.1,4 (3.5-6.5),,,15.7,3.1,60.0,11.1,unknown,False,3,3
,,Pittstown,half rate,NJ,fair,,weak,,60,blush-stripe,watermelon essence,absent,,heavy,excellent,no,21,sweet,cream-yellow,crisp melting,7.3cm,green,red,,,,,September 1-15,inconspicuous,middle,,excellent,9/15/2015,none,,5,,fine,no,none,dry,thin,14.4,3.8,spreading-upright,weak,21.0,,60.0,14.4,fresh_standard,False,3,3
Honeycrisp,0.72,Belchertown,,MA,,,,,50 barely,,"large, on the green color side, bitter pit, flavor good though; what happens when you crop 2nd-leaf trees; see if can wait another week for pick",,,,,,12.2,,,,3.7,,,,,,,,,,,,9/17/2015,nil,,,,,,,,,12.1,7.3,,,12.2,3.7,,12.1,unknown,True,3,3
Redcort Cortland,1.61,Belchertown,,MA,,,,,85,,"being harvested, does not starch test well, still pretty green; economically ripe but could use another week",,,,,,16.5,,,,3.4,,,,,,,,,,,,9/18/2015,none,,,,,,,,,11.5,3.2,,,16.5,3.4,85.0,11.5,unknown,False,3,3
Blondee,0.34,Belchertown,,MA,,,,,,,"nice, but surface defects easily seen; small if not adequately thinned, and quality suffers too; very nice fruit if can grow large size",,,,,,17.7,,,,3.0,,,,,,,,,,,,9/18/2015,none,,,,,,,,,10.9,4.5 (2-7),,,17.7,3.0,,10.9,unknown,False,3,3
Lindamac McIntosh,1.47,Belchertown,,MA,,,,,90,,,,,,,,14.9,,,,3.1,,,,,,,,,,,,9/18/2015,some,,,,,,,,,11.4,4.8 (4-6),,,14.9,3.1,90.0,11.4,unknown,False,3,3
McIntosh,1.62,Belchertown,,MA,,,,,75,,X-block,,,,,,14.8,,,,3.25,,,,,,,,,,,,9/21/2015,some,,,,,,,,,12.2,5.6,,,14.8,3.25,75.0,12.2,unknown,False,3,3
Morning Mist Fuji,0.86,Belchertown,,MA,,,,,90 diffuse on part,,Ready to harvest,,,,,,13.9,,,,3.2,,,,,,,,,,,,9/21/2015,none,,,,,,,,,12.7,6.5,,,13.9,3.2,,12.7,unknown,False,3,3
DS-165 Golden Glory,1.38,Belchertown,,MA,,,,,,,need another week,,,,,,17.7,,,,3.2,,,,,,,,,,,,9/22/2015,none,,,,,,,,,13.5,4.5,,,17.7,3.2,,13.5,unknown,False,3,3
Macoun,1.5,Belchertown,,MA,,,,,75,,large fruit w/ watercore; uneven maturity; some seem very loose on tree,,,,,,17.1,,,,3.2,,,,,,,,,,,,9/22/2015,some,,,,,,,,,12.4,3.9 (2.5-7),,,17.1,3.2,75.0,12.4,unknown,False,3,3
Rubinbstar Jonagold,0.79,Belchertown,,MA,,,,,80,,one with watercore; ready for 1st pick,,,,,,15.9,,,,3.45,,,,,,,,,,,,9/22/2015,none,,,,,,,,,13.2,5.3 (4-7),,,15.9,3.45,80.0,13.2,unknown,False,3,3
Empire,1.44,Belchertown,,MA,,,,,70,,"still green, wait a week and test again",,,,,,19.8,,,,2.9,,,,,,,,,,,,9/22/2015,nil,,,,,,,,,11.2,2.8,,,19.8,2.9,70.0,11.2,unknown,False,3,3
Modi,,Belchertown,no,MA,very good,,medium,faint,95,solid,"russet, when it occurs kind of net-like; this is a nice, sweet-tart apple; DA=0.87",absent,,medium,very good,unknown,20.4,sweet-tart,green-cream-white,firm melting,3.05,green,red-maroon,,medium-large,cylindrical-conic,228.0,September 16-30,somewhat conspicuous,middle-late,,very good,9/25/2015,some,,<5,"all over-variable, not bad or on all fruit",medium-coarse,suscptible,resistant,not yet,average,13.3,3.6,upright-spreading,medium,20.4,3.05,95.0,13.3,fresh_premium,False,3,4
Crimson Topaz,0.62,Belchertown,,MA,,,,,80,,could use another week to ripen,,,,,,17.5,,,,3.5,,,,,,,,,,,,10/8/2015,none,,,,,,,,,12.3,3.5,,,17.5,3.5,80.0,12.3,unknown,False,3,3
Ambrosia,0.69,Belchertown,,MA,,,,,75,,"could be ready for first pick; good, medium-heavy crop load, nice flavor",,,,,,16.6,,,,3.2,,,,,,,,,,,,10/8/2015,none,,,,,,,,,12.3,4.07,,,16.6,3.2,75.0,12.3,unknown,True,3,3
Cameo,1.18,Belchertown,,MA,,,,,85,,needs another week,,,,,,16.6,,,,3.4,,,,,,,,,,,,10/8/2015,none,,,,,,,,,11,3.2,,,16.6,3.4,85.0,11.0,unknown,False,3,3
Musu/Crispin,0.69,Belchertown,,MA,,,,,,,could be ready for first pick based on green to yellow,,,,,,17.7,,,,3.5,,,,,,,,,,,,10/8/2015,nil,,,,,,,,,13,3.1,,,17.7,3.5,,13.0,unknown,False,3,3
Gibson Golden Delicious,1.05,Belchertown,,MA,,,,,,,could use another 5 days,,,,,,15.7,,,,3.2,,,,,,,,,,,,10/8/2015,none,,,,,,,,,13.2,5.25,,,15.7,3.2,,13.2,unknown,False,3,3
Red Delicious,1.16,Belchertown,,MA,,,,,100,,two with watercore,,,,,,15,,,,3.4,,,,,,,,,,,,10/18/2015,nil,,,,,,,,,12.4,3.3,,,15.0,3.4,100.0,12.4,unknown,False,3,3
Sutton Beauty,1.14,Belchertown,no,MA,very good,tendency,medium,yes,90,solid-blush,"some San Jose scale; attractive; eats OK; from Sutton, MA",absent,,heavy,good,,15.3,milde-tart,green-white,soft-crisp-fine,3.2,light green,red,,medium,round-conic,223.0,October 1-15,somewhat conspicuous,late,,good,10/18/2015,"significant-some, heavy crop",EMLA 7?,0,,,,,dry,somewhat thick,10.8,4-5,upright-spreading,medium-strong,15.3,3.2,90.0,10.8,fresh_premium,False,3,5
Evercrisp,1.03,Belchertown,,MA,fair,,medium,slow to brown,55,1.09,lots of water core; have been frozen on tree,"prone to stem-end, few",stem,medium-heavy,good,,19.9,sweet,cream-white,medium melting,3.4,light green-green,dull red,,medium-large,round-slight conic,290.0,,somewhat conspicuous,late,,fair-good,10/23/2015,none,M.9,>10,"all over, net",fine,,,dry,average,15,5.6,upright-spreading,medium,19.9,3.4,55.0,15.0,fresh_standard,False,3,5
Goldrush,0.67,Belchertown,,MA,,,,,,,over-cropped trees,,,,,,18.1,,,,3.0,,,,,,,,,,,,10/27/2015,none,,,,,,,,,12.9,4-5,,,18.1,3.0,,12.9,unknown,False,3,3
Zestar!,0.51,Belchertown,,MA,,,,,40,,light-moderate crop due to freeze; tart; some watercore; touch of sunburn noted,,,,,,14.3,,,,3.1,,,,,,,,,,,,8/25/2016,few,,,,,,,,,13.5,4.2 (3-5),,,14.3,3.1,40.0,13.5,unknown,False,3,3
Sansa,0.42,Belchertown,,MA,,,,,45,,sweet; heavy (over) crop; some watercore,,,,,,14.2,,,,2.9,,,,,,,,,,,,8/15/2016,nil,,,,,,,,,12.3,6 (4.5-7.5),,,14.2,2.9,45.0,12.3,unknown,False,3,3
Gingergold,1.43,Belchertown,,MA,,,,,,,sweet-tart; some sunburn noted,,,,,,21.7,,,,2.9,,,,,,,,,,,,8/15/2016,none,,,,,,,,,12.3,1.5 (1-2),,,21.7,2.9,,12.3,unknown,False,3,3
Minneiska,0.41,Belchertown,,MA,,,,,60,,some watercore; could use another week to develop full variety flavor,,,,,,17.1,,,,3.0,,,,,,,,,,,,8/15/2016,few,,,,,,,,,12.5,3.5 (3-4.5),,,17.1,3.0,60.0,12.5,unknown,False,3,3
Paulared,1.0,Belchertown,,MA,,,,,50,,watercore; baked apples,,,,,,13.7,,,,3.4,,,,,,,,,,,,8/15/2016,significant,,,,,,,,,11.3,4 (3-5),,,13.7,3.4,50.0,11.3,unknown,False,3,3
"MN 55 (aka Rave, Sweet Kiss)",0.61,Belchertown,,MA,,,,,80,,uneven maturity; otherwise nice,,,,,,17.2,,,,3.0,,,,,,,,,,,,8/15/2016,significant,,,,,,,,,13.6,4 (1.5-6.5),,,17.2,3.0,80.0,13.6,unknown,False,3,3
Akane,0.38,Belchertown,,MA,,,,,85,,lots of stem-end russset; clustered fruit; ready to pick,,,,,,18.4,,,,2.7,,,,,,,,,,,,8/22/2016,very few,,,,,,,,,14.2,6,,,18.4,2.7,85.0,14.2,unknown,False,3,3
Ginger Gold,0.81,Belchertown,,MA,,,,,,,"some signs of sunburn; could be harvested, largest fruit first; reminiscent of jarred apple sauce; does not starch test well",,,,,,20.3,,,,3,,,,,,,,,,,,8/22/2016,none,,,,,,,,,13.2,2.5,,,20.3,3.0,,13.2,unknown,False,3,3
Rubymac,1.79,Belchertown,,MA,,,,,85,,"despite red color, green as grass",,,,,,18.6,,,,2.8,,,,,,,,,,,,8/22/2016,none,,,,,,,,,11.1,2.5,,,18.6,2.8,85.0,11.1,unknown,False,3,3
Minneiska,0.38,Belchertown,,MA,,,,,60,,lots of russet/finish issues; signs of scale; 3/5 with water core,,,,,,17.8,,,,3.0,,,,,,,,,,,,8/22/2016,nil,,,,,,,,,13.6,4.7,,,17.8,3.0,60.0,13.6,unknown,False,3,3
Zestar!,0.32,Belchertown,,MA,,,,,45,,I’d be wrapping up harvest of these ASAP,,,,,,13.7,,,,2.9,,,,,,,,,,,,8/22/2016,few,,,,,,,,,12.7,6.5,,,13.7,2.9,45.0,12.7,unknown,False,3,3
Honeycrisp,0.45,Easthampton,,MA,,,,,40,,"pretty rough look, DA is low but firmness is up, SI indicates not ready to harvest; expect uneven maturity?",,,,,,22,,,,3.0,,,,,,,,,,,,8/24/2016,none,,,,,,,,,14.1,3 (1-5),,,22.0,3.0,40.0,14.1,unknown,True,3,3
Buckeye Gala,1.06,Belchertown,,MA,,,,,"80, dull, not fully developed",,green Gala,,,,,,19,,,,2.9,,,,,,,,,,,,8/25/2016,none,,,,,,,,,9.1,2.5 (1.5-5.5),,,19.0,2.9,,9.1,unknown,False,3,3
Honeycrisp,0.8,Belchertown,,MA,,,,,40,,"not even close yet, despite relatively low DA",,,,,,20.7,,,,2.75,,,,,,,,,,,,8/25/2016,nil,,,,,,,,,11.3,2.5 (2-3.5),,,20.7,2.75,40.0,11.3,unknown,True,3,3
Honeycrisp,0.45,Harvard,,MA,,,,,45,,n=4 only; not ready to pick despite low DA Index,,,,,,21.9,,,,2.8,,,,,,,,,,,,8/25/2016,nil,,,,,,,,,12.4,3 (2-3.5),,,21.9,2.8,45.0,12.4,unknown,True,3,3
Buckeye Gala,0.34,Northboro,,MA,,,,,70,,definitely ready for first pick,,,,,,20.4,,,,3.0,,,,,,,,,,,,9/1/2016,none,,,,,,,,,13.1,3.6,,,20.4,3.0,70.0,13.1,unknown,False,3,3
Rubymac,1.81,Northboro,,MA,,,,,80,,"way green, white seeds; ReTain’d",,,,,,18,,,,2.8,,,,,,,,,,,,9/1/2016,none,,,,,,,,,10.7,2.5,,,18.0,2.8,80.0,10.7,unknown,False,3,3
Honeycrisp,0.75,Northboro,,MA,,,,,35,,one with moldy core (n=6);,,,,,,16.5,,,,3.0,,,,,,,,,,,,9/1/2016,few-push off?,,,,,,,,,12.8,4.7 (2-8),,,16.5,3.0,35.0,12.8,unknown,True,3,3
River Belle (DS-22),0.36,Belchertown,no,MA,fair,tendency,medium,yes,40,stripe,"some bitter pit, not too bad; quite ripe, need harvest ASAP",absent right now,,medium-heavy,very good,no,16.7,"seet, fruity",cream-yellow,medium-crisp,3.4,yellow-green,orange-red,,large,globose,242.0,September 1-15,mostly inconspicuous,early,,good,9/2/2016,few,M.26,5,stem,coarse,no,no,slightly greasy,average,12.5,6.5 (6-7),upright-spreading,medium-strong,16.7,3.4,40.0,12.5,fresh_standard,False,5,1
Lindamac McIntosh,1.87,Belchertown,,MA,,,,,80,,"seeds kind of white still; still pretty green, just barely suitable for harvest",,,,,,16.5,,,,3.0,,,,,,,,,,,,9/5/2016,few,,,,,,,,,11.5,3.2 (3-5),,,16.5,3.0,80.0,11.5,unknown,False,3,3
Honeycrisp,0.61,Belchertown,,MA,,,,,65,,"some water-core; young trees with generally good color; barely ready to harvest, but expect variability in individual fruit maturity",,,,,,15.2,,,,3.9,,,,,,,,,,,,9/5/2016,few,,,,,,,,,13.6,4.6 (3-6),,,15.2,3.9,65.0,13.6,unknown,True,3,3
Buckeye Gala,0.32,Belchertown,,MA,,,,,95,,"nice, sweet",,,,,,20.5,,,,3.0,,,,,,,,,,,,9/5/2016,none,,,,,,,,,13.4,3.8,,,20.5,3.0,95.0,13.4,unknown,False,3,3
Honeycrisp,0.67,Belchertown,,MA,,,,,75 variable from green to red,,"2014 NC-14 apple planting; significant drop on some rootstocks, and wide variation in fruit color/maturity",,,,,,14.7,,,,3.2,,,,,,,,,,,,9/12/2016,some,,,,,,,,,13.3,6.4 (5-7),,,14.7,3.2,,13.3,unknown,True,3,3
Honeycrisp,0.51,Belchertown,,MA,,,,,85,,"2010 NC-140; lots of drop, somewhat greasy fruit, bitter pit",,,,,,15.2,,,,3.25,,,,,,,,,,,,9/12/2016,significant,,,,,,,,,13.8,6.8 (5 to 7.5),,,15.2,3.25,85.0,13.8,unknown,True,3,3
Royal Red Honeycrisp,0.28,Belchertown,,MA,,,,,90 intense,,"very nice, could have been picked earlier",,,,,,16.1,,,,3.2,,,,,,,,,,,,9/13/2016,significant,,,,,,,,,14.9,7.5 (7-8),,,16.1,3.2,,14.9,unknown,False,3,3
RIVERBELLE (DS-22),0.24,Belchertown,,MA,,,,,75 striped,,definitely last pick,,,,,,14.5,,,,3.6,,,,,,,,,,,,9/13/2016,significant,,,,,,,,,13.4,7.5,,,14.5,3.6,,13.4,unknown,False,3,3
DS-41 Pazazz,0.85,Belchertown,,MA,,,,,"45 striped, blotchy",,,,,,,,15.9,,,,3.2,,,,,,,,,,,,9/13/2016,none,,,,,,,,,12.7,3.4 (2-5),,,15.9,3.2,,12.7,unknown,False,3,3
Lindamac McIntosh,1.72,Belchertown,,MA,,,,,75 dull,,,,,,,,15.2,,,,2.9,,,,,,,,,,,,9/14/2016,"some, push-off?",,,,,,,,,13.9,4.5 (3.5-6),,,15.2,2.9,,13.9,unknown,False,3,3
Honeycrisp - NOSTOLLER,0.77,Northboro,,MA,,,,,45,,n=8,,,,,,15.9,,,,3.2,,,,,,,,,,,,9/15/2016,nil,,,,,,,,,16.5,6 (4-8),,,15.9,3.2,45.0,16.5,unknown,False,3,3
Honeycrisp - STOLLER,0.74,Northboro,,MA,,,,,55,,n=8,,,,,,14.4,,,,3.25,,,,,,,,,,,,9/15/2016,nil,,,,,,,,,16.3,6.2 (4-7.5),,,14.4,3.25,55.0,16.3,unknown,False,3,3
Honeycrisp - NOSTOLLER,0.88,Belchertown,,MA,,,,,40 poor,,n=8,,,,,,16.3,,,,3.1,,,,,,,,,,,,9/17/2016,some,,,,,,,,,15.9,4.9 (3.5-7),,,16.3,3.1,,15.9,unknown,False,3,3
Honeycrisp - STOLLER,0.69,Belchertown,,MA,,,,,45 at best,,n=8,,,,,,15.8,,,,3.25,,,,,,,,,,,,9/17/2016,some,,,,,,,,,16.2,4.9 (3.5-5.5),,,15.8,3.25,,16.2,unknown,False,3,3
DS-41 Pazazz,0.69,Belchertown,,MA,,,,,65 striped,,note that brix readings prior to this may be high,,,,,,16.2,,,,3.2,,,,,,,,,,,,9/19/2016,none,,,,,,,,,13,3.4 (3-3.5),,,16.2,3.2,,13.0,unknown,False,3,3
Lindamac McIntosh,0.0,Belchertown,,MA,,,,,85,,singles are very loose,,,,,,13.8,,,,2.9,,,,,,,,,,,,9/19/2016,some,,,,,,,,,12.3,5.4 (4.5 to 6.5),,,13.8,2.9,85.0,12.3,unknown,False,3,3
Macoun,0.0,Belchertown,,MA,,,,,45,,muddy red skin color; not best yet,,,,,,17.8,,,,3.1,,,,,,,,,,,,9/23/2016,"some, push-off?",,,,,,,,,12.6,3.5,,,17.8,3.1,45.0,12.6,unknown,False,3,3
Ambrosia,0.33,Belchertown,,MA,,,,,55,,,,,,,,17.5,,,,2.9,,,,,,,,,,,,9/27/2016,nil,,,,,,,,,13.6,4.7,,,17.5,2.9,55.0,13.6,unknown,True,3,3
Morning Mist Fuji,0.65,Belchertown,,MA,,,,,"75 but weak overall, still OK",,,,,,,,13.8,,,,3.2,,,,,,,,,,,,9/27/2016,nil,,,,,,,,,13.4,7,,,13.8,3.2,,13.4,unknown,False,3,3
Modi,0.72,Belchertown,,MA,,,,,95+,,,,,,,,22.9,,,,2.9,,,,,,,,,,,,9/27/2016,nil,,,,,,,,,13.1,3.5 (3-6),,,22.9,2.9,,13.1,unknown,False,3,3
DS-41 Pazazz,0.620408,Belchertown,,MA,,,,,75,,233 grams (n=10); right on,,,,,,14.2,,,,3.25,,,,,,,,,,,,9/27/2016,"nil, but getting lose",,,,,,,,,13.8,5 (4-6),,,14.2,3.25,75.0,13.8,unknown,False,3,3
Liberty,0.82,Belchertown,,MA,,,,,90,,some moldy core,,,,,,19,,,,3.0,,,,,,,,,,,,9/28/2016,nil,,,,,,,,,13.8,4 (2-6),,,19.0,3.0,90.0,13.8,unknown,False,3,3
Empire,1.16,Belchertown,,MA,,,,,80,,"not thinned, poor quality",,,,,,16,,,,2.8,,,,,,,,,,,,10/3/2016,few,,,,,,,,,11.2 not so great,5,,,16.0,2.8,80.0,,unknown,False,3,3
Golden Delicious,0.76,Belchertown,,MA,,,,,,,nice,,,,,,15.2,,,,2.9,,,,,,,,,,,,10/3/2016,none,,,,,,,,,14.5,6.5 (6-7),,,15.2,2.9,,14.5,unknown,False,3,3
Crimson Gold,0.29,Belchertown,,MA,,,,,70,,I suspect this would make a good cider apple; DA and SI don’t line up real well,,,,,,20.2,,,,3.2,,,,,,,,,,,,10/3/2016,none,,,,,,,,,15.5,5 (4-7),,,20.2,3.2,70.0,15.5,unknown,False,3,3
Jonagold,0.66,Belchertown,,MA,,,,,65,,"poorly managed block, not real good looking; 1 with watercore",,,,,,14.9,,,,3.1,,,,,,,,,,,,10/3/2016,some,,,,,,,,,14.1,7.5,,,14.9,3.1,65.0,14.1,unknown,False,3,3
Suncrisp,0.27,Belchertown,,MA,,,,,5-25 blush,,"quite ripe, but some fruit still looking pretty green on the tree; very sensitive to crop load management",,,,,,18.1,,,,3.1,,,,,,,,,,,,10/13/2016,nil,,,,,,,,,15.3,5 (4-6),,,18.1,3.1,,15.3,unknown,False,3,3
Crimson Topaz,0.63,Belchertown,,MA,,,,,65 striped,,some bitter pit,,,,,,17.1,,,,3.2 but obloid shape,,,,,,,,,,,,10/13/2016,none,,,,,,,,,14,4.5 (3.5-6),,,17.1,,,14.0,unknown,False,3,3
Cameo,0.86,Belchertown,,MA,,,,,"60, striped, not that great",,"very light crop, but fruit clustered; off-year and freeze damage? somewhat mis-shapen fruit",,,,,,16.4,,,,"3.2, variable, some very large, some very small",,,,,,,,,,,,10/13/2016,nil,,,,,,,,,13.3,4 (3-6),,,16.4,,,13.3,unknown,False,3,3
Evercrisp,0.96,Belchertown,,MA,,,,,75 somewhat dull,,"watercore; ready to pick, nice",,,,,,18.8,,,,3.25,,,,,,,,,,,,10/24/2016,nil,,,,,,,,,14.3,6.5 (6-7),,,18.8,3.25,,14.3,unknown,False,3,3
Goldrush,0.73,Belchertown,,MA,,,,,,,variable maturity,,,,,,21.8,,,,3.0,,,,,,,,,,,,10/24/2016,none,,,,,,,,,15.6,4 (3-5),,,21.8,3.0,,15.6,unknown,False,3,3
Premier Honeycrisp (DAS 10),0.64,Belchertown,,MA,,,,,50,,"n=5; not bad, pick by color, significant drop off 2nd-leaf trees",,,,,,12.8,,,,3.2,,,http://fruitadvisor.info/tfruit/2017appleharvest/premierhoneycrisp082217.jpg,,,,,,,,,8/22/2017,some,,,,,,,,,11.6,6 (4-8),,,12.8,3.2,50.0,11.6,unknown,False,3,3
Ginger Gold,1.2,Belchertown,,MA,,,,,,,"could wait another week, but getting there",,,,,,15.9,,,,3.1,,,,,,,,,,,,8/23/2017,nil,,,,,,,,,10.6,"2-3 mostly, one was 5-6",,,15.9,3.1,,10.6,unknown,False,3,3
Paulared,1.22,Belchertown,,MA,,,,,70,,some watercore; expect uneven maturity,,,,,,12.7,,,,3.25,,,,,,,,,,,,8/23/2017,few,,,,,,,,,10.7,"5-7, mostly 5-6",,,12.7,3.25,70.0,10.7,unknown,False,3,3
Sansa,0.28,Belchertown,,MA,,,,,65,,"calyx russet, nice flavor, touch of watercore definitely ready; only question is are they going to kill Sansa off in GoT???",,,,,,14.6,,,,2.9,,,,,,,,,,,,8/23/2017,nil,,,,,,,,,13.5,"3-6.5, average about a 5",,,14.6,2.9,65.0,13.5,unknown,False,3,3
Zestar!,0.83,Belchertown,,MA,,,,,40,,"bruise easily, heavy crop, color could be better, otherwise ready to harvest",,,,,,13.9,,,,3,,,,,,,,,,,,8/23/2017,nil,,,,,,,,,12.1,"4-6, average 5",,,13.9,3.0,40.0,12.1,unknown,False,3,3
Akane,0.97,Belchertown,,MA,,,,,65,,probably ready to harvest,,,,,,18,,,,2.8,,,,,,,,,,,,8/23/2017,nil,,,,,,,,,12.3,5-6,,,18.0,2.8,65.0,12.3,unknown,False,3,3
River Belle (DS-22 cv.),0.480131,Northboro,,MA,,,,,65,,"rough looking, hail, some stem-end cracking, bitter pit, 2nd-leaf trees, very variable maturity; pick by red color and background, one with mold core, flavor is sufficient, 2nd-leaf trees",,,,,,15,,,,3.6,,,,,,,,,,,,8/31/2017,nil,,,,,,,,,13.6,5.8 (1.5 to 8),,,15.0,3.6,65.0,13.6,unknown,False,3,3
River Belle (DS-22 cv.),0.5014099,Belchertown,,MA,,,,,40% striped,,"bitter pit, light crop",,,,,,17.8,,,,3.4,,,,,,,,,,,,8/31/2017,nil,,,,,,,,,13.6,5.9 (4-7.5),,,17.8,3.4,,13.6,unknown,False,3,3
Gala (Royal?),0.82,Northboro,,MA,,,,,65,,"green, likely treated with ReTain; wait at least another week to pick",,,,,,22.6,,,,2.65,,,,,,,,,,,,8/31/2017,none,,,,,,,,,10/6,1-2 (1.5),,,22.6,2.65,65.0,,unknown,False,3,3
Honeycrisp (Cameron Select),0.83,Harvard,,MA,,,,,70,,need another week...,,,,,,16.2,,,,3.1,,,,,,,,,,,,8/31/2017,few,,,,,,,,,11.8,4.7,,,16.2,3.1,70.0,11.8,unknown,False,3,3
Lindamac McIntosh,0.0,Belchertown,,MA,,,,,65 striped,,"still pretty green, tart, I’d wait a week to pick",,,,,,15,,,,3.05,,,,,,,,,,,,9/4/2017,none,,,,,,,,,11,4 (3-5),,,15.0,3.05,,11.0,unknown,False,3,3
Rubymac,0.0,Belchertown,,MA,,,,,95+,,"still pretty green despite color, start harvest",,,,,,15.5,,,,2.9,,,,,,,,,,,,9/4/2017,nil,,,,,,,,,10.6,4.5 (4-5.5),,,15.5,2.9,,10.6,unknown,False,3,3
Buckeye Gala,0.89,Belchertown,,MA,,,,,80,,"touch of background color change, DA says it all, should be 0.7 or less, needs a week to develop variety flavor",,,,,,19.8,,,,2.75,,,,,,,,,,,,9/4/2017,none,,,,,,,,,11.3,2.7 (1.5 to 4.5),,,19.8,2.75,80.0,11.3,unknown,False,3,3
Royal Red Honeycrisp,0.72,Belchertown,,MA,,,,,75,,"DA not quite there, but harvest imminent",,,,,,15,,,,3.0,,,,,,,,,,,,9/4/2017,nil,,,,,,,,,12.2,6.5 (6-7),,,15.0,3.0,75.0,12.2,unknown,False,3,3
Honeycrisp,0.68,Belchertown,,MA,,,,,60,,"over-cropped trees = poor quality Honeycrisp, so wait a bit to pick",,,,,,16.2,,,,2.9,,,,,,,,,,,,9/4/2017,some,,,,,,,,,10.9,5.5 (3.5 to 7.5),,,16.2,2.9,60.0,10.9,unknown,True,3,3
River Belle (DS-22),0.75,Belchertown,,MA,,,,,60,,,,,,,,16.4,,,,3.5,,,,,,,,,,,,9/5/2017,few,,,,,,,,,12.4,6 (4-8),,,16.4,3.5,60.0,12.4,unknown,False,3,3
River Belle DS-22,0.69,Northboro,,MA,,,,,60 stripes,,n=8,,,,,,14.1,,,,3.75,,,,,,,,,,,,9/7/2017,nil,,,,,,,,,13.1,5 (3.5-7.5),,,14.1,3.75,,13.1,unknown,False,3,3
Royal Red Honeycrisp,0.81,Northboro,,MA,,,,,70,,2nd-leaf trees,,,,,,15.5,,,,3.1,,,,,,,,,,,,9/7/2017,nil,,,,,,,,,12.9,6 (4.5-8),,,15.5,3.1,70.0,12.9,unknown,False,3,3
Honeycrisp,0.55,Belchertown,,MA,,,,,65,,"2014 NC-140 first 3 reps, light crop overall, some bitter pit, drop, rots",,,,,,14.5,,,,3.35,,,,,,,,,,,,9/9/2017,some,,,,,,,,,13.6,6.5 (6-8),,,14.5,3.35,65.0,13.6,unknown,True,3,3
Snappy Mac McIntosh,0.0,Belchertown,,MA,,,,,"80, nice",,nice,,,,,,14.9,,,,3.05,,,,,,,,,,,,9/9/2017,some,,,,,,,,,11.7,4.9 (4-6),,,14.9,3.05,,11.7,unknown,False,3,3
Lindamac McIntosh,0.0,Belchertown,,MA,,,,,90,,scab,,,,,,14.7,,,,3.0,,,,,,,,,,,,9/12/2017,nil,,,,,,,,,11.1,5.2 (4.5 to 7),,,14.7,3.0,90.0,11.1,unknown,False,3,3
Honeycrisp,0.67,Belchertown,,MA,,,,,70,,"2010 NC-140; 7 bins picked over two days, good color in general, BP not too bad",,,,,,14.1,,,,3.35,,,,,,,,,,,,9/12/2017,some,,,,,,,,,12.7,6.5 (6-7.5),,,14.1,3.35,70.0,12.7,unknown,True,3,3
Honeycrisp,0.33,Belchertown,,MA,,,,,75,,Done; 10 boxes 2014 NC-140 Honeycrisp; significant drop,,,,,,14.2,,,,3.4,,,,,,,,,,,,9/16/2017,significant,,,,,,,,,13.3,7.5 (7-8),,,14.2,3.4,75.0,13.3,unknown,True,3,3
Buckeye Gala,0.4,Belchertown,,MA,,,,,95,,sweet; should be all picked,,,,,,17,,,,2.75,,,,,,,,,,,,9/17/2017,none,,,,,,,,,12.2,6.5 (6-8),,,17.0,2.75,95.0,12.2,unknown,False,3,3
Redcort Cortland,0.0,Belchertown,,MA,,,,,85,,green,,,,,,15.4,,,,3.4,,,,,,,,,,,,9/18/2017,none,,,,,,,,,11.8,1.5 to 2 only,,,15.4,3.4,85.0,11.8,unknown,False,3,3
Lindamac McIntosh,0.0,Belchertown,,MA,,,,,90,,scab,,,,,,13.9,,,,3.1,,,,,,,,,,,,9/19/2017,significant,,,,,,,,,11.7,5.9,,,13.9,3.1,90.0,11.7,unknown,False,3,3
Morning Mist Fuji,1.13,Belchertown,,MA,,,,,60,,"mostly over-cropped, could wait a bit",,,,,,14.3,,,,3.05,,,,,,,,,,,,9/19/2017,none,,,,,,,,,11.9,6.5,,,14.3,3.05,60.0,11.9,unknown,False,3,3
Macoun,0.0,Belchertown,,MA,,,,,75,,,,,,,,15,,,,3.1,,,,,,,,,,,,9/20/2017,some,,,,,,,,,11.4,4 (3-6),,,15.0,3.1,75.0,11.4,unknown,False,3,3
Modi,,Belchertown,no,MA,good,,medium,faint,95,solid-blush,just about right,absent,,medium,good,none,21.5,tart,cream-white,firm melting,3.1,green,mahogany red,,medium,cylindrical-coni,213.0,September 16-30,somewhat conspicuous,middle-late,none-russet,good,9/25/2017,few,G.214,"variable, up to 25%",all over,fine-medium,none,none,dry,average,14.2,3-6,upright-spreading,medium-strong,21.5,3.1,95.0,14.2,fresh_standard,False,3,4
Ambrosia,0.42,Belchertown,,MA,,,,,75,,"nice, some scab",,,,,,17.7,,,,2.9,,,,,,,,,,,,10/2/2017,nil,,,,,,,,,13.7,6.5,,,17.7,2.9,75.0,13.7,unknown,True,3,3
Empire (Royal?),0.0,Belchertown,,MA,,,,,95,,,,,,,,17.2,,,,3.05,,,,,,,,,,,,10/2/2017,none,,,,,,,,,12,4-6 (4.5),,,17.2,3.05,95.0,12.0,unknown,False,3,3
Golden Delicious (Gibson),1.39,Belchertown,,MA,,,,,,,"could be picked over the next week, wait for a little more green color loss in skin?",,,,,,14.3,,,,3,,,,,,,,,,,,10/2/2017,none,,,,,,,,,13,6-7,,,14.3,3.0,,13.0,unknown,False,3,3
Liberty,0.0,Belchertown,,MA,,,,,100,,should have been harvested by now... :-(,,,,,,14.6,,,,3.05,,,,,,,,,,,,10/2/2017,some,,,,,,,,,14,4-8 (6.5),,,14.6,3.05,100.0,14.0,unknown,False,3,3
Cripps Pink (Maslin cv.),0.47,Belchertown,,MA,,,,,80,,"somewhat light crop, some drop, tart but ready to harvest",,,,,,15.3,,,,3.2,,,,,,,,,,,,10/2/2017,some,,,,,,,,,14.4,"5-6, 5.4",,,15.3,3.2,80.0,14.4,unknown,False,3,3
Modi,0.0,Belchertown,,MA,,,,,90,,"lots of russet, actually a little later than Liberty",,,,,,20.9,,,,2.9,,,,,,,,,,,,10/2/2017,few,,,,,,,,,13.2,"3-7, mostly around 4.5",,,20.9,2.9,90.0,13.2,unknown,False,3,3
Jonagold,0.64,Belchertown,,MA,,,,,60,,"some watercore, need to be harvested",,,,,,14.2,,,,3.25,,,,,,,,,,,,10/2/2017,nil,,,,,,,,,13.6,7,,,14.2,3.25,60.0,13.6,unknown,False,3,3
Mutsu/Crispin,1.48,Belchertown,,MA,,,,,,,"some drop, maybe not as ready as I thought? variable maturity",,,,,,17.6,,,,3.3,,,,,,,,,,,,10/12/2017,few,,,,,,,,,12.7,3.5-7.5,,,17.6,3.3,,12.7,unknown,False,3,3
Evercrisp,0.77,Northboro,,MA,,,,,75,,n=6,,,,,,19.8,,,,3.5,,,,,,,,,,,,10/18/2017,none,,,,,,,,,16.1,4-5,,,19.8,3.5,75.0,16.1,unknown,False,3,3
Evercrisp,1.25,Belchertown,,MA,,,,,75-100,,n=6,,,,,,17.5,,,,3.4,,,,,,,,,,,,10/19/2017,none,,,,,,,,,12.7,6-7,,,17.5,3.4,,12.7,unknown,False,3,3
Suncrisp,0.31,Belchertown,,MA,,,,,,,n=6,,,,,,15,,,,3.25,,,,,,,,,,,,10/19/2017,some,,,,,,,,,14.7,7,,,15.0,3.25,,14.7,unknown,False,3,3
Premier Honeycrisp,0.52,Belchertown,,MA,,,,,35,,"some drop, could be first picked on color, some fruit definitely on the green side still",,,,,,15.9,,,,3.1,,,,,,,,,,,,8/16/2018,some,,,,,,,,,12,5-7,,,15.9,3.1,35.0,12.0,unknown,False,3,3
"MN 55 (aka First Kiss, Rave)",1.04,Belchertown,,MA,,,,,85,,"Drop significant (needs ReTain), high DA, interesting flavor but not a Honeycrisp beater for sure; very attractive...",,,,,,15.6,,,,3.25,,,,,,,,,,,,8/16/2018,some,,,,,,,,,10.4,2-4.5,,,15.6,3.25,85.0,10.4,unknown,False,3,3
Sansa,0.45,Belchertown,,MA,,,,,65,,Can go another week.  Sweet taste.,,,,,,15.1,,,,3.0,,,,,,,,,,,,8/22/2018,none,,,,,,,,,11.3,4.0,,,15.1,3.0,65.0,11.3,unknown,False,3,3
Gingergold,0.75,Belchertown,,MA,,,,,0,,"typical Gingergold, nice heavy crop",,,,,,17.3,,,,3.2,,,,,,,,,,,,8/22/2018,none,,,,,,,,,11.2,3,,,17.3,3.2,0.0,11.2,unknown,False,3,3
Premier Honeycrisp,0.52,Belchertown,,MA,,,,,60,,Good tasting apple.,,,,,,16.1,,,,3.4,,,,,,,,,,,,8/22/2018,some,,,,,,,,,13.0,6,,,16.1,3.4,60.0,13.0,unknown,False,3,3
SweeTango (Minneiska),0.49,Belchertown,,MA,,,,,55,,Could use another week.,,,,,,17.3,,,,3.1,,,,,,,,,,,,8/22/2018,none,,,,,,,,,11.9,4,,,17.3,3.1,55.0,11.9,unknown,False,3,3
PaulaRed,1.15,Belchertown,,MA,,,,,65,,"light crop, Apogee, look terrible, one with water core",,,,,,19.5,,,,3.2,,,,,,,,,,,,8/22/2018,nil,,,,,,,,,12.8,3-4,,,19.5,3.2,65.0,12.8,unknown,False,3,3
Zestar!,0.76,Belchertown,,MA,,,,,45,,"decent, heavy crop, considerable drop (push-off?), attractive",,,,,,13.7,,,,3.25,,,,,,,,,,,,8/22/2018,some,,,,,,,,,11.8,4,,,13.7,3.25,45.0,11.8,unknown,False,3,3
Akane,0.71,Belchertown,,MA,,,,,65,,"some rot, sunburn; clustered fruit, heavy crop; 1 with watercore",,,,,,17,,,,2.9 heavy crop,,,,,,,,,,,,8/27/2018,nil,,,,,,,,,12,6 (5-7),,,17.0,,65.0,12.0,unknown,False,3,3
Buckeye Gala,0.53,Belchertown,,MA,,,,,90,,could use one more week +/-,,,,,,20,,,,2.95,,,,,,,,,,,,8/27/2018,none,,,,,,,,,12.4,4 (3-6),,,20.0,2.95,90.0,12.4,unknown,False,3,3
Gingergold,0.61,Belchertown,,MA,,,,,0,,"some watercore, does not starch test well, these need to be picked, some are very ripe",,,,,,17,,,,3.3,,,,,,,,,,,,8/27/2018,none,,,,,,,,,11.6,mostly 2-3,,,17.0,3.3,0.0,11.6,unknown,False,3,3
Rubymac McIntosh,1.93,Belchertown,,MA,,,,,85,,"despite color, not ready to pick; very tart, seeds white, or not seeded very well",,,,,,17,,,,3.25,,,,,,,,,,,,8/27/2018,none,,,,,,,,,11.6,2.5 (2-3),,,17.0,3.25,85.0,11.6,unknown,False,3,3
Zestar!,0.65,Belchertown,,MA,,,,,35,,"what’s left after first pick I presume, color lacking; very large fruit despite heavy crop",,,,,,14,,,,3.4,,,,,,,,,,,,8/27/2018,some,,,,,,,,,13.1,pretty solid 4-5,,,14.0,3.4,35.0,13.1,unknown,False,3,3
River Belle,0.49,Belchertown,,MA,,,,,55,,"top-worked trees; color is very striped; lots of bitter pit; not a marketable crop; some stem-end splitting, ribbed; 2 apples had bad brown core rots, likely traced to outside defect.",,,,,,17.2,,,,3.6,,,,,,,,,,,,8/30/2018,few-some,,,,,,,,,13.1,6.5 (4-7),,,17.2,3.6,55.0,13.1,unknown,False,3,3
River Belle,0.96,Belchertown,,MA,,,,,25 barely,,"M.26; very heavy crop, lacking colorslight skunky? aftertaste; pict is one of best color",,,,,,15.9,,,,3.1,,,,,,,,,,,,8/30/2018,nil,,,,,,,,,10.8,3.5 (3-8),,,15.9,3.1,,10.8,unknown,False,3,3
Royal Red Honeycrisp,0.59,Belchertown,,MA,,,,,55,,Close to being ready to pick,,,,,,16.8,,,,3.2,,,,,,,,,,,,8/30/2018,nil,,,,,,,,,13.2,6.5 (6-7),,,16.8,3.2,55.0,13.2,unknown,False,3,3
Honeycrisp,0.66,Belchertown,,MA,,,,,70,,1st pick based on color,,,,,,16.9,,,,3.4,,,,,,,,,,,,9/3/2018,nil,,,,,,,,,14.1,5 (4-6),,,16.9,3.4,70.0,14.1,unknown,True,3,3
Honeycrisp,0.58,Belchertown,,MA,,,,,65,,2014 NC-140; Jim says has no flavor,,,,,,14.6,,,,3.2,,,,,,,,,,,,9/4/2018,nil,,,,,,,,,11.8,6.5,,,14.6,3.2,65.0,11.8,unknown,True,3,3
Buckeye Gala,0.3,Belchertown,,MA,,,,,90,,Nice,,,,,,18.8,,,,3.0,,,,,,,,,,,,9/4/2018,none,,,,,,,,,13.6,3.5 to 6.5,,,18.8,3.0,90.0,13.6,unknown,False,3,3
Lindamac McIntosh,0.0,Belchertown,,MA,,,,,55,,"green, needs some cooler weather",,,,,,16.6,,,,3.2,,,,,,,,,,,,9/4/2018,nil,,,,,,,,,11.1,3.5,,,16.6,3.2,55.0,11.1,unknown,False,3,3
River Belle,0.52,Belchertown,,MA,,,,,50 striped,,some stem-end splitting; bitter pit; ribbed; excellent flavor but otherwise butt-ugly,,,,,,15.3,,,,3.3,,,,,,,,,,,,9/4/2018,some,,,,,,,,,12.25,pretty much a 7,,,15.3,3.3,,12.25,unknown,False,3,3
Honeycrisp,0.65,Belchertown,,MA,,,,,60,,Nutri-ag experiment,,,,,,14.6,,,,3.6,,,,,,,,,,,,9/9/2018,few,,,,,,,,,13.9,5-7 (6),,,14.6,3.6,60.0,13.9,unknown,True,3,3
Lindamac McIntosh,0.0,Belchertown,,MA,,,,,65,,real nice crop,,,,,,14.8,,,,3.25,,,,,,,,,,,,9/9/2018,few,,,,,,,,,12.1,4 (3.5 to 5.5),,,14.8,3.25,65.0,12.1,unknown,False,3,3
Snappy Mac McIntosh,,Belchertown,,MA,,,,,55,,ready to pick,,,,,,16.7,,,,3.25,,,,,,,,,,,,9/10/2018,few,,,,,,,,,12.8,4 to 6,,,16.7,3.25,55.0,12.8,unknown,False,3,3
River Belle DS-22,0.92,Belchertown,,MA,,,,,"45, not great",,"over-cropped on M26; lots of ribbing, drop; quality is lacking on over-cropped trees; soft texture, flavor OK",,,,,,14.4,,,,3.25,,,,,,,,,,,,9/11/2018,significant,,,,,,,,,11.8,"mostly 7, little starch left",,,14.4,3.25,,11.8,unknown,False,3,3
Honeycrisp,0.89,Belchertown,,MA,,,,,55,,From precision experiment. Very poor color overall. These might have been treated with ReTain?,,,,,,14,,,,3.15,,,,,,,,,,,,9/13/2018,nil,,,,,,,,,10.8,"2 to 7, big range",,,14.0,3.15,55.0,10.8,unknown,True,3,3
Rogers Red McIntosh,,Belchertown,,MA,,,,,50 dull,,,,,,,,15.60,,,,3.4,,,,,,,,,,,,9/13/2018,nil,,,,,,,,,11.4,"5, range of 4-6",,,15.6,3.4,,11.4,unknown,False,3,3
Modi,1.15,Belchertown,,MA,,,,,90,,Sweet and crisp.Ready to pick.Variable maturityDA probably not applicable,,,,,,19.20,,,,3.0,,,,,,,,,,,,9/20/2018,few,,,,,,,,,13.4,4 (1.5 to 6?),,,19.2,3.0,90.0,13.4,unknown,False,3,3
River Belle (DS-22),0.6,Northboro,,MA,,,,,40,,russet on stem end; ribbed; otherwise decent looking,,,,,,14.1,,,,3.6,,,,,,,,,,,,9/20/2018,significant,,,,,,,,,11.9,7,,,14.1,3.6,40.0,11.9,unknown,False,3,3
Liberty,0.0,Belchertown,,MA,,,,,90,,need another week,,,,,,21.5,,,,3.0,,,,,,,,,,,,9/20/2018,none,,,,,,,,,10.9,"mostly 2-3, one a 6.5",,,21.5,3.0,90.0,10.9,unknown,False,3,3
Honeycrisp,0.71,Belchertown,,MA,,,,,60,,"flavor is bland, likely had ReTain",,,,,,12.8,,,,3.4,,,,,,,,,,,,9/25/2018,some,,,,,,,,,11.4,7 (6.5 to 8),,,12.8,3.4,60.0,11.4,unknown,True,3,3
Macoun,0.0,Belchertown,,MA,,,,,70,,SJS,,,,,,17.5,,,,3.1,,,,,,,,,,,,9/26/2018,some+,,,,,,,,,11.6,"3 to 4, or a bit more?",,,17.5,3.1,70.0,11.6,unknown,False,3,3
"Cortland (Redcort, Royalcort?)",0.0,Belchertown,,MA,,,,,75,,bitter pit; may have had ReTain,,,,,,15.7,,,,3.5,,,,,,,,,,,,9/26/2018,nil,,,,,,,,,12.5,"3 to 4, don’t starch test well",,,15.7,3.5,75.0,12.5,unknown,False,3,3
Rogers Red McIntosh,0.0,Belchertown,,MA,,,,,65,,final call for CA McIntosh,,,,,,13.6,,,,3.5,,,,,,,,,,,,9/26/2018,some++,,,,,,,,,12.2,6 (5 to 7),,,13.6,3.5,65.0,12.2,unknown,False,3,3
Jonagold,0.69,Belchertown,,MA,,,,,70,,"some water core developing; ready for 1st pick;very nice, superior to Honeycrisp",,,,,,14,,,,3.5,,,,,,,,,,,,9/26/2018,nil,,,,,,,,,13.2,5 to 7.5,,,14.0,3.5,70.0,13.2,unknown,False,3,3
Morning Mist Fuji,0.87,Belchertown,,MA,,,,,65,,"variable maturity depending on crop load, could use a few more days then 1st pick?",,,,,,12.6,,,,3.5,,,,,,,,,,,,9/26/2018,nil,,,,,,,,,11.8,7.5,,,12.6,3.5,65.0,11.8,unknown,False,3,3
Pazazz DS-3/B9,1.04,Belchertown,,MA,,,,,75,,DA=1.04 [0.82 to 1.24]; nicest looking crop of all my trees,,,,,,14.3,,,,3.6,,,,,,,,,,,,9/29/2018,some,,,,,,,,,12.5,4.5 [4 to 6.5],,,14.3,3.6,75.0,12.5,unknown,False,3,3
Pazazz DS-41/B.9,1.09,Belchertown,,MA,,,,,60,,"too heavy crop; DA=1.09 [0.83 to 1.28]; very clean, brix disappointing probably a result of over-cropping",,,,,,14.2,,,,3.4,,,,,,,,,,,,9/29/2018,nil,,,,,,,,,10.8,4 [3.5 to 5.5],,,14.2,3.4,60.0,10.8,unknown,False,3,3
Pazazz DS-41 [top work],1.04,Belchertown,,MA,,,,,70,,DA=1.04 [0.56 TO 1.57]; some bitter pit; decent but again brix is low,,,,,,13.4,,,,3.4,,,,,,,,,,,,9/29/2018,nil,,,,,,,,,10.9,5.5 [4 to 7],,,13.4,3.4,70.0,10.9,unknown,False,3,3
Pazazz DS-41/M26,1.15,Belchertown,,MA,,,,,65,,"DA=1.15 [0.63 to 1.52]; some bitter pit; otherwise nice trees, moderate crop load but very large apples (M.26?)",,,,,,15.4,,,,3.6,,,,,,,,,,,,9/29/2018,nil,,,,,,,,,12.9,4.5 [3.5 to 6],,,15.4,3.6,65.0,12.9,unknown,False,3,3
Ambrosia,0.23,Belchertown,,MA,,,,,75,,"Very nice, perfect to pick",,,,,,17.2,,,,3.1,,,,,,,,,,,,10/1/2018,none,,,,,,,,,13.2,4.5,,,17.2,3.1,75.0,13.2,unknown,True,3,3
Gibson Golden Delicious,1.09,Belchertown,,MA,,,,,,,variable maturity; necrotic leaf blotch,,,,,,12.9,,,,3.2,,,,,,,,,,,,10/1/2018,some,,,,,,,,,13.2,6-7,,,12.9,3.2,,13.2,unknown,False,3,3
Empire,0.0,Belchertown,,MA,,,,,90,,lots of PC damage,,,,,,16.3,,,,3.2,,,,,,,,,,,,10/1/2018,none,,,,,,,,,11.8,3.5 to 4,,,16.3,3.2,90.0,11.8,unknown,False,3,3
Maslin Cripps Pink,0.44,Belchertown,,MA,,,,,75,,maybe just ready to pick,,,,,,17,,,,3.05,,,,,,,,,,,,10/1/2018,none,,,,,,,,,12.6,5.5,,,17.0,3.05,75.0,12.6,unknown,False,3,3
DS-41 (Pazazz),0.98,Belchertown,,MA,,,,,70,,,,,,,,12.9,,,,3.3,,,,,,,,,,,,10/2/2018,few,,,,,,,,,11.1,4-5,,,12.9,3.3,70.0,11.1,unknown,False,3,3
DS-41 (Pazazz) on B.9,0.97074122,Belchertown,,MA,,,,,65,,heavy crop,,,,,,12.3,,,,3.4,,,,,,,,,,,,10/7/2018,nil,,,,,,,,,11.1,4.5 to 7 (5.5),,,12.3,3.4,65.0,11.1,unknown,False,3,3
DS-41 (Pazazz) top works,1.11,Belchertown,,MA,,,,,80,,"some bitter pit depending on crop load, otherwise nice crop, somewhat heavy",,,,,,11.9,,,,3.5,,,,,,,,,,,,10/7/2018,few,,,,,,,,,10.7,5.5 (5 to 6),,,11.9,3.5,80.0,10.7,unknown,False,3,3
DS-41 (Pazazz) on M.26,1.08,Belchertown,,MA,,,,,70,,"some bitter pit esp. on light crop trees; large apples, too much N/vigor",,,,,,12.1,,,,3.6+,,,,,,,,,,,,10/7/2018,few,,,,,,,,,12.1,5 (4.5 to 6.5),,,12.1,,70.0,12.1,unknown,False,3,3
DS-41/M26 Pazazz,0.93,Belchertown,,MA,,,,,80,,DA range: 0.70 to 1.17,,,,,,12.8,,,,3.7 very large!,,,,,,,,,,,,10/12/2018,some,,,,,,,,,12.9,6,,,12.8,,80.0,12.9,unknown,False,3,3
DS-3/Bud 9 Pazazz,0.87,Belchertown,,MA,,,,,75,,DA range: 0.46 to 1.08second pick,,,,,,12,,,,3.6,,,,,,,,,,,,10/12/2018,some,,,,,,,,,12.4,6 to 7,,,12.0,3.6,75.0,12.4,unknown,False,3,3
Evercrisp,1.17,Belchertown,,MA,,,,,50 dull,,"watercore, color lacking, poorly seeded; otherwise OK",,,,,,20,,,,3.45,,,,,,,,,,,,10/18/2018,nil,,,,,,,,,13,"3 to 8, variable",,,20.0,3.45,,13.0,unknown,False,3,3
Paulared,1.3,Belchertown,,MA,,,,,70,,"typical Paulared, which is not saying much; some watercore",,,,,,14,,,,3.3,,,,,,,,,,,,8/26/2019,some,,,,,,,,,10.8,3.5 to 6.5,,,14.0,3.3,70.0,10.8,unknown,False,3,3
Sansa,0.08,Belchertown,,MA,,,,,60,,"definitely ripe; light, spotty crop (biennial); lots of what appears to be stink bug injury?",,,,,,16.5,,,,3.0,,,,,,,,,,,,8/26/2019,nil,,,,,,,,,14,4-6,,,16.5,3.0,60.0,14.0,unknown,False,3,3
Zestar!,0.74,Belchertown,,MA,,,,,45,,"heavy crop; albeit attractive, kind of a “meh” apple in terms of flavor; softish mouth feel",,,,,,15.5,,,,3.1,,,,,,,,,,,,8/26/2019,few,,,,,,,,,11.8,4-6,,,15.5,3.1,45.0,11.8,unknown,False,3,3
PREMIER HONEYCRISP,0.5,Belchertown,,MA,,,,,"70 nice, striped",,"very nice, right on...",,,,,,14,,,,3.4,,,,,,,,,,,,8/26/2019,some,,,,,,,,,12.7,5-7,,,14.0,3.4,,12.7,unknown,False,3,3
Ginger Gold,1.23,Belchertown,,MA,,,,,5,,Could go another week. Does not starch test well; very nice appearance this year,,,,,,18,,,,3.25,,,,,,,,,,,,8/27/2019,none,,,,,,,,,11.0,1-2,,,18.0,3.25,5.0,11.0,unknown,False,3,3
Minneiska (aka SweeTango),0.41034048,Belchertown,,MA,,,,,55,,"Could use another week to develop variety flavor, but OK right now says Cam; some watercore",,,,,,14,,,,3.2,,,,,,,,,,,,8/27/2019,nil,,,,,,,,,11.8,2-3,,,14.0,3.2,55.0,11.8,unknown,False,3,3
Akane,0.76054093,Belchertown,,MA,,,,,70,,"typical Akane, OK, but very fine flesh that has a mealy texture; recommend for cooking",,,,,,15,,,,3.0,,,,,,,,,,,,8/27/2019,nil,,,,,,,,,12.6,5 (4-6),,,15.0,3.0,70.0,12.6,unknown,False,3,3
Ellis bitter,,Belchertown,no,MA,fair,,,no,70,stripe-blush,"water core, some internal rot/blue mold issues ",absent,,,poor,,18.5,tart-sweet,cream-yellow,medium,2.75,yellow,orange-red,,medium,ovoid,137.0,September 1-15,,,,cider,9/5/2019,,,0,,,,,not yet,average,16.9,7.75,,,18.5,2.75,70.0,16.9,fresh_standard,False,3,3
Redfield,,Belchertown,,MA,,,,,99,solid-blush,Not ready,absent,,,,,20.3,,white-pink,hard,5.8,red,red,,medium,globose,140.5,,,,,,9/6/2019,,,13,variable,medium,,,,,11,2,,,20.3,5.8,99.0,11.0,unknown,False,3,3
Alkmene,,Belchertown,no,MA,fair,,,,20,blush-stripe,some water core,,,,fair,,15.5,tart-sweet,cream-white,medium,3.25,yellow-green,pink-red,,medium-large,globose,222.0,,,,,cider,9/6/2019,,,0,,,,,not yet,average,14.3,6,,,15.5,3.25,20.0,14.3,fresh_standard,False,3,3
Cort Pendu Plat,0.64,Belchertown,no,MA,good,,,,85,solid,This should have been harvested sooner.  Soft flesh seems to have been a result of over ripening,,,,fair,,10.33,bland,cream-white,soft,3.5,green-yellow,red,,large,obloid,,September 1-15,,,,cider,9/6/2019,,,0,,,,,,somewhat thick,14,5.66,,,10.33,3.5,85.0,14.0,juice,False,5,3
RubyMac,0.0,Belchertown,,MA,,,,,99,,,,,,,,13,,,,3.3,,,,,,,,,,,,9/16/2019,few,,,,,,,,,10.7,5 (4-6),,,13.0,3.3,99.0,10.7,unknown,False,3,3
Lindamac McIntosh,0.0,Belchertown,,MA,,,,,85,,,,,,,,14,,,,3.2,,,,,,,,,,,,9/16/2019,significant,,,,,,,,,11.4,5 (4-6),,,14.0,3.2,85.0,11.4,unknown,False,3,3
Buckeye Gala,0.23,Belchertown,,MA,,,,,90,,last pick,,,,,,17.5,,,,3,,,,,,,,,,,,9/16/2019,nil,,,,,,,,,11.8,4-7,,,17.5,3.0,90.0,11.8,unknown,False,3,3
Snappy Mac,0.0,Belchertown,,MA,,,,,85,,,,,,,,15,,,,3.25,,,,,,,,,,,,9/22/2019,significant,,,,,,,,,13.6,5-6,,,15.0,3.25,85.0,13.6,unknown,False,3,3
Cortland (Redcort?),0.0,Belchertown,,MA,,,,,95,,some bitter pit observed; may have had ReTain,,,,,,15,,,,3.6,,,,,,,,,,,,9/30/2019,few,,,,,,,,,14.7,3-6,,,15.0,3.6,95.0,14.7,unknown,False,3,3
Honeycrisp,0.56044071,Belchertown,,MA,,,,,75,,ReTain,,,,,,14,,,,3.6,,,,,,,,,,,,9/30/2019,few,,,,,,,,,14.5,6-8,,,14.0,3.6,75.0,14.5,unknown,True,3,3
Jonagold,0.86046109,Belchertown,,MA,,,,,65,,wait 5 days before harvest,,,,,,15,,,,3.5,,,,,,,,,,,,9/30/2019,nil,,,,,,,,,14.1,6-7,,,15.0,3.5,65.0,14.1,unknown,False,3,3
Macoun,0.0,Belchertown,,MA,,,,,85,,"some water-core-like symptoms, one very soft (10 lb); not crazy about this apple",,,,,,15,,,,3.4,,,,,,,,,,,,9/30/2019,some,,,,,,,,,14,"3-7, variable, ugh",,,15.0,3.4,85.0,14.0,unknown,False,3,3
Empire (Royal?),0.0,Belchertown,,MA,,,,,95,,ready to pick,,,,,,17,,,,3.1,,,,,,,,,,,,9/30/2019,none,,,,,,,,,12.7,5-6,,,17.0,3.1,95.0,12.7,unknown,False,3,3
Golden Delicious,1.07,Belchertown,,MA,,,,,10,,blush side shoots DA much lower than green side; very clean,,,,,,15,,,,3.2,,,,,,,,,,,,9/30/2019,none,,,,,,,,,14,6-7,,,15.0,3.2,10.0,14.0,unknown,False,3,3
Liberty,0.0,Belchertown,,MA,,,,,95,,could be harvested,,,,,,18,,,,3.1,,,,,,,,,,,,9/30/2019,none,,,,,,,,,13.4,4 (3-5),,,18.0,3.1,95.0,13.4,unknown,False,3,3
Ambrosia,0.28015042,Belchertown,,MA,,,,,80,,lots of fruit scab; ready to go,,,,,,18,,,,3.0,,,,,,,,,,,,9/30/2019,none,,,,,,,,,13.4,5 (4-6),,,18.0,3.0,80.0,13.4,unknown,True,3,3
Hudson Golden Gem,1.06,Belchertown,,MA,,,,,,,needs another week,,,,,,20,,,,3.1,,,,,,,,,,,,10/1/2019,few,,,,,,,,,13.5,3,,,20.0,3.1,,13.5,unknown,False,3,3
Stoke Red,0.46,Harvard,,MA,,,,,90,,some water core; too late for harvest,,,,,,15,,,,2.2,,,,,,,,,,,,10/1/2019,not this year,,,,,,,,,17.2,"4-8, but mostly 7",,,15.0,2.2,90.0,17.2,unknown,False,3,3
Crimson Gold,0.08000018,Belchertown,,MA,,,,,80,,seem a bit over-mature? high in acid,,,,,,17,,,,3.2,,,,,,,,,,,,10/1/2019,few,,,,,,,,,14,5-7,,,17.0,3.2,80.0,14.0,unknown,False,3,3
Mutsu/Crispin,1.23,Belchertown,,MA,,,,,0,,,,,,,,17.8,,,,3.7,,,,,,,,,,,,10/2/2019,some,,,,,,,,,12.9,3-4,,,17.8,3.7,0.0,12.9,unknown,False,3,3
NY 1604/G.935,0.9,Belchertown,,MA,,,,,60,,"2nd-leaf trees, fruit looks blown up but there is a crop",,,,,,16,,,,3.8,,,,,,,,,,,,10/2/2019,nil,,,,,,,,,14,2-4,,,16.0,3.8,60.0,14.0,unknown,False,3,3
DS-41 (AVD Pazazz),0.9105012,Belchertown,,MA,,,,,85,,eat good,,,,,,12.4,,,,3.5,,,,,,,,,,,,10/10/2019,some,,,,,,,,,13.8,predominantly 6,,,12.4,3.5,85.0,13.8,unknown,False,3,3
Brak Fuji (Kiku),1.52,Belchertown,,MA,,,,,65 muddy,,,,,,,,15,,,,3.3,,,,,,,,,,,,10/16/2019,nil,,,,,,,,,13.9,4-7,,,15.0,3.3,,13.9,unknown,False,3,3
Delicious,1.61,Belchertown,,MA,,,,,90,,,,,,,,15,,,,3.1/3.3 L/D,,,,,,,,,,,,10/16/2019,few,,,,,,,,,13.3,3-6,,,15.0,,90.0,13.3,unknown,False,3,3
Cameo (Caudle cv.),1.07,Belchertown,,MA,,,,,85,,DA=1.07 from 0.93 to 1.26`,,,,,,17,,,,3.4,,,,,,,,,,,,10/16/2019,none,,,,,,,,,15.6,"4-5, maybe 6",,,17.0,3.4,85.0,15.6,unknown,False,3,3
Caville Blanc,0.81050098,Belchertown,,MA,,,,,35,,some PC damage noted,,,,,,22,,,,3.6,,,,,,,,,,,,10/16/2019,few,,,,,,,,,16.2,3-4,,,22.0,3.6,35.0,16.2,unknown,False,3,3
Redfield,0.94,Belchertown,,MA,,,,,95,,"Off top-work multi-leader trees; quite loose; out-yielded all other grafts, about half a bushel or a few more; some internal browning/water core noted",,,,,,16.5,,,,3.1,,,,,,,,,,,,10/25/2019,few,,,,,,,,,15.9,"4-6, maybe a 7?",,,16.5,3.1,95.0,15.9,unknown,False,3,3
Evercrisp,,Belchertown,,MA,,,,,60,,"HD=10/15/19; N=6; not attractive, eat kind of bland but OK, definitely firm with solid crunch",,,,,,19,,,,3.5,,,,,,,,,,,,1/15/2020,,,,,,,,,,16.5,,,,19.0,3.5,60.0,16.5,unknown,False,3,3
Paulared,0.0,Belchertown,,MA,,,,,65,,"variable crop load, clustered, not great, watercore",,,,,,16,,,,3.1,,,,,,,,,,,,8/17/2020,few,,,,,,,,,12.1,3-4,,,16.0,3.1,65.0,12.1,unknown,False,3,3
Zestar!,0.84,Belchertown,,MA,,,,,25-50,,DA=0.84 (0.72-0.95); could wait another week to pick,,,,,,17,,,,3.2,,,,,,,,,,,,8/17/2020,nil,,,,,,,,,12.5,"3-4, mostly 3",,,17.0,3.2,,12.5,unknown,False,3,3
Silken,0.40021049,Belchertown,,MA,,,,,0,,"probably should wait a week to pick (despite DA, they look kind of green still)",,,,,,17,,,,3.2,,,,,,,,,,,,8/31/2020,none,,,,,,,,,11.3,2-3,,,17.0,3.2,0.0,11.3,unknown,False,3,3
Honeycrisp,,Milford,,NJ,,,,,10%,,"tart, all green- full rate of retain",,,,,,16.9,,,,"3"" plus",,,,,,,,,,,,8/27/2020,none,,,,,,,,,11.2,1,,,16.9,,,11.2,unknown,True,3,3
Gala-fulford,,Milford,,NJ,,,,,50%,,brownseeds- ready topick,,,,,,19.9,,,,2.4,,,,,,,,,,,,8/27/2020,none,,,,,,,,,12.6,5.3,,,19.9,2.4,,12.6,unknown,False,3,3
Gala- Gale,,Milford,,NJ,,,,,90%,,"full red, ready to harvest for long term storage",,,,,,20.6,,,,2.5,,,,,,,,,,,,8/27/2020,none,,,,,,,,,12,3.6,,,20.6,2.5,,12.0,unknown,False,3,3
Honeycrisp,,Myersville,,NJ,,,,,35,,,,,Medium,"Crunchy, execlent",,18,Sweet,,,,,,,2.75,,,,,,,,,Few,,,,,,,,,12.8,4.5,,,18.0,,35.0,12.8,unknown,True,3,3
Summerset (MAIA-12),0.82042133,Belchertown,,MA,good,,medium,faint,90,solid-blush,"very large apple, would be good in a fruit salad; red color a bit ull, otherwise attractive",absent,,light,very good,,11.8,sweet,cream-yellow,medium melting,3.9,green-yellow,pink-red,,v-large,round-globose,,,somewhat conspicuous,early,,very good,9/9/2020,none,G.41,0,,,,,not yet,somewhat thin,12.4,6-7,upright,strong,11.8,3.9,90.0,12.4,fresh_standard,False,3,1
Macoun,0.0,Belchertown,,MA,,,,,60,,Could use some more time on trees to develop variety flavor,,,,,,16,,,,3.2,,,,,,,,,,,,9/21/2020,few,,,,,,,,,12.2,3,,,16.0,3.2,60.0,12.2,unknown,False,3,3
McIntosh,0.0,Belchertown,,MA,,,,,75,,Harvest should wrap-up this week,,,,,,14,,,,3.3,,,,,,,,,,,,9/21/2020,few,,,,,,,,,13.4,6 (5-7),,,14.0,3.3,75.0,13.4,unknown,False,3,3
Cortland,0.0,Belchertown,,MA,,,,,85,,Entering peak,,,,,,14,,,,3.5,,,,,,,,,,,,9/21/2020,nil,,,,,,,,,13,1.5,,,14.0,3.5,85.0,13.0,unknown,False,3,3
Thome Empire,0.0,Belchertown,,MA,,,,,95,,Wait until next week,,,,,,19,,,,2.9,,,,,,,,,,,,9/21/2020,none,,,,,,,,,11.8,3.5,,,19.0,2.9,95.0,11.8,unknown,False,3,3
Jonagold,0.64015091,Belchertown,,MA,,,,,65,,"Barely ready to spot pick, will be best in a week",,,,,,16 ,,,,3.5 large,,,,,,,,,,,,9/24/2020,nil,,,,,,,,,13.2,4-7,,,16.0,,65.0,13.2,unknown,False,3,3
Crimson Gold,0.3301206,Belchertown,,MA,,,,,65,,Nice,,,,,,19,,,,3.2,,,,,,,,,,,,9/21/2020,nil,,,,,,,,,13.9,3-5,,,19.0,3.2,65.0,13.9,unknown,False,3,3
Morning Mist Fuji,0.92064111,Belchertown,,MA,,,,,70,,Ready for first pick,,,,,,13,,,,3.2,,,,,,,,,,,,9/21/2020,nil,,,,,,,,,13.1,5-7,,,13.0,3.2,70.0,13.1,unknown,False,3,3
Modi,0.54038083,Belchertown,,MA,,,,,95,,"Very nice, needs to be harvested",,,,,,21,,,,3.1,,,,,,,,,,,,9/21/2020,nil,,,,,,,,,15.5,3-7,,,21.0,3.1,95.0,15.5,unknown,False,3,3
Ambrosia,0.27016043,Belchertown,,MA,,,,,65,,"Light crop, advanced maturity, about a week early",,,,,,20,,,,3.2,,,,,,,,,,,,9/21/2020,nil,,,,,,,,,13.3,3-6,,,20.0,3.2,65.0,13.3,unknown,True,3,3
Cordera (NY1604?),1.07,Northboro,,MA,poor,,medium,faint,50,solid-blush,not terribly impressed?,absent,,medium,fair,,16,tart,white,fine melting,3.3,light green,"orange-red, a bit dull",,large,"conic-irregular, a bit lumpy",275.0,,somewhat conspicuous,middle-late,,fair,9/25/2020,some,G.935,5,stem,fine-medium,,,not yet,average,13.2,2-3,upright-spreading,medium-strong,16.0,3.3,50.0,13.2,juice,False,5,4
Macoun,0.0,Belchertown,,MA,,,,,65,,"Getting darker red color, getting close... :-(",,,,,,14,,,,3.3,,,,,,,,,,,,9/28/2020,some,,,,,,,,,11.5,3-4,,,14.0,3.3,65.0,11.5,unknown,False,3,3
Empire,0.0,Belchertown,,MA,,,,,75,,"Ready to harvest for storage, and fresh eating very soon",,,,,,18,,,,2.9,,,,,,,,,,,,9/28/2020,none,,,,,,,,,11.7,4-6,,,18.0,2.9,75.0,11.7,unknown,False,3,3
Liberty,0.0,Belchertown,,MA,,,,,90,,Nice! Harvest ASAP,,,,,,21,,,,3.0,,,,,,,,,,,,9/28/2020,nil,,,,,,,,,13.7,3-4,,,21.0,3.0,90.0,13.7,unknown,False,3,3
Golden Glory (DS-65),1.04,Belchertown,,MA,,,,,5-20 pink blush,,"Nice, improved Golden Delicious type",,,,,,18,,,,3.4 very large,,,,,,,,,,,,9/28/2020,nil,,,,,,,,,15.1,4-6,,,18.0,,,15.1,unknown,False,3,3
'Gibson’ Golden Delicious,1.18,Belchertown,,MA,,,,,hint of red blush,,"Kind of green but getting there, start harvest October 1",,,,,,15,,,,3.4,,,,,,,,,,,,9/28/2020,none,,,,,,,,,13.5,4-6,,,15.0,3.4,,13.5,unknown,False,3,3
Ambrosia,0.18,Belchertown,,MA,,,,,80,,Pick ASAP!,,,,,,19,,,,3.2,,,,,,,,,,,,9/28/2020,none,,,,,,,,,13.8,4-6,,,19.0,3.2,80.0,13.8,unknown,True,3,3
Jonagold,0.59,Belchertown,,MA,,,,,80,,Needs to be harvested ASAP,,,,,,16,,,,3.6 huge!,,,,,,,,,,,,9/28/2020,nil,,,,,,,,,14.4,6-7,,,16.0,,80.0,14.4,unknown,False,3,3
Pazazz (DS-3/B.9),0.54,Belchertown,,MA,,,,,85,,"DA range = 0.18-0.92; these are good to go for 1st pick, pretty nice crop on these trees",,,,,,14,,,,3.4,,,,,,,,,,,,9/28/2020,none,,,,,,,,,13,4-6,,,14.0,3.4,85.0,13.0,unknown,False,3,3
Pazazz (DS-41 top work),0.71,Belchertown,,MA,,,,,65,,"light crop, picked smaller apples; some bitter pit; DA range = 0.44-0.94; ",,,,,,13,,,,3.7,,,,,,,,,,,,9/28/2020,none,,,,,,,,,12.2,5,,,13.0,3.7,65.0,12.2,unknown,False,3,3
DS-3 Pazazz B.9,0.34006076,Belchertown,,MA,,,,,80,,Perfect,,,,,,13.5,,,,3.6,,,,,,,,,,,,9/30/2020,few,,,,,,,,,14.2,4-7,,,13.5,3.6,80.0,14.2,unknown,False,3,3
FireCracker HH1501,,Pittstown,,NJ,,,,,90,,"Excellent flavor, crunch, tart/sweet",,,,,,17.6,,,,2.5 - 2.7,,,,,,,,,,,,9/30/2020,none,,,,,,,,,15,4.5,,,17.6,,90.0,15.0,unknown,False,3,3
Macoun,0.0,Belchertown,,MA,,,,,85,,"Significant drop, should be harvested ASAP if not already done so...",,,,,,15,,,,3.25,,,,,,,,,,,,10/5/2020,significant,,,,,,,,,12.5,3-4,,,15.0,3.25,85.0,12.5,unknown,False,3,3
NY 1602 Firecracker,0.43,Belchertown,,MA,,,,,75,,"Stem end russet; seed cavity have no space, on the small side but very attractive on trees, “different” flavor",,,,,,17,,,,2.9,,,,,,,,,,,,10/5/2020,nil,,,,,,,,,12.9,6,,,17.0,2.9,75.0,12.9,unknown,False,3,3
Liberty,0.0,Belchertown,,MA,,,,,95,,"Over the hill, should have been picked by now, loses it real fast",,,,,,16,,,,3.2,,,,,,,,,,,,10/5/2020,nil,,,,,,,,,13.8,5-6,,,16.0,3.2,95.0,13.8,unknown,False,3,3
DS-41 Pazazz (M.26),0.730291,Belchertown,,MA,,,,,85,,light crop,,,,,,15.5,,,,3.4,,,,,,,,,,,,10/5/2020,nil,,,,,,,,,15.2,5-7,,,15.5,3.4,85.0,15.2,unknown,False,3,3
'Gibson' Golden Delicious,0.81052113,Belchertown,,MA,,,,,5,,"Good to go mostly, spot pick first",,,,,,14,,,,3.2,,,,,,,,,,,,10/5/2020,few,,,,,,,,,13.4,6-7,,,14.0,3.2,5.0,13.4,unknown,False,3,3
Mutsu,0.80059102,Belchertown,,MA,,,,,5,,"Some drop, ready for spot pick",,,,,,17,,,,3.6 large,,,,,,,,,,,,10/5/2020,few,,,,,,,,,14.5,4-5,,,17.0,,5.0,14.5,unknown,False,3,3
Suncrisp,0.72039113,Belchertown,,MA,,,,,20,,"Barely ready for 1st harvest, I would wait a few days, then spot pick; very attractive when thinned",,,,,,16,,,,3.25,,,,,,,,,,,,10/5/2020,nil,,,,,,,,,13.7,4-7,,,16.0,3.25,20.0,13.7,unknown,False,3,3
Evercrisp,0.85061098,Belchertown,,MA,,,,,65 mostly dull,,Watercore! Could be first picked,,,,,,21,,,,3.4,,,,,,,,,,,,10/5/2020,none,,,,,,,,,14.9,4-5? mostly 4?,,,21.0,3.4,,14.9,unknown,False,3,3
Jonagold,0.79062106,Belchertown,,MA,,,,,75,,I'd be surprised if not treated with ReTain? But SI is high,,,,,,15,,,,3.6,,,,,,,,,,,,10/5/2020,nil,,,,,,,,,14.1,7-8,,,15.0,3.6,75.0,14.1,unknown,False,3,3
Crimson Topaz,0.52028067,Belchertown,,MA,,,,,65,,"Nice, need to pick",,,,,,17,,,,3.25,,,,,,,,,,,,10/5/2020,nil,,,,,,,,,13.2,"4-5-6, mostly 5-6",,,17.0,3.25,65.0,13.2,unknown,False,3,3
Crunch-a-bunch,0.47035067,Belchertown,,MA,,,,,10,,Needs some more time on trees still,,,,,,20,,,,3.2,,,,,,,,,,,,10/6/2020,none,,,,,,,,,13.2,3-4-5?,,,20.0,3.2,10.0,13.2,unknown,False,3,3
Empire,0.0,Belchertown,,MA,,,,,65,,Going south fast...,,,,,,15,,,,3.0,,,,,,,,,,,,10/6/2020,nil,,,,,,,,,11,6,,,15.0,3.0,65.0,11.0,unknown,False,3,3
Delicious,0.0,Belchertown,,MA,,,,,85,,"Economically ripe, but otherwise meh...",,,,,,15,,,,3.0,,,,,,,,,,,,10/6/2020,some,,,,,,,,,10.2,3-4-5?,,,15.0,3.0,85.0,10.2,unknown,False,3,3
Cameo,0.65044102,Belchertown,,MA,,,,,75-90,,"Nice, just right",,,,,,17,,,,3.4,,,,,,,,,,,,10/12/2020,none,,,,,,,,,13.3,5,,,17.0,3.4,,13.3,unknown,False,3,3
Roxbury Russet (presumably),0.57031081,Belchertown,,MA,,,,,,,"touch of watercore, some rots on tree",,,,,,26,,,,L/D= 2.8/3.1,,,,,,,,,,,,10/14/2020,none,,,,,,,,,18.4,4-6,,,26.0,,,18.4,unknown,False,3,3
Golden Russet (presumably),0.48017074,Belchertown,,MA,,,,,,,,,,,,,26,,,,L/D= 2.6/3.1,,,,,,,,,,,,10/14/2020,none,,,,,,,,,18.9,4-6.5,,,26.0,,,18.9,unknown,False,3,3
GoldRush,0.82016124,Belchertown,,MA,,,,,<10,,"Wait until next week to test again, but lighter cropped trees getting close",,,,,,21,,,,3.2,,,,,,,,,,,,10/23/2020,none,,,,,,,,,13.4,3-4,,,21.0,3.2,,13.4,unknown,False,3,3
Royal Red Honeycrisp,,Belchertown,,MA,,,,,,,"HD=09/11/20slightly greasy, mild flavor, no tang",,,,,,14.8,,,,,,,,,,,,,,,,1/20/2021,,,,,,,,,,12.7,,,,14.8,,,12.7,unknown,False,3,3
Pink Luster,,Northboro,,MA,,,,,,,"slightly greasy, soft, mealy, not good eating at this timeHD=9/10/20",,,,,,14,,,,,,,,,,,,,,,,1/20/2021,,,,,,,,,,14.3,,,,14.0,,,14.3,unknown,False,3,3
Cordera,,Northboro,,MA,,,,,,,"HD=9/10/20large, bitter pit; not greasy, but rather soft, bland flavor, not great",,,,,,13.8,,,,,,,,,,,,,,,,1/20/2021,,,,,,,,,,16.9,,,,13.8,,,16.9,unknown,False,3,3
Cordera,,Northboro,,MA,,,,,,,"HD=9/25/20bitter pit, stink bug?, soft, mealy, no good",,,,,,11.2,,,,,,,,,,,,,,,,1/20/2021,,,,,,,,,,15.8,,,,11.2,,,15.8,unknown,False,3,3
Firecracker (NY 1602),,Belchertown,,MA,,,,,,,"HD=9/23/20very slightly greasy, otherwise soundnot terrible eat, not great either",,,,,,16.8,,,,,,,,,,,,,,,,2/3/2021,,,,,,,,,,13.6,,,,16.8,,,13.6,unknown,False,3,3
Red Rome (Hauser),,Belchertown,,MA,,,,,,,"very slightly greasy, soft, fine flesh, not a keeperHD=10/23/20",,,,,,9.8,,,,,,,,,,,,,,,,2/4/2021,,,,,,,,,,13.0,,,,9.8,,,13.0,unknown,False,3,3
Firecracker (NY 1602),,Belchertown,,MA,,,,,,,"HD=10/2/20F=15.8, SS=13.5not great, not terrible, sprightly flavor, stem-end russet",,,,,,15.8,,,,,,,,,,,,,,,,2/6/2021,,,,,,,,,,13.5,,,,15.8,,,13.5,unknown,False,3,3
Crimson Gold,,Belchertown,,MA,,,,,,,"HD=9/22a bit mealy, flavor is off",,,,,,13,,,,,,,,,,,,,,,,2/6/2021,,,,,,,,,,15.4,,,,13.0,,,15.4,unknown,False,3,3
Evercrisp,,Belchertown,,MA,,,,,,,"HD=10/10/20still very firm, very good eat",,,,,,21,,,,,,,,,,,,,,,,2/5/2021,,,,,,,,,,16.1,,,,21.0,,,16.1,unknown,False,3,3
Evangeline,,Belchertown,,MA,,,,,,,"HD=9/18/20superficial scald-like appearance?soft, internal breakdown, no good",,,,,,12.8,,,,,,,,,,,,,,,,2/5/2021,,,,,,,,,,13.1,,,,12.8,,,13.1,unknown,False,3,3
Pink Luster (NY 1603),,Northboro,,MA,,,,,,,"HD=9/2/20look bruised up, greasy, dryish flesh, nope!",,,,,,13.2,,,,,,,,,,,,,,,,2/4/2021,,,,,,,,,,14,,,,13.2,,,14.0,unknown,False,3,3
Ginger Gold,1.28,Belchertown,,MA,,,,,0,,"Heavy crop; immmature, seeds white; does not starch test well",,,,,,17,,,,3.1,,,,,,,,,,,,8/16/2021,none,,,,,,,,,10,1-3,,,17.0,3.1,0.0,10.0,unknown,False,3,3
RubyMac® McIntosh,0.0,Belchertown,,MA,,,,,95,,"still green, seeds are white; 111 DAFB",,,,,,14,,,,3.1,,,,,,,,,,,,8/24/2021,none,,,,,,,,,8.8,3.5-4,,,14.0,3.1,95.0,8.8,unknown,False,3,3
Ashmead's Kernel,0.0,Belchertown,,MA,,,,,0,,"partially sprayed tree, starting to drop; pretty tart-green still",,,,,,21,,,,2.75,,,,,,,,,,,,9/24/2021,some,,,,,,,,,12.3,3-4,,,21.0,2.75,0.0,12.3,unknown,False,3,3
Macoun,0.0,Belchertown,,MA,,,,,"50 barely, still dullish",,"still not quite there, these may have had ReTain",,,,,,15,,,,3.2,,,,,,,,,,,,9/27/2021,push-off mostly,,,,,,,,,12.1,3+,,,15.0,3.2,,12.1,unknown,False,3,3
Golden Glory,0.0,Belchertown,,MA,,,,,0 very slight hint of red blush,,"nice Golden Delicious type, would probaby wait a week to pick",,,,,,14,,,,3.1 large,,,,,,,,,,,,9/27/2021,nil,,,,,,,,,11.5,4-7+,,,14.0,,,11.5,unknown,False,3,3
Cortland (Redcort?),0.0,Belchertown,,MA,,,,,85,,"finally ready based on eating, still does not starch test well",,,,,,15,,,,3.4,,,,,,,,,,,,9/27/2021,few,,,,,,,,,11.9,3-4,,,15.0,3.4,85.0,11.9,unknown,False,3,3
Honeycrisp,0.0,Belchertown,,MA,,,,,75,,no good reason not to pick all with color ASAP,,,,,,13,,,,3.2,,,,,,,,,,,,9/27/2021,few,,,,,,,,,11.8,7-8,,,13.0,3.2,75.0,11.8,unknown,True,3,3
Empire (Tome?),0.0,Belchertown,,MA,,,,,95,,need another week,,,,,,16,,,,2.9,,,,,,,,,,,,9/27/2021,none,,,,,,,,,10.8,3.5-5.5?,,,16.0,2.9,95.0,10.8,unknown,False,3,3
Liberty,0.0,Belchertown,,MA,,,,,80,,need another 5 days but watch before start to turn greasy,,,,,,21,,,,2.9,,,,,,,,,,,,9/27/2021,nil,,,,,,,,,12.3,2-3.5,,,21.0,2.9,80.0,12.3,unknown,False,3,3
Ambrosia,0.0,Belchertown,,MA,,,,,55,,"lightish crop off young trees; need harvest, they go over the hill pretty fast",,,,,,16,,,,3.2,,,,,,,,,,,,9-27-2021,none,,,,,,,,,12.1,5-6,,,16.0,3.2,55.0,12.1,unknown,True,3,3
Rogers Red McIntosh,0.0,Belchertown,,MA,,,,,85 nice,,right on schedule,,,,,,13,,,,3.2,,,,,,,,,,,,9/27/2021,significant,,,,,,,,,12.2,5.5-7,,,13.0,3.2,,12.2,unknown,False,3,3
Lindamac McIntosh,0.0,Belchertown,,MA,,,,,"85 a bit dull, but first pick already made",,ReTain doing it's job,,,,,,13.5,,,,3.2,,,,,,,,,,,,9/27/2021,some,,,,,,,,,11.2,4-6,,,13.5,3.2,,11.2,unknown,False,3,3
Modi,0.0,Belchertown,,MA,,,,,90,,gorgeous crop on G.214; pick end of week,,,,,,20,,,,2.9,,,,,,,,,,,,9/27/2021,nil,,,,,,,,,11.8,3-3.5,,,20.0,2.9,90.0,11.8,unknown,False,3,3
Jonagold,0.0,Belchertown,,MA,,,,,55 lacking on a lot of them still,,"first pick based on color, some sunburn",,,,,,13,,,,3.6+,,,,,,,,,,,,9/28/2021,nil,,,,,,,,,12.4,7-8,,,13.0,,,12.4,unknown,False,3,3
Modi,1.13,Belchertown,,MA,,,,,90,,"No rush but pick soon, really nice look as always",,,,,,20,,,,3.1,,,,,,,,,,,,10/1/2021,none,,,,,,,,,12.1,3,,,20.0,3.1,90.0,12.1,unknown,False,3,3
Firecracker,0.24,Belchertown,,MA,,,,,65,,"has seeds but no seed cavities to speak of, just odd; large fruit on lightish crop, biennial tendency",,,,,,16,,,,3.0,,,,,,,,,,,,10/1/2021,few,,,,,,,,,14,6-8,,,16.0,3.0,65.0,14.0,unknown,False,3,3
Liberty,1.15,Belchertown,,MA,,,,,85,,"Nearly ready to harvest, fly speck, heavy crop",,,,,,19,,,,3.0,,,,,,,,,,,,10/1/2021,nil,,,,,,,,,11.6,2-3-4,,,19.0,3.0,85.0,11.6,unknown,False,3,3
Cordera,1.08,Belchertown,,MA,,,,,25-50 lacking,,"defects, still not ready? but seem ready to eat, not impressed, flavor OK",,,,,,12,,,,"3.6 large, variable",,,,,,,,,,,,10/1/2021,few,,,,,,,,,12.9,3-7,,,12.0,,,12.9,unknown,False,3,3
Alkmene (Early Windsor cider),0.47,Belchertown,,MA,,,,,65 show through,,these look good,,,,,,13,,,,3.2,,,,,,,,,,,,10/1/2021,some,,,,,,,,,13, 6,,,13.0,3.2,,13.0,unknown,False,3,3
Pink Luster,0.15,Belchertown,,MA,,,,,25-50+,,"interesting apple, prone to some defects/rots",,,,,,15,,,,3.5 very large,,,,,,,,,,,,10/1/2021,few,,,,,,,,,12.1,7,,,15.0,,,12.1,unknown,False,3,3
Ruby Rush,0.76,Belchertown,,MA,,,,,60,,1 with watercore; some odd defects on calyx end? could use another week?,,,,,,18,,,,3.5,,,,,,,,,,,,10/4/2021,none,,,,,,,,,11.6,3-4-5,,,18.0,3.5,60.0,11.6,unknown,False,3,3
Ludacrisp,0.94072113,Belchertown,,MA,,,,,55,,"interesting flavor, harvest soon? brix highest seen this season so far",,,,,,17,,,,3.1,,,,,,,,,,,,10/4/2021,none,,,,,,,,,14.8,5-6?,,,17.0,3.1,55.0,14.8,unknown,False,3,3
Ambrosia,0.8,Belchertown,,MA,,,,,40,,"eats like Ambrosia, should harvest soon",,,,,,15,,,,2.7 small,,,,,,,,,,,,10/4/2021,none,,,,,,,,,10.3,4-6-7,,,15.0,,40.0,10.3,unknown,True,3,3
Mutsu (Crispin),1.56,Belchertown,,MA,,,,,0,,,,,,,,17,,,,3.4,,,,,,,,,,,,10/4/2021,few,,,,,,,,,10.3,3-6,,,17.0,3.4,0.0,10.3,unknown,False,3,3
Gibson Golden Delicious,0.98063129,Belchertown,,MA,,,,,0 slight blush,,,,,,,,14,,,,3.2,,,,,,,,,,,,10/4/2021,none,,,,,,,,,11.6,6-7,,,14.0,3.2,,11.6,unknown,False,3,3
Pazazz,0.82033102,Belchertown,,MA,,,,,55 barely,,,,,,,,10.5,,,,3.6,,,,,,,,,,,,10/4/2021,few,,,,,,,,,11,"5-6, one 8",,,10.5,3.6,,11.0,unknown,False,3,3
Delicious,1.04,Belchertown,,MA,,,,,95+,,DA range = 0.81-1.29; what's there to say?,,,,,,16,,,,3.0,,,,,,,,,,,,10/4/2021,few,,,,,,,,,11.9,3-4-5,,,16.0,3.0,,11.9,unknown,False,3,3
Cortland (Redcort),0.0,Belchertown,,MA,,,,,80,,need to be harvested ASAP,,,,,,13,,,,3.4,,,,,,,,,,,,10/4/2021,some,,,,,,,,,12.8,3-6,,,13.0,3.4,80.0,12.8,unknown,False,3,3
Macoun,0.0,Belchertown,,MA,,,,,75,,"off large, old trees; some bitter pit",,,,,,14,,,,3.1,,,,,,,,,,,,10/4/2021,some,,,,,,,,,12.4,3-5,,,14.0,3.1,75.0,12.4,unknown,False,3,3
Jonagold,0.53,Belchertown,,MA,,,,,50-75,,DA range = 0.30-0.90; harvest ASAP,,,,,,13.5,,,,3.4,,,,,,,,,,,,10/4/2021,nil,,,,,,,,,13.2,7,,,13.5,3.4,,13.2,unknown,False,3,3
Empire (Tome),0.0,Belchertown,,MA,,,,,95-100,,very heavy (over) crop,,,,,,14,,,,3.0,,,,,,,,,,,,10/4/2021,none,,,,,,,,,10.8,5-6+,,,14.0,3.0,,10.8,unknown,False,3,3
Spencer,0.91,Belchertown,,MA,,,,,65-75,,McIntosh X Golden Delicious. Nice look off moderate to light crop young trees. Bitter rot susceptible...,,,,,,13,,,,3.4,,,,,,,,,,,,10/4/2021,nil,,,,,,,,,12.4,6-7,,,13.0,3.4,,12.4,unknown,False,3,3
Honeycrisp,0.61,Belchertown,,MA,,,,,75,,DA range = 0.50-0.71; bitter pit; ReTain at work,,,,,,12,,,,3.4,,,,,,,,,,,,10/4/2021,nil,,,,,,,,,11.9,7-8,,,12.0,3.4,75.0,11.9,unknown,True,3,3
Golden Russet (cider),0.94,Belchertown,,MA,,,,,0,,DA range = 0.80-1.11; needs another week (at least) but I knew that...,,,,,,26,,,,2.8,,,,,,,,,,,,10/4/2021,few,,,,,,,,,13.6,2-5 barely,,,26.0,2.8,0.0,13.6,unknown,False,3,3
Liberty,0.0,Belchertown,,MA,,,,,90,,Should be harvested,,,,,,18.5,,,,2.9,,,,,,,,,,,,10/4/2021,nil,,,,,,,,,11.5,3-4+,,,18.5,2.9,90.0,11.5,unknown,False,3,3
Crimson Topaz,0.59,Belchertown,,MA,,,,,70,,DA range = 0.37-0.91; could start to be harvested,,,,,,15,,,,3.1,,,,,,,,,,,,10/5/2021,none,,,,,,,,,11.7,4-5-6,,,15.0,3.1,70.0,11.7,unknown,False,3,3
Modi,1.01,Belchertown,,MA,,,,,95,,"had some ReTain; very nice, clean crop; one bushel per tre on G.214 rootstock",,,,,,21,,,,3.0,,,,,,,,,,,,10/6/2021,none,,,,,,,,,12.5,3.5?,,,21.0,3.0,95.0,12.5,unknown,False,3,3
Foxwhelp? (cider),1.14,Belchertown,,MA,,,,,25 barely,,"DA range= (0.96-1.39). Lots of surface defects, ugly apple. Still green I guess? Some bitter pit-like symptoms.",,,,,,14.5,,,,3.5,,,,,,,,,,,,10/8/2021,few,,,,,,,,,13,3-5,,,14.5,3.5,,13.0,unknown,False,3,3
Caville Blanc,1.54,Belchertown,,MA,,,,,0-25 blush,,flyspeck!,,,,,,17,,,,3.6,,,,,,,,,,,,10/8/2021,nil,,,,,,,,,12.8,3-5,,,17.0,3.6,,12.8,unknown,False,3,3
RubyRush,0.88,Belchertown,,MA,,,,,80,,DA range = 0.53-1.08; meh; 1 with watercore,,,,,,18,,,,3.4,,,,,,,,,,,,10/11/2021,none,,,,,,,,,13.1,"3, 6.5?",,,18.0,3.4,80.0,13.1,unknown,False,3,3
Ludacrisp,0.84,Belchertown,,MA,,,,,60,,"stem end russet; flavor is uniques, licorice-like?",,,,,,16,,,,3.0,,,,,,,,,,,,10/11/2021,none,,,,,,,,,14.7,6-7-8,,,16.0,3.0,60.0,14.7,unknown,False,3,3
Ambrosia,0.73,Belchertown,,MA,,,,,65 dullish,,starting to detect some skin greasiness,,,,,,18,,,,2.8,,,,,,,,,,,,10/11/2021,none,,,,,,,,,11.3,4-6-7,,,18.0,2.8,,11.3,unknown,True,3,3
Mutsu,1.52,Belchertown,,MA,,,,,0,,lots of leaf drop from Marssonina,,,,,,16,,,,3.3,,,,,,,,,,,,10/11/2021,nil,,,,,,,,,11.3,4-7,,,16.0,3.3,0.0,11.3,unknown,False,3,3
Suncrisp,1.0,Belchertown,,MA,,,,,10,,"could start to pick on change from green to yellow, largest apples",,,,,,16.5,,,,3.2,,,,,,,,,,,,10/11/2021,none,,,,,,,,,12.5,5-6-7,,,16.5,3.2,10.0,12.5,unknown,False,3,3
Gibson Golden Delicious,1.07,Belchertown,,MA,,,,,0,,DA range = 0.69-1.31; skin still green but harvest ASAP,,,,,,14.5,,,,3.1,,,,,,,,,,,,10/11/2021,nil,,,,,,,,,12.7,7,,,14.5,3.1,0.0,12.7,unknown,False,3,3
Ashmead's Kernel,1.41,Belchertown,,MA,,,,,0,,"seem loose on tree, ready for fresh eating harvest",,,,,,19,,,,2.8,,,,,,,,,,,,10/11/2021,nil,,,,,,,,,12.8,"3-4, 5-6",,,19.0,2.8,0.0,12.8,unknown,False,3,3
Golden Russet,0.78,Belchertown,,MA,,,,,0,,wait a week for cider and fresh,,,,,,24,,,,2.8,,,,,,,,,,,,10/11/2021,nil,,,,,,,,,14.1,3.5,,,24.0,2.8,0.0,14.1,unknown,False,3,3
Cripps Pink 'Maslin' cv.,0.77,Belchertown,,MA,,,,,55,,other than appearance not sure what it has going for it? wait a week?,,,,,,15,,,,3.0,,,,,,,,,,,,10/11/2021,none,,,,,,,,,11.1,4-5+,,,15.0,3.0,55.0,11.1,unknown,False,3,3
"Fuji (Brak, Kiku)",1.45,Belchertown,,MA,,,,,55 dull,,"over-cropped, will never develop good quality or sugar",,,,,,14,,,,3.0,,,,,,,,,,,,10/11/2021,none,,,,,,,,,12.1,6-7,,,14.0,3.0,,12.1,unknown,False,3,3
Cameo (Caudle cv.),1.22,Belchertown,,MA,,,,,75 striped,,hard to hate this apple?,,,,,,14.5,,,,3.3,,,,,,,,,,,,10/11/2021,none,,,,,,,,,11.9,"3-4, 5-6-7?",,,14.5,3.3,,11.9,unknown,False,3,3
Idared,0.89,Belchertown,,MA,,,,,65,,kind of tart still?,,,,,,14,,,,3.3,,,,,,,,,,,,10/12/2021,some,,,,,,,,,11.2,4-5,,,14.0,3.3,65.0,11.2,unknown,False,3,3
Empire (Tome),1.24,Belchertown,,MA,,,,,near 100,,very nice,,,,,,14,,,,3.0,,,,,,,,,,,,10/12/2021,nil,,,,,,,,,11.6,6,,,14.0,3.0,,11.6,unknown,False,3,3
Snowsweet,1.03,Belchertown,,MA,,,,,60 a bit dull,,"It's an OK apple, has not gained much traction?",,,,,,14,,,,3.3,,,,,,,,,,,,10/12/2021,nil,,,,,,,,,12.5,8?,,,14.0,3.3,,12.5,unknown,False,3,3
Crimson Gold,0.37,Belchertown,,MA,,,,,65 bright red,,heavy crop,,,,,,14,,,,3.0,,,,,,,,,,,,10/12/2021,nil,,,,,,,,,13.2,7-8,,,14.0,3.0,,13.2,unknown,False,3,3
Evercrisp,0.0,Belchertown,,MA,,,,,65 dull,,"lots of defoliation (Marssonina); not the best this year, over-cropped",,,,,,16,,,,3.1,,,,,,,,,,,,10/20/2021,nil,,,,,,,,,12.3,6-7 mostly,,,16.0,3.1,,12.3,unknown,False,3,3
Cripps Pink 'Maslin',0.0,Belchertown,,MA,,,,,65+ bright,,"Nice look, heavy crop, variable maturity/readiness to pick, will need 2 picks",,,,,,14,,,,3.0,,,,,,,,,,,,10/20/2021,none,,,,,,,,,12.3,6.5,,,14.0,3.0,,12.3,unknown,False,3,3
Evercrisp,0.91,Belchertown,,MA,,,,,85 but dull on a lot,,"heavy crop, lots of leaf drop (marssonina), SBFS, poor color overall but getting better finally",,,,,,16,,,,3.0,,,,,,,,,,,,10/29/2021,nil,,,,,,,,,12.4,7.5-8,,,16.0,3.0,,12.4,unknown,False,3,3
Goldrush,1.4,Belchertown,,MA,,,,,"10 on some, otherwise green",,"not good, too heavy a crop still",,,,,,20,,,,2.9,,,,,,,,,,,,10/29/2021,none,,,,,,,,,10.8,2-3-4-5?,,,20.0,2.9,,10.8,unknown,False,3,3
Premier Honeycrisp,0.72046099,Belchertown,,MA,,,,,"55, mostly calyx end",,could be spot picked any day on color,,,,,,12,,,,3.4,,,,,,,,,,,,8/15/2022,none,,,,,,,,,12.4,3-7,,,12.0,3.4,,12.4,unknown,False,3,3
???,1.19,Belchertown,,MA,,,,,65 blush hint stripe,,"*probably does not DA wellflesh browns easy, bruises easy",,,,,,14,,,,3.1 distinctly globose,,,,,,,,,,,,8/15/2022,few,,,,,,,,,12.2,3-4 barely,,,14.0,,,12.2,unknown,False,3,3
MN 55,1.03,Belchertown,,MA,,,,,80,,Time to make the donuts!,,,,,,12,,,,3.1,,,,,,,,,,,,8/17/2022,some,,,,,,,,,10.3,3-4-5,,,12.0,3.1,80.0,10.3,unknown,False,3,3
Ellis Bitter (presumably),1.01,Belchertown,,MA,fair,,medium,,"variable, 10-85",solid-blush-stipe,"variable cropload, maturity sensitive to crop load, very bitter flavor; apples really clustered where not thinned, and then there are singles on other tree(s); DA range range (0.62-1.41); these apples picked off lighter crop trees, heavier cropped tree appear green still",absent,,variable,yuk-poor,,14,bitter,white,"medium-soft, fine",2.8,light green,dull red,,small-medium,"somewhat conic, a bit ribbed",,,mostly inconspicuous,early,,cider,,some,top work/M.9,<5,stem,medium,,,slightly greasy,somewhat thick,14.2,6-7,spreading-upright,medium-strong,14.0,2.8,,14.2,juice,False,1,1
Rubymac McIntosh,0.0,Belchertown,,MA,,,,,95,,"well, certainly have good color, minimal drop to date, ReTain?",,,,,,14,,,,3.0,,,,,,,,,,,,9/5/2022,nil,,,,,,,,,11.4,3.5-4 (2.5-6),,,14.0,3.0,95.0,11.4,unknown,False,3,3
Rogers Red McIntosh,0.0,Belchertown,,MA,,,,,50 (barely),,not enough color yet,,,,,,16,,,,3.1,,,,,,,,,,,,9/5/2022,nil,,,,,,,,,12,3.5-4,,,16.0,3.1,,12.0,unknown,False,3,3
Marshall McIntosh,0.0,Belchertown,,MA,,,,,75,,ready for harvest (but not a day before!),,,,,,13.5,,,,3.0,,,,,,,,,,,,9/5/2022,nil,,,,,,,,,11.8,3.5-6.5,,,13.5,3.0,75.0,11.8,unknown,False,3,3
Buckeye Gala,0.30012055,Belchertown,,MA,,,,,95,,"ready for harvest, very nice, well-thinned crop (3.1 inch Gala’s!)",,,,,,16,,,,3.1,,,,,,,,,,,,9/5/2022,none,,,,,,,,,12.3,3-6.5,,,16.0,3.1,95.0,12.3,unknown,False,3,3
Blondee,0.11004024,Belchertown,,MA,,,,,,,"unique yellow Gala-type apple, attractive, sweet",,,,,,17,,,,3.0,,,,,,,,,,,,9/5/2022,none,,,,,,,,,12.2,4-6.5,,,17.0,3.0,,12.2,unknown,False,3,3
Minneisika (SweeTango),0.10000025,Belchertown,,MA,,,,,65,,"Prime, some water core, plant patent expires in 2026",,,,,,14,,,,3.2,,,,,,,,,,,,9/5/2022,nil,,,,,,,,,12.9,4-6,,,14.0,3.2,65.0,12.9,unknown,False,3,3
Pink Luster (Lustre?),0.37018051,Belchertown,,MA,,,,,40 blush,,"fine flesh texture, a bit tart, could to another week maybe? rather attractive",,,,,,18,,,,"3.5 (very large, modest crop)",,,,,,,,,,,,9/5/2022,few,,,,,,,,,10.9,3.5-4.5?,,,18.0,,,10.9,unknown,False,3,3
Sweet MAIA,0.28018039,Belchertown,,MA,,,,,90,,"very light crop, biennial if not careful; tendency to water core out to skin",,,,,,19,,,,3.1,,,,,,,,,,,,9/5/2022,none,,,,,,,,,13.6,7.5-8,,,19.0,3.1,90.0,13.6,unknown,False,3,3
Buckeye Gala,0.30013043,Belchertown,,MA,,,,,95+,,"seeing some splitting, cracking, treated withReTain?",,,,,,18,,,,3.1,,,,,,,,,,,,9/12/2022,none,,,,,,,,,13.6,4-6,,,18.0,3.1,,13.6,unknown,False,3,3
Cortland,0.0,Belchertown,,MA,,,,,80 striped,,"still tart, wait at least a weekmya have had 1/2 rate of ReTain",,,,,,15,,,,3.4,,,,,,,,,,,,9/13/2022,few,,,,,,,,,13.2,1-3 (maybe),,,15.0,3.4,,13.2,unknown,False,3,3
Marshall McIntosh,0.0,Belchertown,,MA,,,,,75+,,"needed to be harvested, 9 bushels total off cider graft row (10 trees?), very nice",,,,,,12,,,,3.1,,,,,,,,,,,,9/16/2022,some,,,,,,,,,12.9,4-7,,,12.0,3.1,,12.9,unknown,False,3,3
Rogers Red McIntosh,0.0,Belchertown,,MA,,,,,75,,"harvest anytime on red color, probably did NOT have ReTain",,,,,,14,,,,3.2,,,,,,,,,,,,9/19/2022,some,,,,,,,,,13.1,4-5-6,,,14.0,3.2,75.0,13.1,unknown,False,3,3
Cortland,0.0,Belchertown,,MA,,,,,80 striped,,"quite tart, does not starch test well, being pickedReTain?",,,,,,16,,,,3.4,,,,,,,,,,,,9/19/2022,few (push-off?),,,,,,,,,12.6,1-2-3 (maybe),,,16.0,3.4,,12.6,unknown,False,3,3
Empire,0.0,Belchertown,,MA,,,,,90,,next week maybe,,,,,,17.5,,,,3.0,,,,,,,,,,,,9/19/2022,none,,,,,,,,,12.2,3.5,,,17.5,3.0,90.0,12.2,unknown,False,3,3
Macoun,0.0,Belchertown,,MA,,,,,60 barely,,"green, wait at least a week",,,,,,16,,,,3.1,,,,,,,,,,,,9/19/2022,"some (push-off), heavy crop",,,,,,,,,11.9,2-5.5?,,,16.0,3.1,,11.9,unknown,False,3,3
Honeycrisp,0.56,Belchertown,,MA,,,,,60,,"I suspect these had ReTain, keep picking based on color, some rots showing up in this block",,,,,,15.5,,,,3.4,,,,,,,,,,,,9/19/2022,nil,,,,,,,,,14.6,6-7,,,15.5,3.4,60.0,14.6,unknown,True,3,3
Pink Luster,0.22006034,Belchertown,no,MA,very good,,medium,,50,blush,very yellow background color; maturity does not advance fast,absent,,medium,good,,19,tart-sweet,white,fine melting but firm,3.4,yellow,pink-red,,large,conic,,September 16-30,mostly inconspicuous,middle-late,,,9/19/2022,nil,,0,,,,,dry,average,12.4,4-6,upright-spreading,strong,19.0,3.4,50.0,12.4,fresh_premium,False,5,4
Modi,0.61022087,Belchertown,,MA,,,,,99,,,,,,,,24,,,,3.0,,,,,,,,,,,,9/19/2022,none,,,,,,,,,14.3,3-4,,,24.0,3.0,99.0,14.3,unknown,False,3,3
Ruby Rush,0.29013054,Belchertown,,MA,,,,,80,,"significant watercore, very large apples, attractive, suitable for limited PYO planting",,,,,,17,,,,3.8 very large,,,,,,,,,,,,9/19/2022,none,,,,,,,,,13.5,4-5?,,,17.0,,80.0,13.5,unknown,False,3,3
Ambrosia,0.47028075,Belchertown,,MA,,,,,70,,"farther along than I thought, but could use 5 more days, this weekend?",,,,,,18.5,,,,3.4,,,,,,,,,,,,9/19/2022,none,,,,,,,,,13.5,4,,,18.5,3.4,70.0,13.5,unknown,True,3,3
DS-41 Pazazz,0.76050097,Belchertown,,MA,,,,,50 striped,,"test again in one week, kind of green but light crop and large apples = early maturity; top-work trees",,,,,,12,,,,3.6 large,,,,,,,,,,,,9/19/2022,none,,,,,,,,,12.4,4-6 (one 6),,,12.0,,,12.4,unknown,False,3,3
Evangeline,0.51,Belchertown,,MA,,,,,,,"New Brunswick exclusive, decent, nice thinned crop this year",,,,,,16,,,,3.2,,,,,,,,,,,,9/23/2022,significant,,,,,,,,,14.6,5-6-7,,,16.0,3.2,,14.6,unknown,False,3,3
RubyRush,0.29001061,Belchertown,,MA,,,,,85,,"uneven maturity, some getting greasy, water core pretty bad, very attractive on trees",,,,,,19,,,,3.6 very large,,,,,,,,,,,,9/23/2022,none,,,,,,,,,14.9,3-7+?,,,19.0,,85.0,14.9,unknown,False,3,3
Ashmeads Kernel,1.09,Belchertown,,MA,,,medium,,,,could stay on tree longer?,"present on some, skin cracks",side,light,,,24,,,,2.9,green,green-yellow,,medium,round-globose,,,mostly inconspicuous,middle-late,,,9/23/2022,none,,75,all over,medium,,,,,15.5,2-3+,spreading,medium-strong,24.0,2.9,,15.5,unknown,False,3,4
Michelin (cider),0.40013079,Belchertown,,MA,,,profuse,,90,solid,light crop = early maturity,absent,,light,,,17,,yellow-white,,2.7,,,,small-medium,a bit typey,,,somewhat conspicuous,middle-late,,,9/23/2022,none,,10,stem,fine,,,,,15.4,5-6-7,spreading,medium,17.0,2.7,90.0,15.4,unknown,False,1,4
Ambrosia,0.44031058,Belchertown,,MA,,,,,75-80,,"ready for 1st harvest, only 2 picks, finish in a week",,,,,,16,,,,3.2,,,,,,,,,,,,9/26/2022,none,,,,,,,,,13.7,4-5,,,16.0,3.2,,13.7,unknown,True,3,3
Golden Delicious,1.39,Belchertown,,MA,,,,,,,need another week really,,,,,,14,,,,3.3,,,,,,,,,,,,9/26/2022,none,,,,,,,,,12.7,4-5+,,,14.0,3.3,,12.7,unknown,False,3,3
Jonagold,0.53012083,Belchertown,,MA,,,,,65,,"hint of watercore, seen some cracking",,,,,,14.5,,,,3.6 very large,,,,,,,,,,,,9/26/2022,few,,,,,,,,,14,5-6-7,,,14.5,,65.0,14.0,unknown,False,3,3
Cordera,0.5902209,Belchertown,,MA,,,,,50,,bitter pit! not recommended unless you want a scab-resistant apple,,,,,,14,,,,3.6 large,,,,,,,,,,,,9/26/2022,few,,,,,,,,,14.1,3-6,,,14.0,,50.0,14.1,unknown,False,3,3
Firecracker,0.27009047,Belchertown,,MA,,,,,65,,"sensitive to crop load, these are off lightlycropped trees, heavily cropped do notlook good",,,,,,17,,,,3.2,,,,,,,,,,,,9/26/2022,none,,,,,,,,,14.7,3-7,,,17.0,3.2,65.0,14.7,unknown,False,3,3
Cortland,0.0,Belchertown,,MA,,,,,85,,"finally really ready for harvest, never starch tests well",,,,,,14,,,,3.6,,,,,,,,,,,,9/26/2022,nil,,,,,,,,,12.4,1-2+,,,14.0,3.6,85.0,12.4,unknown,False,3,3
Empire (Thome),0.0,Belchertown,,MA,,,,,99,,"could start harvest, red color is certainly there, will be better next week, ReTain?",,,,,,17,,,,3.0,,,,,,,,,,,,9/26/2022,none,,,,,,,,,12.9,3.5,,,17.0,3.0,99.0,12.9,unknown,False,3,3
Macoun,0.0,Belchertown,,MA,,,,,80,,"will be economically ripe this weekend but better next week, ReTain probably",,,,,,16,,,,3.1,,,,,,,,,,,,9/26/2022,significant push-off,,,,,,,,,12.7,3-4,,,16.0,3.1,80.0,12.7,unknown,False,3,3
Liberty,0.0,Belchertown,,MA,,,,,99,,"very attractive apple, best to pick a bit on the early side vs. late, an excellent bakeror cider addition",,,,,,19,,,,3.0,,,,,,,,,,,,9/26/2022,none,,,,,,,,,13,2.5-4,,,19.0,3.0,99.0,13.0,unknown,False,3,3
Mutsu/Crispin,1.55,Belchertown,,MA,,,,,,,this is an early October apple in our neckof the woods...,,,,,,16,,,,3.2,,,,,,,,,,,,9/27/2022,some,,,,,,,,,11.5,2-5+,,,16.0,3.2,,11.5,unknown,False,3,3
DS-41 Bud.9,0.84073109,Belchertown,,MA,,,,,65,,"not as far along (at least in red color) as the DS-3, not as pretty, a touch of bitter pit",,,,,,15,,,,3.5,,,,,,,,,,,,9/28/2022,nil,,,,,,,,,13.5,4-5,,,15.0,3.5,65.0,13.5,unknown,False,3,3
Crimson Gold,0.11,Belchertown,,MA,,,,,90,,"wow, nice crop",,,,,,18,,,,3.1,,,,,,,,,,,,9/29/2022,nil,,,,,,,,,14.7,5-6+,,,18.0,3.1,90.0,14.7,unknown,False,3,3
Cripps Pink ‘Maslin’,0.28010048,Belchertown,,MA,,,,,75,,first pick based on color pop,,,,,,17,,,,3.0,,,,,,,,,,,,10/9/2022,nil,,,,,,,,,13.9,4-6+,,,17.0,3.0,75.0,13.9,unknown,False,3,3
Golden Russet,0.52038057,Belchertown,,MA,,,,,0,,getting there...,,,,,,23,,,,3.0,,,,,,,,,,,,10/9/2022,nil,,,,,,,,,15.3,3-4,,,23.0,3.0,0.0,15.3,unknown,False,3,3
Ludacrisp,0.58039083,Belchertown,,MA,,,,,75,,"distinct conic shape, getting there",,,,,,15,,,,3.2,,,,,,,,,,,,10/9/2022,nil,,,,,,,,,14.1,3-7,,,15.0,3.2,75.0,14.1,unknown,False,3,3
Crimson Topaz,0.53035072,Belchertown,,MA,,,,,85,,should be harvested,,,,,,17,,,,3.2,,,,,,,,,,,,10/9/2022,nil,,,,,,,,,13.7,4-8,,,17.0,3.2,85.0,13.7,unknown,False,3,3
MAIA 1 (Evercrisp),0.60025098,Belchertown,,MA,,,,,90,,"watercore, light cropwait a week",,,,,,24,,,,3.4,,,,,,,,,,,,10/9/2022,none,,,,,,,,,14.5,2-3,,,24.0,3.4,90.0,14.5,unknown,False,3,3
"Fuji ‘Brak, Kiku’",1.3,Belchertown,,MA,,,,,80 striped,,"heavy crop last year, light this yearcould use another week",,,,,,15,,,,3.0,,,,,,,,,,,,10/9/2022,none,,,,,,,,,13.4,3-6,,,15.0,3.0,,13.4,unknown,False,3,3
Delicious,1.28,Belchertown,,MA,,,,,95,,DA=1.28 (0.74-1.73); watercoreattractive on tree but yuk,,,,,,14,,,,3.25,,,,,,,,,,,,10/9/2022,few,,,,,,,,,12.1,2-5,,,14.0,3.25,95.0,12.1,unknown,False,3,3
Mutsu/Crispin,1.31,Belchertown,,MA,,,,,,,in middle of harvestuneven maturity,,,,,,18,,,,3.4,,,,,,,,,,,,10/9/2022,few,,,,,,,,,12.9,3-7,,,18.0,3.4,,12.9,unknown,False,3,3
Suncrisp,1.1,Belchertown,,MA,,,,,25,,DA=1.10 (0.69-1.44)could use another weekbackground should change fromgreen to yellow before harvest,,,,,,16,,,,3.2,,,,,,,,,,,,10/11/2022,none,,,,,,,,,13.5,3-6,,,16.0,3.2,25.0,13.5,unknown,False,3,3
Golden Delicious,1.06,Belchertown,,MA,,,,,,,"DA=1.06 (0.41-1.65)last call, some stil green, ReTain?",,,,,,14.5,,,,3.3,,,,,,,,,,,,10/11/2022,few,,,,,,,,,14.6,4-7+,,,14.5,3.3,,14.6,unknown,False,3,3
Cameo,0.0,Belchertown,,MA,,,,,85 striped,,very nice crop if thinnedready for first pickunder-planted apple IMHO,,,,,,16,,,,3.4,,,,,,,,,,,,10/11/2022,none,,,,,,,,,12.9,3-4,,,16.0,3.4,,12.9,unknown,False,3,3
MAIA 1 ‘Evercrisp’,0.40023053,Belchertown,,MA,,,,,75,,watercore; does not starch test well,,,,,,22,,,,3.3,,,,,,,,,,,,10/21/2022,none,,,,,,,,,15.2,3-4?,,,22.0,3.3,75.0,15.2,unknown,False,3,3
Cripps Pink (Pink Lady) Maslin cv.,0.29009045,Belchertown,,MA,,,,,90,,"starting to go over the hill, feeling a touch greasy",,,,,,15.5,,,,3.1,,,,,,,,,,,,10/21/2022,none,,,,,,,,,14,6,,,15.5,3.1,90.0,14.0,unknown,False,3,3
Suncrisp (NJ55),1.01,Belchertown,,MA,,,,,10-25,,"DA=1.01 (0.40-1.19); pick on color change from green to yellow, heavy crop trees still look very green",,,,,,13,,,,3.6,,,,,,,,,,,,10/21/2022,none,,,,,,,,,13.1,4-6+,,,13.0,3.6,,13.1,unknown,False,3,3
Goldrush,1.02,Belchertown,,MA,,,,,0-10,,lightly cropped trees; DA=1.02 (0.57-1.29); need another week minimum,,,,,,20,,,,3.2,,,,,,,,,,,,10/21/2022,nil,,,,,,,,,14.3,3-4,,,20.0,3.2,,14.3,unknown,False,3,3
Sweet Zinger,1.1,Belchertown,,MA,,,,,25-50,,DA=1.10 (0.95-1.26),,,,,,16,,,,3.3,,,,,,,,,,,,10/21/2022,nil,,,,,,,,,13,6.5-7,,,16.0,3.3,,13.0,unknown,False,3,3
Ludacrisp,0.43,Belchertown,,MA,,,,,75,,some stem and calyx end cracking; distinctly conic; DA=0.43 (0.08-1.05); very intense licorice flavor,,,,,,12,,,,3.4,,,,,,,,,,,,10/21/2022,nil,,,,,,,,,15.5,7,,,12.0,3.4,75.0,15.5,unknown,False,3,3
Goldrush,0.6900012,Belchertown,,MA,,,,,,,"light crop, variable maturity",,,,,,20,,,,3.2 light crop,,,,,,,,,,,,10/31/2022,none,,,,,,,,,15.5,4-5,,,20.0,,,15.5,unknown,False,3,3
Zestar!,0.59041097,Belchertown,,MA,,,,,35,,"Might have had a first pick, color not snapping on these, wait a few days",,,,,,14,,,,3.2,,,,,,,,,,,,8/21/2023,nil,,,,,,,,,13.3,4,,,14.0,3.2,35.0,13.3,unknown,False,3,3
Sansa,0.40016084,Belchertown,,MA,,,,,40,,"fire blight, had a first pick already, not so great looking, lots of russet/freeze damage, fire blight",,,,,,15,,,,3,,,,,,,,,,,,8/21/2023,nil,,,,,,,,,13,4 (3-5),,,15.0,3.0,40.0,13.0,unknown,False,3,3
Premier Honeycrisp,0.620281,Belchertown,,MA,,,,,45 (could be better),,"could do a first pick based on color, a lot of green color apples still",,,,,,13,,,,3.4,,,,,,,,,,,,8/21/2023,nil,,,,,,,,,12.3,6.5 (6-7),,,13.0,3.4,,12.3,unknown,False,3,3
Paulared (or is it Paula Red?),0.0,Belchertown,,MA,,,,,90,,remind me that other than applesauce what is this apple good for? fire blight!,,,,,,12.5,,,,3.3,,,,,,,,,,,,8/21/2023,"some, quite a few",,,,,,,,,11.4,5.5 (5-6),,,12.5,3.3,90.0,11.4,unknown,False,3,3
Akane,0.53018089,Belchertown,,MA,,,,,80,,not real pretty this year with some freeze damage,,,,,,17,,,,3.1,,,,,,,,,,,,8/21/2023,none,,,,,,,,,12.8,5.5 (4-7),,,17.0,3.1,80.0,12.8,unknown,False,3,3
MAIA SM (Sweet MAIA),0.84076092,Belchertown,,MA,,,,,95,,"lots of butt cracks, fire blight, freeze damage, very light crop from that",,,,,,19,,,,3.2,,,,,,,,,,,,8/21/2023,none,,,,,,,,,14.4,5 (4 to 6),,,19.0,3.2,95.0,14.4,unknown,False,3,3
Ginger Gold,1.0,Belchertown,,MA,,,,,,,"white seeds, over-cropped, may never be very good, I’d wait a week",,,,,,18,,,,2.9 small,,,,,,,,,,,,8/21/2023,none,,,,,,,,,10.6,3-4,,,18.0,,,10.6,unknown,False,3,3
mystery apple?,1.07,Belchertown,,MA,,,,,70,,"mac-like as far as DA goes, in the cider block, wood came from Headwater or Scott Farm, large leaves, drops easily, annual crop",,,,,,12,,,,3.25 flattish,,,,,,,,,,,,8/21/2023,significant,,,,,,,,,11.4,3-4,,,12.0,,70.0,11.4,unknown,False,3,3
"MN 55 (Rave, First Kiss)",0.31000063,Belchertown,,MA,,,,,95,,"over=mature, dropping like crazy, lots of trees dying",,,,,,13,,,,3.2,,,,,,,,,,,,8/24/2023,significant,,,,,,,,,12.4,5.50 (3-8),,,13.0,3.2,95.0,12.4,unknown,False,3,3
Blondee,0.93062107,Belchertown,,MA,,,,,,,"small, hand thinned late, not ripe, need another week",,,,,,17,,,,2.8,,,,,,,,,,,,8/28/2023,none,,,,,,,,,10.6,2.7,,,17.0,2.8,,10.6,unknown,False,3,3
Ginger Gold,1.02,Belchertown,,MA,,,,,,,"DA range = (0.52 to 1.17); out of E, some frost damage, lightish crop here",,,,,,15,,,,3.4,,,,,,,,,,,,8/28/2023,nil,,,,,,,,,10.2,2-3-4-5,,,15.0,3.4,,10.2,unknown,False,3,3
Minneiska (SweeTango),0.33024037,Belchertown,,MA,,,,,65,,not thinned; a  little variable maturity; varietal flavor not quite there,,,,,,14.7,,,,3.2,,,,,,,,,,,,8/28/2023,nil,,,,,,,,,12.9,5.5 (3.5 to 7),,,14.7,3.2,65.0,12.9,unknown,False,3,3
Akane,0.60055077,Belchertown,,MA,,,,,80,,"look nice, should all be harvested now",,,,,,16.8,,,,3.0,,,,,,,,,,,,8/28/2023,nil,,,,,,,,,12.5,6-7,,,16.8,3.0,80.0,12.5,unknown,False,3,3
Pink Luster,0.65031089,Belchertown,,MA,,,,,55,,1 with moldy core,,,,,,18,,,,3.1,,,,,,,,,,,,8/28/2023,nil,,,,,,,,,10.9,4.83 (4 to 7),,,18.0,3.1,55.0,10.9,unknown,False,3,3
DS-22 (River Belle),0.56015093,Belchertown,,MA,,,,,"65 striped, barely",,"as usual, kind of ugly, some bitter pit showing up",,,,,,15,,,,3.4,,,,,,,,,,,,8/28/2023,few,,,,,,,,,,6 (4-7),,,15.0,3.4,,,unknown,False,3,3
Honeycrisp,1.01,Belchertown,,MA,,,,,45 barely,,"likely had ReTain; need another week minimum, don’t even think about going there yet",,,,,,15,,,,3.1,,,,,,,,,,,,8/28/2023,nil,,,,,,,,,10.9,4.5 (2-6),,,15.0,3.1,,10.9,unknown,True,3,3
Marshall McIntosh,0.0,Belchertown,,MA,,,,,45 lacking,,"frost flecking; still green, wait a week",,,,,,16,,,,3.1,,,,,,,,,,,,8/28/2023,nil,,,,,,,,,11.9, (3.7) 3-4-5,,,16.0,3.1,,11.9,unknown,False,3,3
Rubymac,0.0,Belchertown,,MA,,,,,95,,color is there but needs another week,,,,,,15.5,,,,3.2,,,,,,,,,,,,8/28/2023,none,,,,,,,,,11,4.3,,,15.5,3.2,95.0,11.0,unknown,False,3,3
MAIA12 Summerset,0.99074119,Belchertown,,MA,,,,,45 dull still,,"Flavor OK but could use another week, this is a tasty apple, not firm at all, handle with care, a Labor Day apple",,,,,,13,,,,3.4 large,,,,,,,,,,,,8/29/2023,none,,,,,,,,,11.2,3-4,,,13.0,,,11.2,unknown,False,3,3
Autumn Crisp,0.85061112,Northboro,,MA,,,,,50,,"Tested as NY 674, decent early apple, attractive; ripens September 15 according to acnursery.com",,,,,,13.3,,,,3.3,,,,,,,,,,,,9/1/2023,none,,,,,,,,,12.5,3-6,,,13.3,3.3,50.0,12.5,unknown,False,3,3
Honeycrisp,1.04,Belchertown,,MA,,,,,40 striped,,"NO RETAIN, random sample picked; DA range = 0.65-1.33",,,,,,14,,,,3.1,,,,,,,,,,,,9/5/2023,few,,,,,,,,,10.7,4-7,,,14.0,3.1,,10.7,unknown,True,3,3
Rubymac McIntosh,0.0,Belchertown,,MA,,,,,90,,"being harvested largely on account of good color, does not ripen any earlier than most Macs",,,,,,14.5,,,,3.0,,,,,,,,,,,,9/5/2023,few,,,,,,,,,11.7,4 barely,,,14.5,3.0,90.0,11.7,unknown,False,3,3
Honeycrisp,0.94,Belchertown,,MA,,,,,"50 striped, not great",,"From Block E, no ReTain; over-cropped; DA range = 0.76-1.13",,,,,,12.5,,,,3.0,,,,,,,,,,,,9/5/2023,few,,,,,,,,,10.1,6-7,,,12.5,3.0,,10.1,unknown,True,3,3
Minneiska,0.27,Belchertown,,MA,,,,,65,,"Did not get thinned enough; some russet, freeze; DA range = 0.12-0.34; some seedless, signs of moldy core",,,,,,15,,,,3.1,,,,,,,,,,,,9/5/2023,nil,,,,,,,,,13.4,5-7,,,15.0,3.1,65.0,13.4,unknown,False,3,3
McIntosh (strain?),0.0,Belchertown,,MA,,,,,55,,"from X, signs of pinpoint scab or russet (spray injury)on calyx end; seem to be ripening unevenly down there",,,,,,15,,,,3.2,,,,,,,,,,,,9/5/2023,some,,,,,,,,,12.2,3.5-6,,,15.0,3.2,55.0,12.2,unknown,False,3,3
Buckeye Gala,0.32,Belchertown,,MA,,,,,85,,DA range = 0.05-0.70; pick on change in background color; does not starch test well IMHO,,,,,,19.5,,,,2.75,,,,,,,,,,,,9/5/2023,none,,,,,,,,,13.2,3.5-6.5,,,19.5,2.75,85.0,13.2,unknown,False,3,3
Rogers Red McIntosh,0.0,Belchertown,,MA,,,,,60,,a little farther along than I would have expected,,,,,,15,,,,3.0,,,,,,,,,,,,9/5/2023,few,,,,,,,,,11,4-5-6,,,15.0,3.0,60.0,11.0,unknown,False,3,3
Honeycrisp,0.58,Belchertown,,MA,,,,,"70, picked on color",,"NC-140, had ReTain I believe, pretty rough look, clustered. bitter pit, rots, etc.Freeze injury. DA range = 0.32-0.84)",,,,,,16,,,,3.2,,,,,,,,,,,,9/5/2023,few,,,,,,,,,12.8,7-8 yikes,,,16.0,3.2,,12.8,unknown,True,3,3
Blondee,0.57,Belchertown,,MA,,,,,,,"DA range = 0.04-1.22; like Gala, does not starch test well",,,,,,18,,,,2.9,,,,,,,,,,,,9/5/2023,nil,,,,,,,,,11.7,3.5-6,,,18.0,2.9,,11.7,unknown,False,3,3
Marshall McIntosh,0.0,Belchertown,,MA,,,,,75-80,,"cider block, do not look so great this year, blemishes from freeze? light crop",,,,,,15,,,,3.1,,,,,,,,,,,,9/5/2023,few,,,,,,,,,12.8,4-5,,,15.0,3.1,,12.8,unknown,False,3,3
MAIA 12 Summerset,0.59,Belchertown,,MA,,,,,"50, not great",,DA range = 0.11-1.04; turning fruity flavor,,,,,,12,,,,3.4 large,,,,,,,,,,,,9/5/2023,nil,,,,,,,,,12.1,5-6-7,,,12.0,,,12.1,unknown,False,3,3
Pink Luster,0.48,Belchertown,,MA,,,,,35-40 blush,,Slight greasiness; DA range = 0.14-0.69; one with moldy core,,,,,,15.5,,,,3.4 large,,,,,,,,,,,,9/5/2023,few,,,,,,,,,10.8,4-5-6-7,,,15.5,,,10.8,unknown,False,3,3
Fuji (early strain?),0.91,Belchertown,,MA,,,,,65,,DA range = 0.66-1.26,,,,,,13,,,,3.2,,,,,,,,,,,,9/5/2023,none,,,,,,,,,11.4,5-6+,,,13.0,3.2,65.0,11.4,unknown,False,3,3
Buckeye Gala,0.26,Belchertown,,MA,,,,,90,,"very nice, heavy crop, but still good size, pick ASAP",,,,,,14,,,,3.0,,,,,,,,,,,,9/11/2023,none,,,,,,,,,11.1,3.5-6+,,,14.0,3.0,90.0,11.1,unknown,False,3,3
Rubymac McIntosh,0.0,Belchertown,,MA,,,,,99,,"young trees, very nice, seemed kind of loose",,,,,,13.5,,,,3.2,,,,,,,,,,,,9/11/2023,nil,,,,,,,,,12.4,4.5 (3.5-6),,,13.5,3.2,99.0,12.4,unknown,False,3,3
Minneiska,0.17,Belchertown,,MA,,,,,75,,DA range = 0.10-0.28,,,,,,16,,,,3.2,,,,,,,,,,,,9/11/2023,nil,,,,,,,,,14.2,4-7 variable,,,16.0,3.2,75.0,14.2,unknown,False,3,3
Honeycrisp (Firestorm?),0.78,Belchertown,,MA,,,,,60 striped,,"freeze damage, SBFS, have never looked good; DA range = (0.47-1.09); pretty much all junk; no ReTain",,,,,,16,,,,3.2,,,,,,,,,,,,9/11/2023,few,,,,,,,,,13.5,4-7 variable,,,16.0,3.2,,13.5,unknown,False,3,3
Honeycrisp,0.5,Belchertown,,MA,,,,,65 maybe,,"DA range = 0.22-0.76); butt cracks, russet, mostly garbage; no ReTain",,,,,,13.7,,,,3.25,,,,,,,,,,,,9/11/2023,nil,,,,,,,,,13.9,6-7-8,,,13.7,3.25,,13.9,unknown,True,3,3
Rogers Red McIntosh,0.0,Belchertown,,MA,,,,,60,,"pick ASAP, seem loose",,,,,,14,,,,3.1,,,,,,,,,,,,9/11/2023,some,,,,,,,,,10.7,5-6,,,14.0,3.1,60.0,10.7,unknown,False,3,3
Cortland (Redcort?),0.0,Belchertown,,MA,,,,,65 but rather dull,,just say no,,,,,,13.7,,,,3.4 large,,,,,,,,,,,,9/11/2023,none,,,,,,,,,11.1,2,,,13.7,,,11.1,unknown,False,3,3
Honeycrisp,0.62,Belchertown,,MA,,,,,65 but lots of green apples out there still,,had ReTain; DA range = 0.38-0.82; NC-140,,,,,,14,,,,3.3,,,,,,,,,,,,9/11/2023,few,,,,,,,,,13,6-7 mostly 7,,,14.0,3.3,,13.0,unknown,True,3,3
Fuji (Morning Mist),1.01,Belchertown,,MA,,,,,50,,"lots of freeze damage, clustered in tops of trees, not worth harvesting probably; SBFS",,,,,,14.5,,,,3.1,,,,,,,,,,,,9/11/2023,none,,,,,,,,,13.9,4-5,,,14.5,3.1,50.0,13.9,unknown,False,3,3
Gala (strain?),0.49,Belchertown,,MA,,,,,80,,DA range = 0.32-0.83; harvest ASAP,,,,,,16,,,,2.9,,,,,,,,,,,,9/11/2023,nil,,,,,,,,,10.7,5-7-8,,,16.0,2.9,80.0,10.7,unknown,False,3,3
Crimson Crisp,0.79,Belchertown,,MA,,,,,70,,DA range = 0.50-1.08; farther along than I would have thought but light crop,,,,,,20,,,,2.9,,,,,,,,,,,,9/12/2023,none,,,,,,,,,12.5,4-5-6,,,20.0,2.9,70.0,12.5,unknown,False,3,3
Blondee,0.17,Belchertown,,MA,,,,,,,"tropical, fruity flavor",,,,,,16,,,,2.8,,,,,,,,,,,,9/12/2023,none,,,,,,,,,13,"5-6, 4.5?",,,16.0,2.8,,13.0,unknown,False,3,3
Firecracker,0.4,Belchertown,,MA,,,,,50 orange-red blush,,"DA range = 0.26-0.67; attractive, could wait another week; very sensitive to crop load",,,,,,20,,,,2.9,,,,,,,,,,,,9/18/2023,nil,,,,,,,,,15.1,3-6,,,20.0,2.9,,15.1,unknown,False,3,3
Pink Luster,0.33,Belchertown,,MA,,,,,"60 pink blush, attractive",,"DA range = 0.25-0.42; mild flavor, hard to dis-like?",,,,,,16,,,,3.4 large,,,,,,,,,,,,9/18/2023,few,,,,,,,,,12.5,6-7,,,16.0,,,12.5,unknown,False,3,3
Honeycrisp,0.64,Belchertown,,MA,,,,,"50 barely, striped",,DA range = 0.47-0.81; ReTain seemsto be holding up,,,,,,13,,,,3.4 large,,,,,,,,,,,,9/18/2023,some,,,,,,,,,12.7,"one 4, 6-7",,,13.0,,,12.7,unknown,True,3,3
Cortland (Redcort?),0.0,Belchertown,,MA,,,,,75,,"heavy crop; getting better, I might give you my permission to harvest if you ask “pretty please?”",,,,,,16,,,,3.2,,,,,,,,,,,,9/18/2023,none,,,,,,,,,11.4,2-3,,,16.0,3.2,75.0,11.4,unknown,False,3,3
Rogers Red McIntosh,0.0,Belchertown,,MA,,,,,70,,harvest ASAP,,,,,,13,,,,3.1,,,,,,,,,,,,9/18/2023,"significant, push-off, heavy crop, but loose",,,,,,,,,11.9,6,,,13.0,3.1,70.0,11.9,unknown,False,3,3
Crimson Crisp,0.75,Belchertown,,MA,,,,,95,,"light crop, fire blight; DA range = 0.31-0.99; larger apple quite ripe, smaller apples still green, prone to water core?",,,,,,19,,,,3.0,,,,,,,,,,,,9/18/2023,none,,,,,,,,,14,4.5-6.5,,,19.0,3.0,95.0,14.0,unknown,False,3,3
Empire (Royal?)/B.9,0.0,Belchertown,,MA,,,,,90,,"light crop, virtually no seeds; better by this weekend",,,,,,16,,,,3.2,,,,,,,,,,,,9/18/2023,none,,,,,,,,,12.6,3-6,,,16.0,3.2,90.0,12.6,unknown,False,3,3
Honeycrisp,0.61,Belchertown,,MA,,,,,"55 striped, barely",,NC-140; DA range = 0.19-0.86,,,,,,12,,,,3.3,,,,,,,,,,,,9/18/2023,some,,,,,,,,,11.2,5.5-7,,,12.0,3.3,,11.2,unknown,True,3,3
Buckeye Gala,0.14,Belchertown,,MA,,,,,100,,over the hill mostly...,,,,,,14.5,,,,2.8 small,,,,,,,,,,,,9/19/2023,nil,,,,,,,,,14.5,4-8,,,14.5,,100.0,14.5,unknown,False,3,3
Morning Mist Fuji,0.99,Belchertown,,MA,,,,,55,,Sweet! Harvest ASAP,,,,,,13.5,,,,3.1,,,,,,,,,,,,9/19/2023,nil,,,,,,,,,14.7,4-6.5,,,13.5,3.1,55.0,14.7,unknown,False,3,3
Macoun,0.0,Belchertown,,MA,,,,,50 barely,,"still green, need another week at least; ReTain",,,,,,15,,,,3.2,,,,,,,,,,,,9/22/2023,none,,,,,,,,,11.5,3-4,,,15.0,3.2,,11.5,unknown,False,3,3
Macoun,0.0,Belchertown,,MA,,,,,55,,no ReTain,,,,,,16.5,,,,3.1,,,,,,,,,,,,9/22/2023,none,,,,,,,,,11.1,3-5 maybe?,,,16.5,3.1,55.0,11.1,unknown,False,3,3
Macoun,0.0,Belchertown,,MA,,,,,60,,OK to pick I suppose; more russet near stem end than shows (freeze damage); hint of bitter pit too; seeds stillm mostly white,,,,,,15,,,,3.2 flattish,,,,,,,,,,,,9/25/2023,nil,,,,,,,,,12.2,3-4,,,15.0,,60.0,12.2,unknown,False,3,3
Golden Delicious (DS-165 Golden Glory),0.0,Belchertown,,MA,,,,,"very slight pink blush, mostly green still",,"seeds brown, heavy crop, still look kind of green",,,,,,13,,,,3.0,,,,,,,,,,,,9/25/2023,none,,,,,,,,,10.9,4-7,,,13.0,3.0,,10.9,unknown,False,3,3
Jonagold,0.0,Belchertown,,MA,,,,,50,,"missing seeds, ready for harvest based on red color, light crop overall but clustered up (4 apples) in tops and bottoms",,,,,,12,,,,3.4 large despite being clustered,,,,,,,,,,,,9/25/2023,nil,,,,,,,,,13.5,5-7,,,12.0,,50.0,13.5,unknown,False,3,3
Honeycrisp,0.0,Belchertown,,MA,,,,,65,,"likely had ReTain, lacking color still, needs a pick-through, not long for the world? lots of freeze damage, butt cracks, russet, some bitter pit showing up",,,,,,12,,,,3.3,,,,,,,,,,,,9/25/2023,some,,,,,,,,,12.7,6-7,,,12.0,3.3,65.0,12.7,unknown,True,3,3
Crimson Crisp,0.0,Belchertown,,MA,,,,,99,,1/6 water core; pick ASAP; marssonina?,,,,,,17,,,,3.1,,,,,,,,,,,,9/25/2023,"few, loose, leaf drop",,,,,,,,,14.1,5.5-7,,,17.0,3.1,99.0,14.1,unknown,False,3,3
Empire (Royal?),0.0,Belchertown,,MA,,,,,95,,"some stem-end splitting; light crop overall; I would not store these, getting kind of soft, no seeds",,,,,,15,,,,3.2,,,,,,,,,,,,9/25/2023,nil,,,,,,,,,13.2,3.5-6.5,,,15.0,3.2,95.0,13.2,unknown,False,3,3
Liberty,0.0,Belchertown,,MA,,,,,85,,"could use another 5 days or so, very heavy crop",,,,,,20,,,,3.0,,,,,,,,,,,,9/25/2023,none,,,,,,,,,12.2,2-4,,,20.0,3.0,85.0,12.2,unknown,False,3,3
Rogers Red McIntosh,0.0,Belchertown,,MA,,,,,75,,harvest ASAP,,,,,,12,,,,3.2,,,,,,,,,,,,9/25/2023,significant,,,,,,,,,11.7,6.5,,,12.0,3.2,75.0,11.7,unknown,False,3,3
Cortland (Redcort?),0.0,Belchertown,,MA,,,,,80,,"nice white flesh, pick over next week",,,,,,15,,,,3.4 large,,,,,,,,,,,,9/25/2023,nil,,,,,,,,,11.3,3-4,,,15.0,,80.0,11.3,unknown,False,3,3
Ambrosia,0.0,Belchertown,,MA,,,,,55,,"light crop (freeze) but little surface russter/cracking/damage, etc. (go figure); fruit cocktail, cold start harvest with slight background color change to yellow; very few seeds",,,,,,16.5,,,,3.2,,,,,,,,,,,,9/25/2023,none,,,,,,,,,13.4,4-5,,,16.5,3.2,55.0,13.4,unknown,True,3,3
Modi,0.6,Belchertown,,MA,,,,,95,,"a bit over-ripe; not adequately thinned; very slightly greasy, definitely over-mature",,,,,,20,,,,2.8,,,,,,,,,,,,10/6/2023,"few, loose",,,,,,,,,13.5,5-6,,,20.0,2.8,95.0,13.5,unknown,False,3,3
DS-41 (Pazazz),0.83,Belchertown,,MA,,,,,75 stiped,,"marssonina, defoliation, fire blight, frost rings, etc. DA range = 0.51-1.03; not a good look at all; going right into cooler to see what happens?",,,,,,10.3,,,,3.6,,,,,,,,,,,,10-6-2023,a lot,,,,,,,,,12.4,6.5-7+,,,10.3,3.6,,12.4,unknown,False,3,3
Crimson Gold,0.22,Belchertown,,MA,,,,,50-75,,"quite ripe, drop, nice look and flavor",,,,,,14,,,,3.0,,,,,,,,,,,,10/9/2023,significant,,,,,,,,,12.4,7,,,14.0,3.0,,12.4,unknown,False,3,3
Suncrisp (NJ55),0.54,Belchertown,,MA,,,,,0-10% orange-pink blush,,"light crop (freeze); kind of not so great this year, slightly greasy and ‘punky?’ touch of water core",,,,,,14,,,,3.6 large,,,,,,,,,,,,10/9/2023,few,,,,,,,,,13.1,6,,,14.0,,,13.1,unknown,False,3,3
Golden Delicious,1.14,Belchertown,,MA,,,,,,,DA suggest they are still quite “green” but otherwise ready to harvest,,,,,,11,,,,3.4,,,,,,,,,,,,10/9/2023,nil,,,,,,,,,11,6-7,,,11.0,3.4,,11.0,unknown,False,3,3
Cripps Pink (Barnsby),0.29,Belchertown,,MA,,,,,90,,"presumed to be Barnsby, modest crop on B.9, attractive, still rather tart",,,,,,17,,,,3.1,,,,,,,,,,,,10/9/2023,nil,,,,,,,,,13.8,4-5,,,17.0,3.1,90.0,13.8,unknown,False,3,3
Mutsu ‘Crispin’,1.58,Belchertown,,MA,,,,,,,"very large apples, could use another week",,,,,,15,,,,3.6 very large,,,,,,,,,,,,10/9/2023,nil,,,,,,,,,10.6,4,,,15.0,,,10.6,unknown,False,3,3
Cameo ‘Caudle’ cv.,0.91,Belchertown,,MA,,,,,75-100 dull still,,"moldy core (2/6), not adequately thinned",,,,,,16.5,,,,3.0,,,,,,,,,,,,10/9/2023,none,,,,,,,,,12.2,3-6,,,16.5,3.0,,12.2,unknown,False,3,3
Macoun,0.0,Belchertown,,MA,,,,,75,,really good in terms of flavor right now,,,,,,13,,,,3.2,,,,,,,,,,,,10/9/2023,some,,,,,,,,,12.1,4-7,,,13.0,3.2,75.0,12.1,unknown,False,3,3
Delicious,0.0,Belchertown,,MA,,,,,95,,"one with water core, junk",,,,,,14,,,,3.2,,,,,,,,,,,,10/9/2023,some,,,,,,,,,10.1,4-5-6,,,14.0,3.2,95.0,10.1,unknown,False,3,3
Cortland,0.0,Belchertown,,MA,,,,,75,,"still perfectly viable, most likely had ReTain",,,,,,13,,,,3.4,,,,,,,,,,,,10/10/2023,few,,,,,,,,,12.2,"3-6, mostly 4",,,13.0,3.4,75.0,12.2,unknown,False,3,3
Evercrisp,0.91,Belchertown,,MA,,,,,50 dull still,,DA range = 0.64 to 1.26; 1 with watercore; wait a week at least,,,,,,21,,,,3.4,,,,,,,,,,,,10/10/2023,none,,,,,,,,,14,3-4,,,21.0,3.4,,14.0,unknown,False,3,3
Hudson Golden Gem,0.96,Belchertown,,MA,,,,,"0, russet",,"tastes like a good pear, being harvested; if you want bud wood, talk to me and make check payable to ‘Jon Clements’ :-)",,,,,,15,,,,"3.25, typey mostly",,,,,,,,,,,,10/10/2023,few,,,,,,,,,11.5,4-6+,,,15.0,,,11.5,unknown,False,3,3
Crimson Topaz,0.0,Belchertown,,MA,,,,,90,,"ready to harvest, SBFS, marssonina",,,,,,14.5,,,,,,,,,,,,,,,,10/13/2023,nil,,,,,,,,,12.4,6,,,14.5,,90.0,12.4,unknown,False,3,3
‘Brak’ Fuji,1.09,Belchertown,,MA,,,,,75,,DA range = 0.81-1.24; watercore; over-cropped; pretty classic late Fuji,,,,,,14,,,,3.3,,,,,,,,,,,,10/20/2023,none,,,,,,,,,11.5,7,,,14.0,3.3,75.0,11.5,unknown,False,3,3
MAIA-L ‘Ludacrisp’,0.32,Belchertown,,MA,,,,,65,,DA range = 0.11-0.44; tastes like a pineapple when left this ripe; light crop only in tops of trees,,,,,,16,,,,3.2,,,,,,,,,,,,10/20/2023,none,,,,,,,,,15.8,5-7,,,16.0,3.2,65.0,15.8,unknown,False,3,3
MAIA 1 ‘Evercrisp’,0.93,Belchertown,,MA,,,,,75,,"DA range = 0.81-1.12; hint of watercore; no seeds; over-cropped in tops of trees; fire blight, marssonina, SBFS",,,,,,20,,,,3.4,,,,,,,,,,,,10/20/2023,nil,,,,,,,,,13.8,3.5-4.5,,,20.0,3.4,75.0,13.8,unknown,False,3,3
Akane,1.22,Belchertown,,MA,,,,,65,,bitter rot; some water core; probably not worth doing DA meter; not ready to harvest based on taste,,,,,,16,,,,2.85,,,,,,,,,,,,8/15/2024,nil,,,,,,,,,11.1,3 (1-4),,,16.0,2.85,65.0,11.1,unknown,False,3,3
Sansa,0.36020054,Belchertown,,MA,,,,,50,,"from north block, already first picked",,,,,,11,,,,3.4,,,,,,,,,,,,8/15/2024,nil,,,,,,,,,13,4-5,,,11.0,3.4,50.0,13.0,unknown,False,3,3
MAIA-SM (Swwet MAIA),1.19,Belchertown,,MA,,,,,75,,DA = 1.19 (0.94 to 1.42); need until September 1 to harvest,,,,,,19,,,,3.1,,,,,,,,,,,,8/15/2024,none,,,,,,,,,11.5,4-7,,,19.0,3.1,75.0,11.5,unknown,False,3,3
Zestar!,0.65054081,Belchertown,,MA,,,,,40,,approaching first harvest,,,,,,12,,,,3.3,,,,,,,,,,,,8/15/2024,nil,,,,,,,,,12.1,4-5,,,12.0,3.3,40.0,12.1,unknown,False,3,3
Sweet MAIA,0.82060107,Belchertown,,MA,,,,,95,,"start harvest, no rush, holds on tree well",,,,,,18,,,,3.2,,,,,,,,,,,,8/26/2024,none,,,,,,,,,12.3,3.5 to 6.5,,,18.0,3.2,95.0,12.3,unknown,False,3,3
Royal Red Honeycrisp,0.77059086,Belchertown,,MA,,,,,65,,some bitter pit starting to show up; need another week minimum,,,,,,14,,,,3.25,,,,,,,,,,,,8/26/2024,none,,,,,,,,,11.1,3.5 to 7,,,14.0,3.25,65.0,11.1,unknown,False,3,3
Akane,0.59047067,Belchertown,,MA,,,,,95,,"bitter rot, could be picked over next week",,,,,,15,,,,3.2,,,,,,,,,,,,8/26/2024,none,,,,,,,,,13,6,,,15.0,3.2,95.0,13.0,unknown,False,3,3
MN 1914,0.33019044,Belchertown,,MA,,,,,65,,heavy crop; 1 with water core,,,,,,14,,,,3.1,,,,,,,,,,,,8/26/2024,none,,,,,,,,,12.3,3-6.5,,,14.0,3.1,65.0,12.3,unknown,False,3,3
Gingergold,0.63046094,Belchertown,,MA,,,,,10% red blush not on all,,does not starch test well; ready to harvest,,,,,,17,,,,3.5,,,,,,,,,,,,8/26/2024,none,,,,,,,,,11.3,2-4,,,17.0,3.5,,11.3,unknown,False,3,3
Zestar!,0.77061098,Belchertown,,MA,,,,,35,,being harvested; meh,,,,,,12,,,,3.3,,,,,,,,,,,,8/26/2024,nil,,,,,,,,,13.1,4-7,,,12.0,3.3,35.0,13.1,unknown,False,3,3
Rubymac McIntosh,0.0,Belchertown,,MA,,,,,90,,wait another week at least,,,,,,13,,,,3.2,,,,,,,,,,,,8/26/2024,none,,,,,,,,,10.3,3.5 to 4.5`,,,13.0,3.2,90.0,10.3,unknown,False,3,3
Gala (strain?),0.49030077,Belchertown,,MA,,,,,"80 some stripe, nice",,"These were from Brandt, Cherry? Bunched up, heavy crop; getting slightly greasy; very sweet, no acid",,,,,,14,,,,3.2,,,,,,,,,,,,9/3/2024,nil,,,,,,,,,10.4,3.5 to 6.5,,,14.0,3.2,,10.4,unknown,False,3,3
Minneiska,0.25016031,Belchertown,,MA,,,,,65,,touch of watercore; at least a few days ahead of schedule,,,,,,14,,,,3.1,,,,,,,,,,,,9/3/2024,none,,,,,,,,,12.5,6.5,,,14.0,3.1,65.0,12.5,unknown,False,3,3
Royal Red Honeycrisp,0.63044085,Belchertown,,MA,,,,,75,,touch of bitter pit,,,,,,13.5,,,,3.5,,,,,,,,,,,,9/3/2024,nil,,,,,,,,,11.4,5.5 to 6.5,,,13.5,3.5,75.0,11.4,unknown,False,3,3
Honeycrisp,0.6504009,Belchertown,,MA,,,,,55,,"NC-140; light crop overall, most apple sin tops of trees; bitter pit",,,,,,13.5,,,,3.6,,,,,,,,,,,,9/3/2024,nil,,,,,,,,,12,5.5 to 7,,,13.5,3.6,55.0,12.0,unknown,True,3,3
Sweet MAIA,0.51032065,Belchertown,,MA,,,,,90,,Need to be harvested ASAP,,,,,,16.5,,,,3.2,,,,,,,,,,,,9/3/2024,none,,,,,,,,,11.7,6.5 to 8,,,16.5,3.2,90.0,11.7,unknown,False,3,3
MonaLisa,0.18004027,Belchertown,,MA,,,,,80,,Nice,,,,,,17,,,,3.2,,,,,,,,,,,,9/3/2024,none,,,,,,,,,13.2,4 to 6.5,,,17.0,3.2,80.0,13.2,unknown,False,3,3
Blondee,0.5303508,Belchertown,,MA,,,,,yellow apple,,Could use another week?,,,,,,16.5,,,,3.2,,,,,,,,,,,,9/3/2024,none,,,,,,,,,11.6,2-5,,,16.5,3.2,,11.6,unknown,False,3,3
Silken,0.22012039,Belchertown,,MA,,,,,yellow apple,,HD ?; already all picked,,,,,,13.5,,,,3.2,,,,,,,,,,,,9/3/2024,?,,,,,,,,,11.3,solid 4,,,13.5,3.2,,11.3,unknown,False,3,3
Mcintosh (Rogers Red),0.0,Belchertown,,MA,,,,,65,,touch of scab,,,,,,14,,,,3.2,,,,,,,,,,,,9/3/2024,some,,,,,,,,,11.3,3.5 to 4.5,,,14.0,3.2,65.0,11.3,unknown,False,3,3
McIntosh (Rubymac),0.0,Belchertown,,MA,,,,,95+,,"lightish crop on these trees; touch of bitter pit; other than red color, sub-par McIntosh strain",,,,,,12,,,,3.4,,,,,,,,,,,,9/3/2024,"nil, but getting loose",,,,,,,,,10.5,4-7,,,12.0,3.4,,10.5,unknown,False,3,3
Gala (Buckeye),0.20007043,Belchertown,,MA,,,,,95,,"quite ripe, clustered apples but some very nice ones too",,,,,,18,,,,3.0,,,,,,,,,,,,9/3/2024,none,,,,,,,,,13.2,3-8,,,18.0,3.0,95.0,13.2,unknown,False,3,3
Brookfield Gala,0.48025076,Northboro,,MA,,,,,85 somewhat striped,,ReTain? nice,,,,,,16,,,,3.0,,,,,,,,,,,,9/5/2024,none,,,,,,,,,11.5,3.5 to 6.5,,,16.0,3.0,,11.5,unknown,False,3,3
Royal Red Honeycrisp,0.59028085,Northboro,,MA,,,,,55,,ReTain? look good,,,,,,15.5,,,,3.25,,,,,,,,,,,,9/5/2024,few (push-off?),,,,,,,,,12.6,3.5 to 6.5,,,15.5,3.25,55.0,12.6,unknown,False,3,3
Autumn Crisp,0.60039075,Northboro,,MA,,,,,70,,high brix; nice look,,,,,,12.5,,,,3.3,,,,,,,,,,,,9/5/2024,nil,,,,,,,,,13.7,3 to 6.5,,,12.5,3.3,70.0,13.7,unknown,False,3,3
MAIA SM (Sweet MAIA),0.33013049,Belchertown,,MA,,,,,95+,,getting old; water core,,,,,,16,,,,3.1,,,,,,,,,,,,9/9/2024,nil,,,,,,,,,11.7,8,,,16.0,3.1,,11.7,unknown,False,3,3
MonaLisa,0.06000012,Belchertown,,MA,,,,,75,,"going by fast, some surface russets",,,,,,16,,,,3.1,,,,,,,,,,,,9/9/2024,none,,,,,,,,,13,3.5 to 7,,,16.0,3.1,75.0,13.0,unknown,False,3,3
MAIA AM (Amarilla),0.45017079,Belchertown,,MA,,,,,"yellow-green, attractive",,fruity; G.41; MAIA 'Amarilla'; very good eat,,,,,,16,,,,3.2,,,,,,,,,,,,9/9/2024,none,,,,,,,,,13.5,4.5 to 7.5,,,16.0,3.2,,13.5,unknown,False,3,3
Fuji ‘Morning Mist’,0.91044132,Belchertown,,MA,,,,,80,,could be spot picked based on color change but some still green; should be good to go in a week,,,,,,14.5,,,,3.3,,,,,,,,,,,,9/9/2024,none,,,,,,,,,13.8,4-6?,,,14.5,3.3,80.0,13.8,unknown,False,3,3
Buckeye Gala,0.15009026,Belchertown,,MA,,,,,95+,,"getting greasy, need to be harvested ASAP",,,,,,18,,,,3.0,,,,,,,,,,,,9/9/2024,none,,,,,,,,,14.6,3.5 to 7.5,,,18.0,3.0,,14.6,unknown,False,3,3
McIntosh ‘Rogers Red’,0.0,Belchertown,,MA,,,,,85 nice,,"nice look, harvest over next week",,,,,,14.5,,,,3.4,,,,,,,,,,,,9/9/2024,some,,,,,,,,,12.7,4-6 mostly 4’ish,,,14.5,3.4,,12.7,unknown,False,3,3
Cortland (Redcort?),0.0,Belchertown,,MA,,,,,75,,"need another week, still green; maybe had ReTain?",,,,,,16,,,,3.6,,,,,,,,,,,,9/9/2024,nil,,,,,,,,,10.5,1.5 if that,,,16.0,3.6,75.0,10.5,unknown,False,3,3
Blondee,0.42017049,Belchertown,,MA,,,,,pink-orange blush 10%,,"nice look, meh flavor",,,,,,17,,,,3.2,,,,,,,,,,,,9/9/2024,none,,,,,,,,,11.6,3 to 7,,,17.0,3.2,,11.6,unknown,False,3,3
Honeycrisp (NC-140),0.61049071,Belchertown,,MA,,,,,45,,"Not sure what to say, seem to be holding well, might have had ReTain?",,,,,,13,,,,3.6,,,,,,,,,,,,9/9/2024,few,,,,,,,,,11.7,5 to 7,,,13.0,3.6,45.0,11.7,unknown,False,3,3
McIntosh (Rubymac),0.0,Belchertown,,MA,,,,,95+,,bottoms of trees already harvested;heavy crop,,,,,,13,,,,3.2,,,,,,,,,,,,9/9/2024,few,,,,,,,,,11,3.5 to 6,,,13.0,3.2,,11.0,unknown,False,3,3
MAIA AM,0.27000044,Belchertown,,MA,,,,,yellow,,G.41,,,,,,13.0,,,,3.4,,,,,,,,,,,,9/13/2024,few,,,,,,,,,13.9,7-8,,,13.0,3.4,,13.9,unknown,False,3,3
MAIA AM,0.46027076,Belchertown,,MA,,,,,yellow,,some bitter pit like symptoms? G.11; some white rot and black rot,,,,,,16,,,,3.4,,,,,,,,,,,,9/13/2024,few,,,,,,,,,,6-7,,,16.0,3.4,,,unknown,False,3,3
Rubymac,0.0,Belchertown,,MA,,,,,95+,,seem kind of soft? some scab; ReTain?,,,,,,10.5,,,,3.4,,,,,,,,,,,,9/16/2024,nil,,,,,,,,,13,4-6,,,10.5,3.4,,13.0,unknown,False,3,3
Rogers Red McIntosh,0.0,Belchertown,,MA,,,,,90,,"already harvested, no ReTain",,,,,,11.5,,,,3.2,,,,,,,,,,,,9/16/2024,few,,,,,,,,,12,4-6 (5),,,11.5,3.2,90.0,12.0,unknown,False,3,3
Honeycrisp (NC-140),0.53024078,Belchertown,,MA,,,,,65,,"very large apples, lightish crop, bitter pit, rots...",,,,,,13,,,,3.6,,,,,,,,,,,,9/16/2024,few,,,,,,,,,12.5,6.5 to 8,,,13.0,3.6,65.0,12.5,unknown,False,3,3
Ambrosia,0.41025057,Belchertown,,MA,,,,,50,,"scab; rots; this would be very early for start of harvest, probably hold off until early next week but watch closely",,,,,,16,,,,3.4,,,,,,,,,,,,9/16/2024,none,,,,,,,,,12.7,4’s?,,,16.0,3.4,50.0,12.7,unknown,True,3,3
Morning Mist Fuji,1.1,Belchertown,,MA,,,,,70,,"DA = 1.10  (0.69 to 1.43); sweet; DA not a good measure, ready to harvest probably in 2 picks",,,,,,12,,,,3.4,,,,,,,,,,,,9/16/2024,none,,,,,,,,,,6-7+,,,12.0,3.4,70.0,,unknown,False,3,3
Cortland (Redcort?),0.0,Belchertown,,MA,,,,,85,,"some fly speck showing up, barely ready for start of harvest",,,,,,14.5,,,,3.6,,,,,,,,,,,,9/16/2024,none,,,,,,,,,11.1,2-3-4,,,14.5,3.6,85.0,11.1,unknown,False,3,3
Honeycrisp (A3),0.67051084,Belchertown,,MA,,,,,"45 not a good look, 1st picked",,"1st picked already, had ReTain; significant bitter pit and rot ",,,,,,12,,,,3.6,,,,,,,,,,,,9/14/2024,few,,,,,,,,,11.8,4-7,,,12.0,3.6,,11.8,unknown,False,3,3
McIntosh (Pioneer?),0.0,Belchertown,,MA,,,,,75,,scab,,,,,,13,,,,3.25,,,,,,,,,,,,9/16/2024,some,,,,,,,,,12.9,4.5 to 6,,,13.0,3.25,75.0,12.9,unknown,False,3,3
Macoun,0.0,Belchertown,,MA,,,,,45,,hint of watercore; need another week but I knew that...,,,,,,13,,,,3.4,,,,,,,,,,,,9/16/2024,nil - push off,,,,,,,,,11.8,3-4+,,,13.0,3.4,45.0,11.8,unknown,False,3,3
MAIA AM,0.41025053,Belchertown,,MA,,,,,yellow-green,,"Decent, has not changed much since late last week",,,,,,17,,,,3.4,,,,,,,,,,,,9/16/2024,"loose, a few",,,,,,,,,,6-8,,,17.0,3.4,,,unknown,False,3,3
Empire,0.0,Belchertown,,MA,,,,,80,,wait a week,,,,,,15.5,,,,3.2,,,,,,,,,,,,9/17/2024,none,,,,,,,,,11.7,2.5 to 3.5,,,15.5,3.2,80.0,11.7,unknown,False,3,3
Liberty,0.0,Belchertown,,MA,,,,,85,,wait a week but watch,,,,,,19,,,,3.1,,,,,,,,,,,,9/17/2024,none,,,,,,,,,12.4,3,,,19.0,3.1,85.0,12.4,unknown,False,3,3
Haralson,0.8,Belchertown,,MA,,,,,90,,has some net russet,,,,,,13.5,,,,3.3,,,,,,,,,,,,9/19/2024,few,,,,,,,,,13.2,4-5-6 up to 8,,,13.5,3.3,90.0,13.2,unknown,False,3,3
Rubymac McIntosh,0.0,Belchertown,,MA,,,,,95+,,starting to go south...done,,,,,,11.5,,,,3.4,,,,,,,,,,,,9/23/2024,nil,,,,,,,,,12.1,6+,,,11.5,3.4,,12.1,unknown,False,3,3
Honeycrisp,0.46021069,Belchertown,,MA,,,,,65,,"likely had ReTain; should harvest this week on color, probably have another week",,,,,,12,,,,3.4,,,,,,,,,,,,9/23/2024,some,,,,,,,,,12.6,5.5 to 7,,,12.0,3.4,65.0,12.6,unknown,True,3,3
Jonagold,0.68030094,Belchertown,,MA,,,,,65,,"a tough call, no rush but could be spot picked this week, uneven maturity, likely had ReTain",,,,,,13.5,,,,3.6,,,,,,,,,,,,9/23/2024,nil,,,,,,,,,13,4.5-8,,,13.5,3.6,65.0,13.0,unknown,False,3,3
Macoun,0.0,Belchertown,,MA,,,,,85,,hint of watercore in one; likely had ReTain; being harvested,,,,,,13,,,,3.2,,,,,,,,,,,,9/23/2024,nil-maybe some push-off,,,,,,,,,11.5,3.5 to 5.5,,,13.0,3.2,85.0,11.5,unknown,False,3,3
Cortland (Redcort),0.0,Belchertown,,MA,,,,,95,,"being harvested, can go another week",,,,,,14,,,,3.5,,,,,,,,,,,,9/23/2024,nil,,,,,,,,,10.9,2+,,,14.0,3.5,95.0,10.9,unknown,False,3,3
Empire,0.0,Belchertown,,MA,,,,,90,,"Looking good, start harvest but no rush either",,,,,,15,,,,3.4,,,,,,,,,,,,9/23/2024,none,,,,,,,,,12.7,3.5 to 6,,,15.0,3.4,90.0,12.7,unknown,False,3,3
Liberty,0.0,Belchertown,,MA,,,,,95+,,needs to be picked,,,,,,18,,,,3.0,,,,,,,,,,,,9/23/2024,none,,,,,,,,,13.1,3.5 to 6,,,18.0,3.0,,13.1,unknown,False,3,3
Ambrosia,0.23010049,Belchertown,,MA,,,,,75,,juice tastes like fruit cocktail; first pick needs to happen soon...,,,,,,15,,,,3.4,,,,,,,,,,,,9/23/2024,nil,,,,,,,,,13.5,4 to 6.5,,,15.0,3.4,75.0,13.5,unknown,True,3,3
Crimson Crisp,0.33008073,Belchertown,,MA,,,,,99,,"need to be harvested ASAP, light crop = earlier maturity",,,,,,19.5,,,,3.5,,,,,,,,,,,,9/23/2024,none,,,,,,,,,14.4,6-7+,,,19.5,3.5,99.0,14.4,unknown,False,3,3
Baker’s Delight,0.41,Belchertown,,MA,,,,,65,,interesting apple,,,,,,12.5,,,,3.1,,,,,,,,,,,,9/23/2024,nil,,,,,,,,,11.9,7,,,12.5,3.1,65.0,11.9,unknown,False,3,3
Golden Delicious (Gibson),1.11,Belchertown,,MA,,,,,yellow,,DA=1.11(0.95 to 1.21); will be better in one week,,,,,,15,,,,3.4,,,,,,,,,,,,9/23/2024,none,,,,,,,,,13.3,4-5-6,,,15.0,3.4,,13.3,unknown,False,3,3
Crimson Gold,0.39,Belchertown,,MA,,,,,55,,"DA=0.39 (0.08 to 0.60), could stand another week on the trees",,,,,,18,,,,3.4,,,,,,,,,,,,9/23/2024,none,,,,,,,,,14.1,4’ish,,,18.0,3.4,55.0,14.1,unknown,False,3,3
Haralson,0.79,Belchertown,,MA,,,,,80,,DA=0.79 (0.61 to 1.00); some watercore,,,,,,14,,,,3.2,,,,,,,,,,,,9/23/2024,none,,,,,,,,,13.5,5-8,,,14.0,3.2,80.0,13.5,unknown,False,3,3
Pioneer McIntosh,0.0,Belchertown,,MA,,,,,85,,"nice, should harvest ASAP",,,,,,12,,,,3.2,,,,,,,,,,,,9/24/2024,few,,,,,,,,,12.2,6,,,12.0,3.2,85.0,12.2,unknown,False,3,3
DS-3 Pazazz,0.88058124,Belchertown,,MA,,,,,80,,"nice look, seem kind of “soft?”",,,,,,11,,,,3.5,,,,,,,,,,,,9/24/2024,nil,,,,,,,,,12.3,4.5-7-8,,,11.0,3.5,80.0,12.3,unknown,False,3,3
Modi,0.90084111,Belchertown,,MA,,,,,80,,,,,,,,20,,,,2.9,,,,,,,,,,,,9/24/2024,none,,,,,,,,,12.4,3-4,,,20.0,2.9,80.0,12.4,unknown,False,3,3
Jonagold,0.57,Belchertown,,MA,,,,,85,,"hint of watercore, need harvest ASAP",,,,,,12,,,,3.6,,,,,,,,,,,,9/30/2024,nil,,,,,,,,,12.1,7-8,,,12.0,3.6,85.0,12.1,unknown,False,3,3
Honeycrisp,0.36,Belchertown,,MA,,,,,"50-90, variable",,"some bitter pit, kind of ugly look overall, why do people love these apples so much? marketing? hint of watercore and some internal browning; had ReTain",,,,,,10,,,,3.6,,,,,,,,,,,,9/30/2024,few,,,,,,,,,11.9,7+,,,10.0,3.6,,11.9,unknown,True,3,3
Macoun,0.0,Belchertown,,MA,,,,,90,,harvested already; taste good,,,,,,15,,,,3.2,,,,,,,,,,,,9/30/2024,nil- push off?,,,,,,,,,11.7,4-6+,,,15.0,3.2,90.0,11.7,unknown,False,3,3
Caville Blanc,1.27,Belchertown,,MA,,,,,yellow with some orange blush,,need another week at least although might be good for tarts right now? rather tart but add some sugar and bake and what could go wrong?,,,,,,18,,,,"3.6 irregular, ribbed",,,,,,,,,,,,9/30/2024,few,,,,,,,,,11.5,2-3,,,18.0,,,11.5,unknown,False,3,3
Empire,0.0,Belchertown,,MA,,,,,95,,"nice, very large for Empire, need harvest ASAP",,,,,,14,,,,3.3,,,,,,,,,,,,9/30/2024,none,,,,,,,,,12.1,4-6+,,,14.0,3.3,95.0,12.1,unknown,False,3,3
Golden Delicious,0.62,Belchertown,,MA,,,,,yellow,,very nice look,,,,,,13.5,,,,3.6,,,,,,,,,,,,9/30/2024,none,,,,,,,,,14,6 (5-7?),,,13.5,3.6,,14.0,unknown,False,3,3
Ambrosia,0.45,Belchertown,,MA,,,,,65,,scab! needs harvest ASAP,,,,,,13,,,,3.5,,,,,,,,,,,,9/30/2024,nil,,,,,,,,,12.7,6-7,,,13.0,3.5,65.0,12.7,unknown,True,3,3
Ludacrisp,0.82,Belchertown,,MA,,,,,50 not popping out yet,,"getting there but variety flavor and appearance not there yet, check back in a week",,,,,,15,,,,3.3 distinctly conical,,,,,,,,,,,,9/30/2024,none,,,,,,,,,14.4,4-6,,,15.0,,,14.4,unknown,False,3,3
Crimson Topaz,0.18,Belchertown,,MA,,,,,80,,"Marssonina, fire blight; acidic; this is a cider apple",,,,,,18,,,,3.5,,,,,,,,,,,,9/30/2024,none,,,,,,,,,15.8,4-5-6?,,,18.0,3.5,80.0,15.8,unknown,False,3,3
Rosalee,0.77,Belchertown,,MA,,,,,"55 dull, slight stripe",,"seem kind of green, need another week; might be sensitive to over-cropping? also foliage disorder?",,,,,,13.5,,,,3.2,,,,,,,,,,,,9/30/2024,none,,,,,,,,,11.7,7+,,,13.5,3.2,,11.7,unknown,False,3,3
MAIA AM,0.1,Belchertown,,MA,,,,,yellow,,"troical fruit bomb flavor, some watercore",,,,,,14,,,,3.6 globose,,,,,,,,,,,,9/30/2024,few,,,,,,,,,14.8,7.5-8,,,14.0,,,14.8,unknown,False,3,3
Delicious,0.0,Belchertown,,MA,,,,,99,,watercore; being PYO’d,,,,,,13,,,,3.2,,,,,,,,,,,,9/30/2024,nil,,,,,,,,,12.1,3.5 to 5.5,,,13.0,3.2,99.0,12.1,unknown,False,3,3
Cortland,0.0,Belchertown,,MA,,,,,80,,"only thing going for it is white flesh :-) Jabba the Hut apple (big, bloated, ugly)",,,,,,13,,,,3.8 huge,,,,,,,,,,,,9/30/2024,some,,,,,,,,,13.4,4 to 5.5?,,,13.0,,80.0,13.4,unknown,False,3,3
Cripps Pink ‘Barnsby’,0.61,Belchertown,,MA,,,,,75,,"nice look, will be ready for harvest in one week",,,,,,16,,,,3.2,,,,,,,,,,,,9/30/2024,none,,,,,,,,,12.8,3-4,,,16.0,3.2,75.0,12.8,unknown,False,3,3
Spencer,0.7,Belchertown,,MA,,,,,75,,"flavor is OK but flesh is ‘soft’; an older apple with inferior quality, we have much better in this day and age",,,,,,10,,,,3.5,,,,,,,,,,,,9/30/2024,nil,,,,,,,,,12,7-8,,,10.0,3.5,75.0,12.0,unknown,False,3,3
Cripps Pink ‘Maslin’,0.44,Belchertown,,MA,,,,,70,,"some scab on apples, Barnsby has a nicer look but those are on younger trees",,,,,,16,,,,3.2,,,,,,,,,,,,9/30/2024,none,,,,,,,,,12.7,4-6?,,,16.0,3.2,70.0,12.7,unknown,False,3,3
Hudson Golden Gem,0.53,Belchertown,,MA,,,,,,,"dropping, some very loose, variable maturity, should be spot picked at the very least",,,,,,21,,,,3.4,,,,,,,,,,,,10/1/2024,significant,,,,,,,,,15.8,4’ish,,,21.0,3.4,,15.8,unknown,False,3,3
MAIA 1 (Evercrisp),0.86,Belchertown,,MA,,,,,50+ but rather dull still,,"not ready for harvest yet, but getting close; seeing some core watercore starting to develop",,,,,,17,,,,3.4,,,,,,,,,,,,10/10/2024,none,,,,,,,,,12.9,3-4-5,,,17.0,3.4,,12.9,unknown,False,3,3
MAIA11 (Rosalee),0.54,Belchertown,,MA,,,,,80,,"nice looking apple; flavor is addictive ‘complex;’ susceptible to marssonina, early defoliation",,,,,,11,,,,3.3,,,,,,,,,,,,10/10/2024,nil,,,,,,,,,12,8,,,11.0,3.3,80.0,12.0,unknown,False,3,3
MAIA-L (Ludacrisp),0.48,Belchertown,,MA,,,,,85,,"top-worked trees, attractive, nice crop load",,,,,,13,,,,3.2,,,,,,,,,,,,10/10/2024,none,,,,,,,,,14.4,5-6-7,,,13.0,3.2,85.0,14.4,unknown,False,3,3
Suncrisp,1.0,Belchertown,,MA,,,,,hint of blush,,"maturity very sensitive to crop load; could use another week, over-cropped trees never going to ripen properly, lightly cropped trees very yellow and over-ripe",,,,,,15,,,,3.3,,,,,,,,,,,,10/10/2024,nil,,,,,,,,,13.2,3-4-5,,,15.0,3.3,,13.2,unknown,False,3,3
Cripps Pink (Barnsby),0.56,Belchertown,,MA,,,,,"85, nice",,ready to harvest ASAP,,,,,,15,,,,3.2,,,,,,,,,,,,10/10/2024,none,,,,,,,,,13.9,4-5-6,,,15.0,3.2,,13.9,unknown,False,3,3
Mutsu/Crispin,0.79,Belchertown,,MA,,,,,,,what’s there to say?,,,,,,15,,,,3.6,,,,,,,,,,,,10/10/2024,"nil, some seem loose",,,,,,,,,12.4,4-6+,,,15.0,3.6,,12.4,unknown,False,3,3
Fuji (Supreme),1.56,Belchertown,,MA,,,,,"65+, still dull though",,no watercore (yet); seem kind of green but taste just OK,,,,,,11,,,,3.1,,,,,,,,,,,,10/10/2024,none,,,,,,,,,11.7,4’ish,,,11.0,3.1,,11.7,unknown,False,3,3
Golden Russet,0.51,Belchertown,,MA,,,,,,,hard little rocks but look at that brix! ready to harvest for cider; water core,,,,,,27,,,,3.0,,,,,,,,,,,,10/10/2024,nil,,,,,,,,,17.7,4’ish,,,27.0,3.0,,17.7,unknown,False,3,3
MAIA-T ‘Scruffy’,0.73,Belchertown,,MA,,,,,ugh,,"juicy, sweet, ugly",,,,,,13,,,,3.2,,,,,,,,,,,,10/11/2024,none,,,,,,,,,14.3,8,,,13.0,3.2,,14.3,unknown,False,3,3
MAIA-L (Ludacrisp),0.47,Belchertown,,MA,,,,,75+,,should be harvested all,,,,,,12,,,,3.4 variable,,,,,,,,,,,,10/18/2024,none,,,,,,,,,14.7,7,,,12.0,,,14.7,unknown,False,3,3
Crunch-A-Bunch (MLY 4-10),0.26,Belchertown,,MA,,,,,10-25 nice blush,,"attractive, taste OK",,,,,,17,,,,3.1,,,,,,,,,,,,10/18/2024,none,,,,,,,,,12.9,5-6-7?,,,17.0,3.1,,12.9,unknown,False,3,3
MAIA1 Evercrisp,0.7,Belchertown,,MA,,,,,75-90,,"some water core, but not too much",,,,,,17,,,,3.4,,,,,,,,,,,,10/25/2024,nil,,,,,,,,,13.9,6-7,,,17.0,3.4,,13.9,unknown,False,3,3
Goldrush,0.69,Belchertown,,MA,,,,,orange-red blush,,"heavy crop, picked lighter trees, looks rather green still",,,,,,19,,,,3.2,,,,,,,,,,,,10/25/2024,none,,,,,,,,,13.8,centered on 5,,,19.0,3.2,,13.8,unknown,False,3,3
Blondee,0.0,Belchertown,,MA,,,,,yellow,,HD=9/17/2024Not good anymore; kind of greasy,,,,,,8,,,,3.2,,,,,,,,,,,,1/29/2025,,,,,,,,,,12.6,,,,8.0,3.2,,12.6,unknown,False,3,3
Bakers Delight,,Belchertown,,MA,,,,,75,,"HD=10/3/2024; kind of soft, not good",,,,,,10,,,,3.2,,,,,,,,,,,,1/29/2025,,,,,,,,,,12.4,,,,10.0,3.2,75.0,12.4,unknown,False,3,3
Crimson Crisp,,Belchertown,,MA,,,,,95,,"HD=9/19/2024; would be better with 1-MCP, poor storage conditions here",,,,,,17,,,,3.7,,,,,,,,,,,,1/29/2025,,,,,,,,,,14.3,,,,17.0,3.7,95.0,14.3,unknown,False,3,3
Royal Red Honeycrisp,,Belchertown,,MA,,,,,85,,HD=9/9/2024Not bad...,,,,,,12,,,,3.4,,,,,,,,,,,,1/29/2025,,,,,,,,,,11.2,,,,12.0,3.4,85.0,11.2,unknown,False,3,3
Mona Lisa,,Belchertown,,MA,,,,,80,,"HD=9/9/2024sweet flavor, going south, might be better with CA or 1-MCP and good storage; but does not look like a storage apple",,,,,,11,,,,3.0,,,,,,,,,,,,1/29/2025,,,,,,,,,,13.2,,,,11.0,3.0,80.0,13.2,unknown,False,3,3
DS-3 Pazazz,,Belchertown,,MA,,,,,85 striped,,"HD=9/24/2024; getting soft, still eat OK",,,,,,10,,,,3.5,,,,,,,,,,,,1/29/2025,,,,,,,,,,11.7,,,,10.0,3.5,,11.7,unknown,False,3,3
DS-3 Pazazz,,Belchertown,,MA,,,,,80 striped,,HD=10/3/2024Eat just OK,,,,,,10,,,,3.2,,,,,,,,,,,,1/29/2025,,,,,,,,,,11.2,,,,10.0,3.2,,11.2,unknown,False,3,3
MAIA 1 Evercrisp,,Belchertown,,MA,,,,,mostly red,,HD= ; right out of cooler; eat good,,,,,,16,,,,3.6,,,,,,,,,,,,1/29/2025,,,,,,,,,,15,,,,16.0,3.6,,15.0,unknown,False,3,3
MAIA L Ludacrisp,,Belchertown,,MA,,,,,75,,HD=?; right out of cooler; barely OK eat,,,,,,12,,,,3.4,,,,,,,,,,,,1/29/2025,,,,,,,,,,?,,,,12.0,3.4,75.0,,unknown,False,3,3
