variety,brix_numeric,firmness_numeric,starch_numeric,size_numeric,season_numeric,routing,variety_base_price,storage_days,price_per_lb,economic_loss
Fuji,16.914480939579573,3.9298270138142573,14.693805880331212,3.2272713687539336,4,fresh_standard,2.0,2.9597168916602334,1.75,0.0
Fuji,15.478458402139799,3.924447379876294,14.299581948664882,3.4614895032267086,4,fresh_standard,2.0,3.6152316850808273,1.75,0.0
Fuji,17.22367469683633,3.884634137700878,12.76344399485478,3.79485767163212,4,fresh_premium,2.0,3.029080927326903,2.8,0.0
Honeycrisp,14.254330537146425,3.4570123123334406,13.181666521138022,3.551372814257084,3,fresh_premium,3.24,26.116627630420787,2.8,0.0
Cortland,11.368851771582705,2.8246502905594415,10.413674221233217,3.6215493623452133,3,juice,1.5,15.481022418713742,0.06,1.44
Gala,12.45233793975714,2.835625852133833,11.358729364024422,4.0150706699939995,3,fresh_standard,1.75,18.211160373501084,1.75,0.0
Gala,12.397598850081268,2.8703698072509867,12.829097327697118,3.677945327084457,3,fresh_standard,1.75,2.963368317562342,1.75,0.0
Golden Delicious,15.0998927179911,2.8037815783004523,10.717485021085777,3.025470924983261,4,fresh_standard,1.5,37.50315003428418,1.75,0.0
Honeycrisp,14.342773072883375,3.7543080642185136,12.312874085342171,4.259673257120586,3,fresh_premium,3.24,2.310922063450966,2.8,0.0
Gala,13.143877710441854,3.0524305085408594,11.594581580614667,3.019976861361412,3,fresh_standard,1.75,10.760059781094082,1.75,0.0
Pink Lady,14.976294505250022,3.5108433481754537,14.060774119393674,4.052100551975938,5,fresh_standard,3.0,9.02576047539322,1.75,0.0
Cosmic Crisp,13.769361442009476,3.994643241367263,11.888118679373227,3.693605654757807,4,fresh_premium,2.93,0.22371947734473863,2.8,0.0
Gala,13.664255359442217,2.891240010832903,12.03740198876119,3.890681745094194,3,fresh_standard,1.75,12.027720908780012,1.75,0.0
Gala,12.922312243244134,2.9284881318108953,12.665660753576542,2.9487880931083437,3,fresh_standard,1.75,26.470424058655617,1.75,0.0
Empire,13.648434175941597,3.335671730962687,11.008140159496849,3.0893049616323216,3,fresh_standard,1.75,0.6358749115528052,1.75,0.0
Golden Delicious,12.845772970001834,3.2097236722241296,11.069598932562386,3.080302867899414,4,fresh_standard,1.5,6.739574653890302,1.75,0.0
Golden Delicious,13.402567253423673,3.1450752747731214,11.632113514228648,3.0223179180881026,4,fresh_standard,1.5,5.167095542509633,1.75,0.0
Fuji,15.615804267711743,3.9431986718726937,13.805420201836341,3.8016468844944886,4,fresh_premium,2.0,3.6020447607473787,2.8,0.0
McIntosh,11.924508361274386,2.569974742391018,10.371077241125246,4.9987443869771955,3,juice,1.5,0.2680291287112042,0.06,1.44
Jazz,14.348732714311932,3.4823288600355715,,3.2371718427149525,4,fresh_standard,3.0,13.017301014514391,1.75,0.0
Golden Delicious,13.823208655290584,3.1457900090738193,10.47294982447739,3.2185214874737547,4,fresh_standard,1.5,6.174328266877547,1.75,0.0
Fuji,15.549497875783134,3.865360998184102,14.907965436852537,4.661092424036138,4,fresh_standard,2.0,3.742422589800525,1.75,0.0
Red Delicious,11.824531297761776,2.9706333183818283,9.554516832698372,2.9632569370078716,4,juice,1.25,0.45801442972302786,0.06,1.19
Cameo,12.95898809052606,3.516849879172327,11.941632838731795,3.8832062839281805,4,fresh_standard,2.15,2.8069994385664,1.75,0.0
Red Delicious,11.516467630232166,2.7521887199880086,9.001579022186437,3.269985659781119,4,juice,1.25,7.710952165494716,0.06,1.19
Granny Smith,11.625329566979424,3.7147587355866056,16.48132716213325,2.880826854743339,4,fresh_standard,1.75,0.06203021661939663,1.75,0.0
Granny Smith,10.3542151515827,3.8108812621588353,15.38991654299726,3.379788453323502,4,fresh_standard,1.75,3.389910853962133,1.75,0.0
Cortland,11.397761714446336,2.7227865599259737,11.802971702201498,2.1363737182671687,3,juice,1.5,5.330618237643874,0.06,1.44
Pink Lady,14.34958657238271,3.6313955377208784,14.096424077721112,3.2147496981884114,5,fresh_standard,3.0,1.0993725004065542,1.75,0.0
Gala,12.695649826093112,3.0363323579700285,11.76871007704827,3.3012149700900064,3,fresh_standard,1.75,2.764078463965971,1.75,0.0
McIntosh,11.508671814434006,2.655159363731968,,2.6136128591417274,3,juice,1.5,2.0267678769223476,0.06,1.44
Gala,13.835304928824613,3.0023408174853152,12.042898048333761,4.0089045276,3,fresh_standard,1.75,18.33257182239636,1.75,0.0
Golden Delicious,14.157604032168123,2.927875029310277,10.94906712524488,3.899221361019698,4,fresh_standard,1.5,17.834433939625093,1.75,0.0
Gala,12.830006671283488,2.8734921116223813,11.024313542954774,3.322946051457256,3,fresh_standard,1.75,7.500931924870726,1.75,0.0
Honeycrisp,15.134915786336322,3.7323355144247126,12.81790588882854,4.161359280169044,3,fresh_premium,3.24,1.2855621349335253,2.8,0.0
Jazz,15.403590028337126,3.665595728454038,12.58564407340193,3.57473977289535,4,fresh_premium,3.0,5.274715511697289,2.8,0.0
Honeycrisp,15.177289333174537,3.6845680584788543,12.946943541561131,3.7371224891596193,3,fresh_premium,3.24,2.909366218823972,2.8,0.0
Empire,12.114683742709815,3.289815477800279,10.317040468054818,3.6784772318706898,3,fresh_standard,1.75,11.074853073391695,1.75,0.0
Gala,13.043744928054508,2.8902952290565747,11.693048335905436,2.832819784535502,3,fresh_standard,1.75,8.500518592211519,1.75,0.0
Gala,11.809063981798472,2.975369195478441,12.178907978969395,3.6143813547590145,3,fresh_standard,1.75,1.5890420412443287,1.75,0.0
Cameo,14.534181224842213,3.3402688461294834,11.079115013125227,3.4149454675834767,4,fresh_standard,2.15,15.074043853476805,1.75,0.0
Red Delicious,12.000620210126426,3.031167064146901,10.229806029133872,4.224267651483529,4,fresh_standard,1.25,0.09243487327556363,1.75,0.0
Fuji,15.276443380368692,3.868062096984774,12.316450282383107,4.153261792530003,4,fresh_premium,2.0,6.134464923290347,2.8,0.0
Pink Lady,13.300908964548045,3.523504256154494,14.74650358325868,4.8747883715934694,5,fresh_standard,3.0,13.117455241928113,1.75,0.0
Honeycrisp,14.387192741639602,3.567549940880964,13.156560281992348,4.579055436750034,3,fresh_premium,3.24,5.050801312991798,2.8,0.0
Gala,12.646306436524815,2.882264724494784,11.96607939511778,4.5551722905170795,3,fresh_standard,1.75,8.985494937326825,1.75,0.0
Honeycrisp,14.764390822047421,3.673059465568615,13.274859802996414,4.116024968678818,3,fresh_premium,3.24,10.240840510758066,2.8,0.0
Braeburn,13.881486059100993,3.5521309928042997,13.019938469469038,3.996341664594454,4,fresh_premium,1.85,2.6551303740195493,2.8,0.0
Honeycrisp,15.324324275790705,3.573444020350432,12.074696377498428,3.6614191442439443,3,fresh_premium,3.24,2.9873545435139577,2.8,0.0
Gala,13.8143784522001,2.860204552183763,12.677994655436022,2.848909684065321,3,fresh_standard,1.75,5.2965430609138275,1.75,0.0
Gala,12.785709471592389,3.1568479708337933,12.409742020086764,3.789119637031095,3,fresh_standard,1.75,3.750978791544164,1.75,0.0
Cameo,13.847480675817872,3.62626022801127,12.132645760333064,3.392449384785853,4,fresh_standard,2.15,5.66985268967653,1.75,0.0
McIntosh,12.2997797269424,2.5,10.632067004604137,3.3218144617610386,3,juice,1.5,20.67952405115221,0.06,1.44
Gala,12.303645249701137,2.9890149814817373,12.465398101180561,4.956029891807313,3,fresh_standard,1.75,6.065371787904519,1.75,0.0
Empire,13.824458157353614,3.3528132834266793,11.278772842908197,3.4362835459761483,3,fresh_standard,1.75,9.091081386049115,1.75,0.0
Pink Lady,14.945254946070627,3.7371317842074463,15.33518677112717,4.159890967071268,5,fresh_standard,3.0,4.384992348104207,1.75,0.0
Jazz,14.66874296290479,3.7979831776980046,,4.19733576491149,4,fresh_premium,3.0,8.86172282531739,2.8,0.0
Ambrosia,14.040622499434642,3.654818410632347,11.091297491004767,3.0590754772511803,4,fresh_standard,2.5,3.402469648986117,1.75,0.0
Fuji,15.149228947040191,3.7197784522005013,13.244476966564056,3.8001442816619417,4,fresh_premium,2.0,18.71609563899172,2.8,0.0
Ambrosia,15.832417121037505,3.3615229134178684,12.547759311460313,3.894434880586153,4,fresh_standard,2.5,11.656314385193248,1.75,0.0
Braeburn,13.218739172371,3.5263362052395264,14.030384452276428,3.5301366194994084,4,fresh_standard,1.85,14.443285838790793,1.75,0.0
Braeburn,13.968482537657744,3.4498146538596703,13.537723089958014,4.120328632954525,4,fresh_premium,1.85,6.965513000185243,2.8,0.0
Braeburn,12.617680133624276,3.7154765706268877,13.40235046457776,3.589673653797986,4,fresh_standard,1.85,8.103459938958355,1.75,0.0
Cameo,13.336580944353347,3.400314055044369,11.420552355803723,2.8692679821304985,4,fresh_standard,2.15,28.70159424084981,1.75,0.0
Golden Delicious,13.317638351991908,3.147264447486512,10.140137391442378,2.98629809560295,4,fresh_standard,1.5,5.578156560250175,1.75,0.0
Empire,12.50402631450894,3.351494683559593,,5.0,3,fresh_standard,1.75,4.949136369817238,1.75,0.0
Jazz,15.614329601421698,3.7639075951410663,13.01672109383256,3.9031702703601407,4,fresh_premium,3.0,6.685934921037368,2.8,0.0
Empire,14.209678745846231,3.236472238094802,10.885471855412916,2.038812600930267,3,fresh_standard,1.75,10.898538382002938,1.75,0.0
Cortland,12.325422223046322,2.577576398738369,11.889969571111687,1.595649682151432,3,juice,1.5,16.24782666674772,0.06,1.44
Ambrosia,15.579646736876963,3.534746285344858,,3.9343715164538478,4,fresh_premium,2.5,6.647340822689206,2.8,0.0
Red Delicious,11.724358795816945,2.8900378316475637,9.187314905214949,3.937448114619076,4,juice,1.25,3.8034635323811745,0.06,1.19
Fuji,16.213004487551043,3.980152746131935,14.986706701472063,3.453667372866173,4,fresh_standard,2.0,0.22822985930000828,1.75,0.0
Red Delicious,11.481649191208959,3.100728669934418,9.175149125972476,2.8743801372442337,4,juice,1.25,0.023502335038611544,0.06,1.19
Cortland,11.841755673591432,2.637484119821505,11.130144566073387,2.7477869328669953,3,juice,1.5,6.3631778423913055,0.06,1.44
Gala,12.862590966188023,3.1401029891741237,11.506203078359217,3.549197333848136,3,fresh_standard,1.75,1.0644789199031333,1.75,0.0
Red Delicious,12.353054624225658,2.9724043263181814,10.829232909030383,4.273120294210243,4,juice,1.25,11.412581107222962,0.06,1.19
Honeycrisp,15.003016773092003,3.6895828776273554,13.95170415892507,3.296268112811722,3,fresh_standard,3.24,4.241393157948052,1.75,0.0
Gala,13.874093490768404,3.0695821821352225,11.469946809991905,2.706525225953858,3,fresh_standard,1.75,8.35127170803246,1.75,0.0
Fuji,16.36021734630807,3.8611614064876307,12.530690852471952,4.00444068927773,4,fresh_premium,2.0,7.996899071899204,2.8,0.0
Golden Delicious,15.01200362207824,2.851740766090643,10.891773239719615,2.922409392848614,4,fresh_standard,1.5,27.51422970318241,1.75,0.0
Honeycrisp,14.164683752495337,3.779456467249723,13.245780951638,3.588889802216784,3,fresh_premium,3.24,0.7889530497623504,2.8,0.0
Ambrosia,14.652226919988442,3.504629017156457,11.015328065298451,4.459577086805001,4,fresh_premium,2.5,3.6001372482894665,2.8,0.0
Granny Smith,11.916013076333616,3.298383835240055,15.524816752978603,3.4176134205266724,4,fresh_standard,1.75,46.34101755230337,1.75,0.0
Cosmic Crisp,15.741635024610085,3.7992668651264374,11.39484053449368,3.3103403859927365,4,fresh_standard,2.93,5.554417901100342,1.75,0.0
Honeycrisp,14.551210954179064,3.4689986508325057,13.036659304727474,4.058663691654391,3,fresh_premium,3.24,19.11770111308484,2.8,0.0
Cameo,14.938370714851855,3.4371659415617346,12.5326081422378,3.1030751344908247,4,fresh_standard,2.15,2.0165745245608653,1.75,0.0
Honeycrisp,15.576437564205072,3.554067763042981,12.187963879681739,3.392905693606134,3,fresh_standard,3.24,15.308717377197016,1.75,0.0
Pink Lady,13.69229282184834,3.463431742000455,15.524570269553232,4.220237368980199,5,fresh_standard,3.0,7.320123220255348,1.75,0.0
Cortland,11.16493099670712,2.6713061771423634,11.175406456682953,2.2607497541271475,3,juice,1.5,5.558335484902193,0.06,1.44
Pink Lady,14.563128763306155,3.685399545872883,15.998827451541333,4.459158303001156,5,fresh_standard,3.0,1.374181241365831,1.75,0.0
Gala,12.615097158834246,3.0160384582128996,12.754940093308964,3.1087466668441635,3,fresh_standard,1.75,8.287569932812717,1.75,0.0
Ambrosia,16.06058157978353,3.4524880876438337,11.229865994119134,4.254362511614967,4,fresh_premium,2.5,10.1308338299682,2.8,0.0
Fuji,15.356088907559204,3.8935541750595903,,2.7244247917086426,4,fresh_standard,2.0,7.36842092695799,1.75,0.0
Golden Delicious,14.278271056775576,2.902883683362275,10.845373239314851,4.210553987117704,4,fresh_standard,1.5,14.955070210020512,1.75,0.0
Cameo,14.10826332817947,3.4389571680743924,12.685109002930362,2.9163412899439995,4,fresh_standard,2.15,3.033662508402645,1.75,0.0
Gala,13.253451038447393,3.1297365546722244,12.092860632155695,3.8293303011904185,3,fresh_standard,1.75,2.6398921839175493,1.75,0.0
Jazz,13.941835849209706,3.7925364806386406,12.086347471594024,4.389180538083319,4,fresh_premium,3.0,0.5874702682483747,2.8,0.0
Fuji,15.988832944934439,3.7413461097238554,13.435473210321568,2.746918776815963,4,fresh_standard,2.0,16.027393001009113,1.75,0.0
Granny Smith,11.717186835382458,3.7540174109031836,16.155226161274268,2.842688366692663,4,fresh_standard,1.75,1.8688697637845186,1.75,0.0
Jazz,14.13691956622972,3.8123836205701016,12.48138542366501,3.781270849838295,4,fresh_premium,3.0,5.615170164185904,2.8,0.0
Cameo,14.100337615179061,3.3277122617928976,12.734304302002244,3.1330197579832646,4,fresh_standard,2.15,13.405393143708233,1.75,0.0
Cameo,13.378375328488609,3.320667204676275,11.252928490807143,4.2968341333921805,4,fresh_standard,2.15,9.503694885311887,1.75,0.0
Empire,12.05272851102317,3.3077412255270393,10.98556269172991,3.5567726268016147,3,fresh_standard,1.75,5.183866773879795,1.75,0.0
Pink Lady,13.731361621761556,3.538124901262659,14.75957156035846,3.663254687878066,5,fresh_standard,3.0,2.2431134374225796,1.75,0.0
Ambrosia,14.53567817337817,3.6756017911680847,11.208449605616696,3.950705933857869,4,fresh_premium,2.5,1.7438307385113085,2.8,0.0
Fuji,17.588014633282622,3.9350261603841896,13.974306654169476,3.123611932429218,4,fresh_standard,2.0,3.1356287101083273,1.75,0.0
Gala,13.334456418171728,2.9180602153698447,12.940514219452114,4.246807748442072,3,fresh_standard,1.75,4.469542425253329,1.75,0.0
Cameo,13.994731070265,3.5488170764016003,12.623935484781603,2.9861908890312776,4,fresh_standard,2.15,8.13529418461669,1.75,0.0
McIntosh,11.877150701460346,2.5,9.389587605287854,1.874418030316809,3,juice,1.5,37.305416983991,0.06,1.44
Gala,12.319237791672396,3.0260219876909096,11.816303381733396,3.8592766337371462,3,fresh_standard,1.75,2.605414369764079,1.75,0.0
Jazz,15.644331487345726,3.6739522674867624,13.8561672806521,3.9329914166635414,4,fresh_premium,3.0,0.24489191270530317,2.8,0.0
Honeycrisp,13.997578434181388,3.507212439638457,13.734144637160208,4.652739403577165,3,fresh_premium,3.24,12.176653477978764,2.8,0.0
Fuji,15.284536370344076,3.8939405112607637,12.175695915853602,2.8692140530163934,4,fresh_standard,2.0,6.94306487157894,1.75,0.0
Granny Smith,10.424625657163881,3.448900383040296,15.238420885681148,2.581723154153974,4,fresh_standard,1.75,37.92311305678069,1.75,0.0
Empire,12.860786356250138,3.330217382998802,10.107153119214816,3.2864155493685003,3,fresh_standard,1.75,0.2500739225655671,1.75,0.0
Honeycrisp,15.581883716110173,3.4995822495977555,13.429191845400124,4.200855861049471,3,fresh_premium,3.24,11.724574340125422,2.8,0.0
Gala,12.37028252115041,2.8080445442334443,12.473070456669586,4.03823971813228,3,fresh_standard,1.75,19.1424865486714,1.75,0.0
Gala,12.8491016780178,2.9116463292785895,12.713074447495854,3.204126306560137,3,fresh_standard,1.75,2.863612599209348,1.75,0.0
Gala,12.215872671522009,3.168287025364216,12.446895635700002,4.519974424745828,3,fresh_standard,1.75,2.363642352748415,1.75,0.0
Gala,12.687596531095364,2.987989215262706,12.10541415143709,3.605126851345107,3,fresh_standard,1.75,8.287271860742521,1.75,0.0
Granny Smith,11.064938699093329,3.700952512348587,15.068862617146628,2.5606111810366423,4,fresh_standard,1.75,2.453737461825311,1.75,0.0
Braeburn,13.365566460632113,3.5645946534509982,13.160126805057931,3.9624501257712725,4,fresh_standard,1.85,7.498860593177868,1.75,0.0
Granny Smith,10.45117208744726,3.667025102328792,16.798497836578406,3.403621328284703,4,fresh_standard,1.75,4.882290358062499,1.75,0.0
Honeycrisp,16.11828034288705,3.704815500029103,13.28483855641263,4.676936187082706,3,fresh_premium,3.24,3.9674923023198265,2.8,0.0
Gala,11.862535284157524,2.874822275550667,12.501879596726637,2.8916624286244774,3,fresh_standard,1.75,6.072851152877793,1.75,0.0
Golden Delicious,13.414679053723123,2.9613619940015146,10.141393216368732,3.1541482541990935,4,fresh_standard,1.5,6.792101743118284,1.75,0.0
Gala,13.549242506836448,2.878503033706684,12.765987649659547,4.2649250247672335,3,fresh_standard,1.75,27.80060267792967,1.75,0.0
Golden Delicious,14.725434708923956,3.143557330232756,10.288624087374963,3.381082594172168,4,fresh_standard,1.5,2.729184732281616,1.75,0.0
Braeburn,12.571797483638685,3.2264251707557663,14.442898314219144,3.7355804693905807,4,fresh_standard,1.85,27.5782178131858,1.75,0.0
Golden Delicious,13.331902362958415,2.876244276711209,10.516600858255185,3.511606442487053,4,fresh_standard,1.5,23.63521270206953,1.75,0.0
Gala,11.85825618517747,2.838137622938654,12.865421016265522,2.794643236625089,3,fresh_standard,1.75,8.539912195648272,1.75,0.0
Gala,11.91224776048222,2.8479519784379224,12.95705093677828,3.086163335561496,3,fresh_standard,1.75,18.635004918520302,1.75,0.0
Cortland,10.90310842898267,2.717210205445186,11.281420449454442,3.2952131502601336,3,juice,1.5,24.030180848313275,0.06,1.44
Red Delicious,11.442155627787663,2.9260724946338876,10.524065442078102,3.2060806859185034,4,juice,1.25,5.010133362853076,0.06,1.19
Ambrosia,15.48252908257323,3.465020028428115,12.024727555091582,4.705466189873135,4,fresh_premium,2.5,4.910013626300815,2.8,0.0
Pink Lady,13.636252611401495,3.5904196896428258,14.682495655252312,4.154910355113514,5,fresh_standard,3.0,4.2705376148545415,1.75,0.0
Cortland,11.870838296233819,2.822374485383218,10.832434062064628,2.2821975950709943,3,juice,1.5,3.9140770685711668,0.06,1.44
Golden Delicious,14.170056610131773,3.1789707027725327,10.896170974566154,2.8723273489624974,4,fresh_standard,1.5,6.793036956154765,1.75,0.0
McIntosh,12.737148757465295,2.6232778152861265,9.641870876638881,2.320223262817843,3,juice,1.5,0.8948667746268846,0.06,1.44
Fuji,14.84640355117171,3.7855277786899455,12.403728801312322,3.5468858377817885,4,fresh_premium,2.0,13.558481556585807,2.8,0.0
Fuji,15.369382995049149,3.7570537195666587,14.339462652030203,2.6684072345606014,4,fresh_standard,2.0,15.90830162721796,1.75,0.0
Gala,12.873929209056827,2.9637256799388694,12.67698366768605,4.034148500501905,3,fresh_standard,1.75,5.423288036950722,1.75,0.0
Granny Smith,12.139615975222004,3.9139694487716428,16.537494262725026,4.187618086485239,4,fresh_standard,1.75,7.621190833944656,1.75,0.0
Cameo,14.022834683884486,3.5978943305685465,12.081531262601086,4.513513360191007,4,fresh_premium,2.15,4.411801175497202,2.8,0.0
Granny Smith,10.623022140570145,3.570710085020688,15.15943014637457,3.7878962212201,4,fresh_standard,1.75,22.59101755380312,1.75,0.0
Gala,12.091640062344165,2.981069666627571,11.868041945417518,3.7779108771605507,3,fresh_standard,1.75,4.390008191711649,1.75,0.0
Pink Lady,14.515871689581985,3.3930941705480815,14.213186060615982,4.089947075576739,5,fresh_standard,3.0,11.790725753198146,1.75,0.0
Cosmic Crisp,14.072005581903088,3.722971030548463,11.888532978226868,3.7411943504819143,4,fresh_premium,2.93,11.831322380365739,2.8,0.0
Cosmic Crisp,15.826990893831175,3.8629714321419795,11.464449772819123,3.714626853125262,4,fresh_premium,2.93,9.699961904748347,2.8,0.0
Honeycrisp,15.50633526829784,3.4134808387243973,13.108708105022801,4.048838049274416,3,fresh_premium,3.24,20.681346984880907,2.8,0.0
Cosmic Crisp,14.738854323294516,3.8114071212341893,11.330073349092512,3.768862355647479,4,fresh_premium,2.93,4.274181339452152,2.8,0.0
Gala,12.62160850878519,3.111989269462417,12.165852113608526,3.0594957207329028,3,fresh_standard,1.75,3.1274304839958234,1.75,0.0
Jazz,14.703115160534615,3.3911476903277227,13.969339479049017,4.512031262905731,4,fresh_standard,3.0,31.376327859603244,1.75,0.0
Fuji,17.599150093166852,3.8390144971065063,12.186110290886344,3.4711468956015366,4,fresh_standard,2.0,10.362533857365595,1.75,0.0
Cortland,11.400966011217788,2.883500706884007,11.285666781631477,3.3785163626142296,3,juice,1.5,4.9122147493741295,0.06,1.44
Golden Delicious,13.983869377181449,3.1354240633970014,11.592781445239417,2.633837442698141,4,fresh_standard,1.5,6.771321564776775,1.75,0.0
Pink Lady,14.461220653081533,3.7198554736301808,14.64917165980054,4.061148751516142,5,fresh_standard,3.0,7.613356325747317,1.75,0.0
Cortland,11.344804616006993,2.511386880334556,10.030529679292059,1.880254796213851,3,juice,1.5,22.771030367614312,0.06,1.44
Gala,12.922010288364383,3.0084231605867275,12.893467457846791,3.1253927661720655,3,fresh_standard,1.75,4.083879505710341,1.75,0.0
Cosmic Crisp,15.787237644179738,3.7835294323942064,11.037835410565675,4.627878062786761,4,fresh_premium,2.93,15.966501337527326,2.8,0.0
Fuji,18.256768452943657,3.953388708898388,13.74939065729875,3.4451602654945312,4,fresh_standard,2.0,1.4864537055384224,1.75,0.0
Granny Smith,10.0,3.850458610236897,,2.971547546238362,4,fresh_standard,1.75,4.8534602614303335,1.75,0.0
Granny Smith,10.638298763065114,3.7608251428004955,15.17341313519128,2.8458749559203422,4,fresh_standard,1.75,2.220109678489743,1.75,0.0
Red Delicious,12.333011369615338,2.593335039582632,10.971048266510437,3.6972195088703472,4,juice,1.25,21.62186369450245,0.06,1.19
Pink Lady,14.358060086761032,3.4392697562476,14.011517320996242,3.7852972294373735,5,fresh_standard,3.0,10.523320404102641,1.75,0.0
Ambrosia,15.156673982930878,3.605243118038166,11.86085482064198,3.5544038872923562,4,fresh_premium,2.5,2.457631492242483,2.8,0.0
Pink Lady,13.495319305960603,3.5245377052321336,15.737809968957436,4.379464294893382,5,fresh_standard,3.0,2.6389666294128884,1.75,0.0
Cortland,11.50946951474106,2.732157162382799,11.991208403607011,2.096120114225152,3,juice,1.5,0.6945054687922771,0.06,1.44
Granny Smith,11.085128403894966,3.832633561518254,15.199159427080058,3.8159220102033844,4,fresh_standard,1.75,2.797076890024286,1.75,0.0
Fuji,14.716909550315938,3.907369124686982,13.13351764118156,3.9893006134665576,4,fresh_premium,2.0,5.5768407917843135,2.8,0.0
Granny Smith,11.062154473161971,3.833457620554821,16.533191889424103,4.142219096137958,4,fresh_standard,1.75,8.59175562493918,1.75,0.0
Honeycrisp,14.243178250114353,3.652808790704113,12.587183688528986,4.549388425993595,3,fresh_premium,3.24,0.29205021432094685,2.8,0.0
Jazz,14.446989197443479,3.583767285596867,12.57181357847832,4.112342362875943,4,fresh_premium,3.0,6.128341464824549,2.8,0.0
Jazz,14.187298882699542,3.490873940668098,12.92107899454828,5.0,4,fresh_premium,3.0,13.075136013150379,2.8,0.0
Golden Delicious,14.325008773379064,3.174485589990213,11.734023213821201,2.7866219482790227,4,fresh_standard,1.5,1.3540414572486228,1.75,0.0
Red Delicious,11.02216047033686,2.8682846805300657,10.762210296713132,3.0278460323998657,4,juice,1.25,0.3251746873053621,0.06,1.19
Honeycrisp,14.449720285850571,3.551072481427327,13.620226789358362,4.406754818000319,3,fresh_premium,3.24,9.683989670606795,2.8,0.0
Cameo,15.020942245440466,3.159275782737787,11.596300712553111,3.20482585707831,4,fresh_standard,2.15,31.947730440716246,1.75,0.0
Gala,13.394319824441352,3.0159701891543635,11.495119540559774,4.041366304271988,3,fresh_standard,1.75,9.781621077519032,1.75,0.0
Ambrosia,15.787074177900472,3.362885103816974,12.214179157437508,3.887572009095961,4,fresh_standard,2.5,7.0411736947070205,1.75,0.0
Red Delicious,11.48642164888504,2.6163217628468023,10.054912927443464,2.694808468140726,4,juice,1.25,21.256997646218885,0.06,1.19
Pink Lady,14.929627102601655,3.6748326205699984,15.390934413379725,4.020295845601941,5,fresh_standard,3.0,11.07109150569736,1.75,0.0
Honeycrisp,15.602444509972598,3.5972654554616703,12.877942841411272,4.42882981160101,3,fresh_premium,3.24,2.1355098099509506,2.8,0.0
Gala,12.371120482569317,3.1014122564659647,12.40233972318052,4.366179202081288,3,fresh_standard,1.75,8.596797985106654,1.75,0.0
Ambrosia,15.6822210343647,3.4420805956466776,11.553628615582612,4.0464224505705575,4,fresh_premium,2.5,4.934473296916218,2.8,0.0
McIntosh,12.58111527284899,2.6333143148468934,10.590145762362328,3.1034944053630547,3,juice,1.5,10.703713614170391,0.06,1.44
Jazz,14.802849901940597,3.8252509686035014,13.874776132994239,4.296263474600591,4,fresh_premium,3.0,0.7145090750853228,2.8,0.0
Fuji,17.519669308936248,3.807048641866951,14.203097029476655,4.740743802898131,4,fresh_standard,2.0,11.474049609572319,1.75,0.0
Granny Smith,10.075902262120177,3.6696701569984205,16.20642612419901,3.507697186126211,4,fresh_standard,1.75,4.277904065455159,1.75,0.0
Granny Smith,11.391610219632678,3.697172300492649,15.090302728824584,3.2271231695733844,4,fresh_standard,1.75,7.8479562756010175,1.75,0.0
Fuji,17.54842795127658,3.75571594201174,13.59561529951505,3.1806988621236862,4,fresh_standard,2.0,22.689052644308823,1.75,0.0
Granny Smith,10.526261799330399,3.5502743775617995,15.032056312910246,3.21355357628432,4,fresh_standard,1.75,34.03226264506965,1.75,0.0
Gala,12.228596975792259,3.1054129196129505,12.34574333719616,3.105299267688718,3,fresh_standard,1.75,3.659513629547137,1.75,0.0
Honeycrisp,15.294679120529448,3.592246840379469,12.573082504256568,3.9938766135765427,3,fresh_premium,3.24,1.5908187931483597,2.8,0.0
Honeycrisp,15.887368330889824,3.659631062638159,12.32586885416286,3.765412173947648,3,fresh_premium,3.24,3.8872476125613575,2.8,0.0
Cosmic Crisp,13.816597934583722,3.8865243424929266,10.150275563471617,4.11710736626826,4,fresh_premium,2.93,3.0083969701011704,2.8,0.0
Jazz,15.239758599000194,3.5863270994944267,13.456981354323226,4.092275651598518,4,fresh_premium,3.0,1.7305443076039948,2.8,0.0
Cameo,14.803313496430096,3.441913231155477,12.062679906473218,3.280855413506092,4,fresh_standard,2.15,2.7001653949492783,1.75,0.0
Ambrosia,15.846003797299009,3.4170333791323926,11.392195425476785,3.56691257589275,4,fresh_premium,2.5,1.674073799118866,2.8,0.0
Golden Delicious,14.491764652932957,2.7422818265404554,11.463745474573003,4.1634998397768275,4,juice,1.5,30.01332397244468,0.06,1.44
Braeburn,13.388621573445516,3.78682398712861,14.12428950765517,3.93736471674227,4,fresh_standard,1.85,0.370175202151218,1.75,0.0
Ambrosia,15.173998850718757,3.591452948948964,12.605171359159625,4.1443468146399285,4,fresh_premium,2.5,3.1505010670516898,2.8,0.0
Cortland,11.92960086131392,2.7354138260621927,10.659949790580553,3.3731450299298533,3,juice,1.5,0.9545013603772751,0.06,1.44
Braeburn,12.834192882391543,3.463411797355236,13.110719633876819,3.4096315912220403,4,fresh_standard,1.85,22.51393726698347,1.75,0.0
Ambrosia,15.308341529344501,3.4661946779147934,11.723706186410277,3.89594157136373,4,fresh_premium,2.5,17.52773551376384,2.8,0.0
Cosmic Crisp,13.401651276153274,3.8187798203235235,11.724085301978628,3.991788551963624,4,fresh_standard,2.93,0.8597305690237871,1.75,0.0
Fuji,16.814723570916343,3.8172496378161758,12.345438535185604,3.6937847021706007,4,fresh_premium,2.0,13.91423188593864,2.8,0.0
Gala,13.678786588033073,3.096519897621101,12.485762987335878,3.777923775259474,3,fresh_standard,1.75,3.766961760656641,1.75,0.0
Fuji,16.945663813360483,3.9375922763267446,14.080266384168926,4.863460832268129,4,fresh_standard,2.0,2.8350019881455184,1.75,0.0
Gala,13.187898257990113,2.8613294029371317,12.009591196609056,3.6967277144956143,3,fresh_standard,1.75,9.77483083988966,1.75,0.0
Honeycrisp,15.315349533929636,3.619305220324997,12.090608019544089,3.7115481721687984,3,fresh_premium,3.24,5.9314324608355085,2.8,0.0
Empire,13.145718357510539,3.177934404854183,11.978699028084078,4.365165441171561,3,fresh_standard,1.75,4.584047698479597,1.75,0.0
Cortland,12.655927097335702,2.7163950043029077,10.540766470621312,3.797647485162913,3,juice,1.5,5.202354076709824,0.06,1.44
Cameo,14.296482756184492,3.501090551607296,12.505454275651951,3.4037483708147915,4,fresh_standard,2.15,3.7084213601103935,1.75,0.0
Cameo,14.571583707104171,3.4454265167040536,11.25750887473611,3.8759230180021653,4,fresh_premium,2.15,5.664038163132389,2.8,0.0
Red Delicious,11.307910177494808,2.808211442297268,9.446510802138722,3.0739014333119394,4,juice,1.25,12.243732000193543,0.06,1.19
McIntosh,11.03792731949145,2.5,9.0444056259757,3.4792826654908757,3,juice,1.5,39.64869564194697,0.06,1.44
Ambrosia,15.336720673813549,3.560849961583753,11.474866936749613,3.4548004612785768,4,fresh_standard,2.5,0.31445044725836535,1.75,0.0
Red Delicious,11.11606829401977,2.7210645594621026,9.84914521437191,3.3507301595973162,4,juice,1.25,15.899712503764384,0.06,1.19
Fuji,16.24536221176185,3.933976065000046,14.872894938817764,3.7615852337000275,4,fresh_standard,2.0,3.3993656683288447,1.75,0.0
Red Delicious,11.905101612473555,2.971257560040975,9.73350415285188,2.303417782685007,4,juice,1.25,7.003129422221013,0.06,1.19
Golden Delicious,14.024802508818965,3.06520352053677,10.832321892812315,3.2172105673093294,4,fresh_standard,1.5,20.689213499470284,1.75,0.0
Fuji,18.11934421842453,3.9031723996374508,12.31030234458145,3.455616281843373,4,fresh_standard,2.0,3.0267718261423786,1.75,0.0
Gala,12.48549054747912,2.876475535641628,11.202745795106319,3.5514122968420154,3,fresh_standard,1.75,11.018994603112152,1.75,0.0
Granny Smith,10.305550904389277,3.869534770173616,16.163443054946953,3.321574352454136,4,fresh_standard,1.75,11.640126414462555,1.75,0.0
Braeburn,12.905144369144093,3.4539452486321234,13.435399597714465,3.24280728385008,4,fresh_standard,1.85,16.487109459851663,1.75,0.0
Cosmic Crisp,15.700344868438368,3.7424545635525863,11.834627150924486,3.681130007874342,4,fresh_premium,2.93,11.64385883557969,2.8,0.0
Red Delicious,11.125619667709431,2.994318553591661,9.098321658310097,3.0509192491972144,4,juice,1.25,1.1055245258666984,0.06,1.19
Fuji,14.939193274424333,3.815855664672123,14.804189746464903,3.371925932389737,4,fresh_standard,2.0,13.067802872182527,1.75,0.0
Pink Lady,13.36143674170916,3.1777863138739195,14.777116202540691,3.6490041560966224,5,fresh_standard,3.0,51.39496674707304,1.75,0.0
Braeburn,12.716335671008874,3.481270332170356,14.99369856856288,3.182479394113092,4,fresh_standard,1.85,12.024002760720883,1.75,0.0
Gala,13.654786271167723,2.8183233573163973,11.153958934129932,3.1245936275022723,3,fresh_standard,1.75,9.335563168130257,1.75,0.0
Ambrosia,14.26993406248675,3.47166565651536,12.48718783235312,3.693781312679781,4,fresh_premium,2.5,1.2345542349786531,2.8,0.0
Golden Delicious,13.180674382659308,2.5,10.491637174045149,3.5586879758559844,4,juice,1.5,75.25203436032187,0.06,1.44
Fuji,16.29328378388372,3.9609782811543197,13.329101119012858,3.9172414847301793,4,fresh_premium,2.0,2.407917164719208,2.8,0.0
Cosmic Crisp,13.333783898630271,3.936463532227682,11.745891671752817,4.710252123994928,4,fresh_standard,2.93,4.244691315113612,1.75,0.0
Fuji,16.64307990730023,3.9572367397800745,13.73547752468799,3.4412508521342575,4,fresh_standard,2.0,2.214507061072947,1.75,0.0
Empire,12.340141307534022,3.097849746736264,11.140625015653008,3.7712407029558026,3,fresh_standard,1.75,10.494334049244218,1.75,0.0
Empire,14.024034080174765,3.394720366040736,10.37827739265348,3.141863129160817,3,fresh_standard,1.75,3.279506543623965,1.75,0.0
Cameo,13.626694912736948,3.6552771475840076,11.719649801273134,4.0714771823217015,4,fresh_premium,2.15,1.3593727159832372,2.8,0.0
Honeycrisp,14.701471057596713,3.661185428815154,12.25412102530377,3.5872514016037442,3,fresh_premium,3.24,6.784912926673598,2.8,0.0
Golden Delicious,14.67236580827927,3.195474269465319,11.919491442923938,3.4228043321887665,4,fresh_standard,1.5,4.409248197386067,1.75,0.0
Ambrosia,16.0503720638138,3.558969308581751,12.589156557400381,4.538003569299299,4,fresh_premium,2.5,4.692885042407799,2.8,0.0
Granny Smith,10.502035393803716,3.7220804970723633,15.19898933774593,3.5013727616861026,4,fresh_standard,1.75,15.799492595751158,1.75,0.0
Honeycrisp,14.292399429539946,3.637838920224727,13.539987106197222,4.206465727137812,3,fresh_premium,3.24,10.034862739576596,2.8,0.0
Empire,13.743185491228434,3.326721090029594,10.136020463904842,3.520231432940632,3,fresh_standard,1.75,0.23316825037002553,1.75,0.0
Fuji,16.567473777081407,3.9144293893541477,14.863697786576433,3.7546363627166075,4,fresh_standard,2.0,3.8117641381441287,1.75,0.0
Cosmic Crisp,14.347776277169684,3.8117771191656638,11.389392941708854,4.191204873092025,4,fresh_premium,2.93,4.183560899891112,2.8,0.0
Honeycrisp,14.229419918266558,3.6984584448733875,13.251719831428472,4.245959585753253,3,fresh_premium,3.24,2.7769280326065333,2.8,0.0
Granny Smith,11.890356274399855,3.765071063812227,16.66832821641688,3.354380751304831,4,fresh_standard,1.75,9.244373826138894,1.75,0.0
Granny Smith,11.883544703434719,3.8456895496507437,15.812833073148038,4.091825903543562,4,fresh_standard,1.75,13.336001120802155,1.75,0.0
Granny Smith,10.720544439703042,3.8263312901422504,15.368089544100426,3.6670091807868017,4,fresh_standard,1.75,5.882697799283968,1.75,0.0
Braeburn,12.5216465613243,3.628127312459253,13.443558983867092,3.3015350623861686,4,fresh_standard,1.85,10.045300026367599,1.75,0.0
Gala,13.439815684632265,2.5,11.501786091382204,3.135979823140822,3,juice,1.75,58.91763984102353,0.06,1.69
Granny Smith,11.798294896046352,3.7726161893567185,16.297365906714727,2.57431806905426,4,fresh_standard,1.75,0.505509308122376,1.75,0.0
Jazz,14.431819091907036,3.508680839426632,13.22587916498905,4.2097662219535135,4,fresh_premium,3.0,28.24796036158523,2.8,0.0
Cortland,11.555892392759109,2.759200164083667,10.493494841334762,3.5621279987994448,3,juice,1.5,15.20311441478238,0.06,1.44
Granny Smith,10.853667484348309,3.4833237646124164,16.228372488638023,2.5998668831318383,4,fresh_standard,1.75,32.377096422818276,1.75,0.0
Granny Smith,10.507975888040068,3.8431454383655526,16.520800134574966,3.684188643611743,4,fresh_standard,1.75,3.702952073058832,1.75,0.0
Braeburn,11.709219747937727,3.7184352874934046,13.253745656126187,3.232207690859393,4,fresh_standard,1.85,3.86497514674119,1.75,0.0
Braeburn,13.72565647780944,3.4429021963915094,14.53270256111478,2.7358486708420404,4,fresh_standard,1.85,22.658358590423234,1.75,0.0
Golden Delicious,14.728964340370712,3.150470048830161,10.927872526909782,2.979043423041001,4,fresh_standard,1.5,0.03926071895142886,1.75,0.0
Gala,13.60782587044884,3.0291043025425837,12.954013908877887,3.7458576775756987,3,fresh_standard,1.75,3.262406327821876,1.75,0.0
Cosmic Crisp,14.78344161242364,3.916915917189128,11.900474707641605,3.6884297367876178,4,fresh_premium,2.93,3.580524164282398,2.8,0.0
Fuji,16.573064625981022,3.97269463089341,12.283256692981443,4.0169816746987665,4,fresh_premium,2.0,0.2552202865239272,2.8,0.0
Golden Delicious,14.334463275559772,3.0336775406589407,11.256060929139075,3.626360503578585,4,fresh_standard,1.5,4.34681646737881,1.75,0.0
Pink Lady,14.930844539272982,3.606353918060285,15.14121949327766,4.1405957119846875,5,fresh_standard,3.0,4.957826650652052,1.75,0.0
Gala,11.74618463448911,2.7698601614556417,11.79807063528487,3.922703923894834,3,juice,1.75,36.14766832999243,0.06,1.69
Cosmic Crisp,14.481062666185904,3.614437946337575,11.132809280593793,3.741355774949814,4,fresh_premium,2.93,20.545033221429353,2.8,0.0
Golden Delicious,13.087805080991664,3.2256820102243173,10.813547497144011,4.073161542324323,4,fresh_standard,1.5,4.73768270190911,1.75,0.0
Braeburn,12.768192806496206,3.410697876793661,14.315899822409184,3.251223859656882,4,fresh_standard,1.85,11.57447962235766,1.75,0.0
Cosmic Crisp,13.630617580766197,3.865904146295897,11.689098797070141,4.594196636724042,4,fresh_premium,2.93,11.409958207372403,2.8,0.0
Jazz,14.823483149878813,3.4247936668441183,13.377770604100181,3.9586596570786505,4,fresh_premium,3.0,23.691251181454838,2.8,0.0
McIntosh,11.877620275148445,2.6263508164737015,10.309882209134644,2.8973892156129355,3,juice,1.5,7.941206605223793,0.06,1.44
Gala,12.969439494060826,2.879313645195197,12.614141807733406,3.472753269240657,3,fresh_standard,1.75,3.9347322654213595,1.75,0.0
Honeycrisp,14.226404498097931,3.6235995178897693,,3.705317621527894,3,fresh_premium,3.24,5.988268273998645,2.8,0.0
Cosmic Crisp,14.91670225796038,3.670640116867307,10.52452808859965,3.7385699864233657,4,fresh_premium,2.93,17.035674221585722,2.8,0.0
Red Delicious,11.838504586744705,2.8613721348650456,10.806101306205031,3.9087582767550577,4,juice,1.25,0.4514963912146639,0.06,1.19
Gala,13.034971386167873,3.0317123174040557,12.63425628403117,3.8283588784267804,3,fresh_standard,1.75,10.623054479496666,1.75,0.0
Granny Smith,10.844427761929206,3.816512385945209,15.891651099654032,1.6954205961837459,4,juice,1.75,1.4361421961938277,0.06,1.69
Fuji,15.070120158321284,3.647069058925023,13.979070818791422,4.232492779287829,4,fresh_premium,2.0,31.302214164088515,2.8,0.0
Ambrosia,15.229696693753304,3.2854531272279823,11.413985156876853,3.6768863450780986,4,fresh_standard,2.5,14.350721383064958,1.75,0.0
Gala,13.415559697774201,2.982030845525774,11.541612656073944,3.509371000369762,3,fresh_standard,1.75,1.555769468113575,1.75,0.0
Gala,13.004502833662873,3.140172676833911,11.738561540431082,3.3614801756931385,3,fresh_standard,1.75,0.31644541461303805,1.75,0.0
Granny Smith,11.361637759409598,3.874211393908501,16.247010622494674,3.2094956292507577,4,fresh_standard,1.75,4.3614061536654,1.75,0.0
Golden Delicious,15.187480615274085,3.0729382538755954,10.113251114755116,3.521339644419796,4,fresh_standard,1.5,1.7537807086470178,1.75,0.0
Cosmic Crisp,15.043604305466193,3.7068342872240283,10.778591228083954,3.2572198134815142,4,fresh_standard,2.93,11.398742917288649,1.75,0.0
Jazz,14.379933043609217,3.80060407981016,12.427022732621344,3.7733859753363626,4,fresh_premium,3.0,2.8707718856360662,2.8,0.0
Ambrosia,15.686099449583624,3.453944334936364,11.141864432267546,4.0542798528882615,4,fresh_premium,2.5,21.92867135568108,2.8,0.0
Braeburn,12.633388792997772,3.5696445002646096,14.622931878303364,3.1978582286553694,4,fresh_standard,1.85,6.823992525526813,1.75,0.0
Golden Delicious,14.07777843191375,2.98620713613795,10.723080375525914,4.382620814490262,4,fresh_standard,1.5,6.3847437323723035,1.75,0.0
Gala,14.078272666484569,3.0498185297822378,11.747842094025627,3.7337685064225425,3,fresh_standard,1.75,10.459409709820719,1.75,0.0
Cosmic Crisp,13.72225741840074,3.812146189334742,11.376804792855472,4.492161199238292,4,fresh_premium,2.93,15.134252301294655,2.8,0.0
Fuji,17.452147152307383,3.933560333443725,12.559919819393048,3.13152646099501,4,fresh_standard,2.0,0.9188311965301504,1.75,0.0
Empire,13.878220042417379,3.2667751312642612,10.4291296401857,2.8311066875885516,3,fresh_standard,1.75,2.3661724658939094,1.75,0.0
Golden Delicious,14.32901386650507,2.992852415010958,10.325022130594913,3.846418115063997,4,fresh_standard,1.5,8.02320225837003,1.75,0.0
Ambrosia,15.045721115180426,3.483233746531747,11.216051508261383,4.696232650032164,4,fresh_premium,2.5,0.5937595780838081,2.8,0.0
Fuji,15.312371264616987,3.9454570006445673,14.620855586211647,3.1355873400726733,4,fresh_standard,2.0,2.1852212446554633,1.75,0.0
Granny Smith,12.03128316798733,3.694053518589913,15.042018313972722,4.158380112526225,4,fresh_standard,1.75,6.167956781969939,1.75,0.0
Golden Delicious,12.882739378940547,3.165602881949618,10.423013498563536,2.9042803993486728,4,fresh_standard,1.5,3.668519016038897,1.75,0.0
Gala,12.261558241215685,2.5,11.136917438667156,2.7604860111388945,3,juice,1.75,45.517366252857265,0.06,1.69
Honeycrisp,14.95359347885594,3.5687797562259984,13.710921168022015,5.0,3,fresh_premium,3.24,9.63001834058552,2.8,0.0
Granny Smith,10.805846542118493,3.8857515542041323,,3.728785767358871,4,fresh_standard,1.75,5.897205998370383,1.75,0.0
Jazz,16.128369465249538,3.564915090356423,13.4656030895325,4.044203443145924,4,fresh_premium,3.0,5.973640988650571,2.8,0.0
Empire,13.029575871029888,3.193098444486952,10.595141432881631,4.591339119320195,3,fresh_standard,1.75,2.006588202367116,1.75,0.0
Gala,11.684524039118795,3.123066078629075,12.593362794382745,2.8214669388044507,3,fresh_standard,1.75,4.930355950481085,1.75,0.0
Cosmic Crisp,14.521725544963953,3.7837711573243444,11.456377512407206,4.7752502464070385,4,fresh_premium,2.93,10.051375279415504,2.8,0.0
Gala,13.698897022941862,2.950287999998777,11.865533759198525,4.753065663721955,3,fresh_standard,1.75,1.8315033882305845,1.75,0.0
Red Delicious,11.359123593328778,2.785572876728316,10.00071672076878,3.8502829544265733,4,juice,1.25,6.249082676593252,0.06,1.19
Gala,12.549840140772544,2.8022770363992615,11.018108323160742,4.142925891340932,3,fresh_standard,1.75,16.556056297563988,1.75,0.0
Red Delicious,12.789331614401808,2.828297105921859,9.684668164921982,1.987793272731828,4,juice,1.25,0.1373372315865824,0.06,1.19
Red Delicious,12.017301267802436,2.736243482027764,10.185969495510989,2.0822723911906307,4,juice,1.25,22.263127249908756,0.06,1.19
Golden Delicious,14.753334579377242,3.004165314547502,11.96276666848256,3.3300691766328603,4,fresh_standard,1.5,2.687720454647362,1.75,0.0
Braeburn,12.674566225637966,3.6204010036419985,14.230857830065853,3.389512510590079,4,fresh_standard,1.85,10.199160886323018,1.75,0.0
Empire,13.417973820701535,3.1896798178005943,11.956530927058948,1.9960570576779701,3,juice,1.75,2.4438541562489986,0.06,1.69
Jazz,14.48394311630301,3.7505008705028855,12.320143269909146,3.4879065878353974,4,fresh_standard,3.0,4.267040555945366,1.75,0.0
Braeburn,12.267953104595595,3.6514242884384673,14.105407780091081,3.0845895354597235,4,fresh_standard,1.85,1.0741514178209675,1.75,0.0
Jazz,15.883057305923941,3.6818733893670337,13.180695380917546,3.4291554429332476,4,fresh_standard,3.0,0.6760043876192516,1.75,0.0
Gala,13.929048173720084,2.9500798754733553,12.428653271469996,3.136483507544664,3,fresh_standard,1.75,2.789161829949456,1.75,0.0
Gala,13.896982221157511,3.1960434542148253,11.864037855189013,2.9627922065821855,3,fresh_standard,1.75,0.19330504120641034,1.75,0.0
Cortland,11.989733392141371,2.702712662520374,10.505326004342564,2.3409305042870767,3,juice,1.5,9.006777092953474,0.06,1.44
Fuji,15.833480684673434,3.9353853720452507,14.429773260908698,3.3688080335389783,4,fresh_standard,2.0,2.492963996704412,1.75,0.0
Golden Delicious,14.692395936486998,3.0678373118373496,10.017238005183561,3.855518184390657,4,fresh_standard,1.5,6.120550779169815,1.75,0.0
Fuji,16.034350163744218,3.6421539900766877,13.16617904362964,3.2581544065609815,4,fresh_standard,2.0,28.38288237173423,1.75,0.0
Braeburn,12.690573384723253,3.66992599706826,13.14110012741979,2.8231624671153837,4,fresh_standard,1.85,5.286479983624694,1.75,0.0
Cosmic Crisp,13.141813206279373,3.490716034362555,11.384553129035705,3.7238884778595143,4,fresh_standard,2.93,36.30194375144341,1.75,0.0
Jazz,15.953995398698172,3.556828163354056,12.504482040346723,4.631292051713591,4,fresh_premium,3.0,6.8609441459685,2.8,0.0
McIntosh,13.226328822394796,2.5511902300037206,9.752623633909995,2.291167802417298,3,juice,1.5,7.128102580016906,0.06,1.44
Cameo,14.567271386438094,3.639585462565267,12.20337321724093,2.6294432653332653,4,fresh_standard,2.15,5.377064548526818,1.75,0.0
Jazz,15.50203049906171,3.5667944337678845,12.354857538939413,5.0,4,fresh_premium,3.0,13.918098878273495,2.8,0.0
Gala,13.778054856500681,2.7519990411845345,12.233567215705083,2.9309911974654796,3,juice,1.75,19.819735001578348,0.06,1.69
Ambrosia,15.108532567153507,3.3856182380792923,11.975334137242529,4.354107211628278,4,fresh_standard,2.5,14.114629041429104,1.75,0.0
Braeburn,13.103800935739184,3.5968106035510328,14.078387588254628,3.3731694621092188,4,fresh_standard,1.85,7.783283729338986,1.75,0.0
Gala,12.989032317419293,3.1260057006543858,11.668099931337538,3.3149103269265083,3,fresh_standard,1.75,0.5482372639196746,1.75,0.0
Golden Delicious,13.394059880331456,3.0619603065697,10.975800390558604,3.78404444942748,4,fresh_standard,1.5,0.8549083073875873,1.75,0.0
Honeycrisp,15.478708235996685,3.5947100340132274,12.83920012485558,4.012255087129471,3,fresh_premium,3.24,0.6302282756016341,2.8,0.0
Granny Smith,10.153293713212102,3.715283382313082,15.875799774285824,2.8761160813838695,4,fresh_standard,1.75,11.873455829771036,1.75,0.0
McIntosh,12.224888842015918,2.6426665258047795,10.925569615961464,2.8047773182630924,3,juice,1.5,0.721899779484894,0.06,1.44
Cortland,11.432847915531415,2.819607678893518,11.040361473133519,2.8825171829957594,3,juice,1.5,17.614985322976324,0.06,1.44
Granny Smith,10.218630305537216,3.6057624971069635,15.170806060325443,3.1460631461222652,4,fresh_standard,1.75,29.636437182826345,1.75,0.0
Fuji,15.572701102239192,3.876244254896858,13.82140584265073,3.0950395887256685,4,fresh_standard,2.0,8.790619322876683,1.75,0.0
Granny Smith,10.0,3.9070811142859,16.036020862752196,3.5433673792305735,4,fresh_standard,1.75,1.7607830972219596,1.75,0.0
Granny Smith,10.815642622798306,3.8086687081079575,15.63106636132627,3.058879379142052,4,fresh_standard,1.75,5.652942966301168,1.75,0.0
Jazz,14.859349553955619,3.4763415484328393,13.683997105780122,3.7178762006713058,4,fresh_premium,3.0,14.503546989673852,2.8,0.0
Jazz,14.267896671081822,3.7956647695551737,13.693028677380557,3.119595594009612,4,fresh_standard,3.0,0.8403564207332337,1.75,0.0
Fuji,17.29269747018537,3.867425274626904,12.324133678129222,3.213412650437597,4,fresh_standard,2.0,11.052639551550222,1.75,0.0
McIntosh,11.09844479782675,2.622513225337494,10.289712086859453,2.6953892769105563,3,juice,1.5,5.324568982088197,0.06,1.44
Red Delicious,12.611001497760858,3.1224031990747654,10.07475838088771,4.513753408666455,4,fresh_standard,1.25,3.8067850212176846,1.75,0.0
Jazz,14.175039177444278,3.8156785420815535,13.623539576180274,3.402058468982408,4,fresh_standard,3.0,2.039247379503509,1.75,0.0
Ambrosia,14.612333683274226,3.608666279955488,12.042891378087178,3.2431428036935865,4,fresh_standard,2.5,4.2446057617394,1.75,0.0
Ambrosia,15.150210287699185,3.4896230868811036,12.183394324612651,4.084327335983364,4,fresh_premium,2.5,4.8484394479474195,2.8,0.0
Red Delicious,12.194027677748624,3.007479575791011,9.623406642985625,1.8359563159275585,4,juice,1.25,4.2438583696479215,0.06,1.19
Honeycrisp,14.529863624183363,3.613706666857957,12.170694929987537,4.121843605745956,3,fresh_premium,3.24,1.3797521971241586,2.8,0.0
Gala,12.166728537823865,3.0774703455692913,12.518010565043863,3.0284083804190107,3,fresh_standard,1.75,0.925374690050798,1.75,0.0
McIntosh,11.748947642696816,2.5,10.077961748900242,2.054414403145425,3,juice,1.5,25.441184069287168,0.06,1.44
Gala,13.479404906910586,2.9766050321284716,11.83666772820456,4.054562083722698,3,fresh_standard,1.75,12.212517138184886,1.75,0.0
Granny Smith,11.626773662797234,3.8165008199092685,15.267391308798873,3.7964383513853117,4,fresh_standard,1.75,3.42107260823604,1.75,0.0
Granny Smith,10.741179478620628,3.8064496825271834,16.092814148424264,3.463757762481855,4,fresh_standard,1.75,12.658984863540612,1.75,0.0
Gala,11.975834452763578,3.0436458930204693,11.103337443315922,3.42472744399826,3,fresh_standard,1.75,14.454219963349102,1.75,0.0
Ambrosia,14.42362796749916,3.4563519999337013,12.819253638873185,4.447519157038058,4,fresh_premium,2.5,0.7441312977627452,2.8,0.0
Empire,12.116158631035526,3.378434592637583,10.132810706920996,4.161930543232195,3,fresh_standard,1.75,6.333275812147372,1.75,0.0
Granny Smith,11.607408819295948,3.8237709443276704,16.77047775741513,3.6461943342216285,4,fresh_standard,1.75,0.754410315239231,1.75,0.0
Golden Delicious,13.51613532131199,2.948879380363781,11.161537167228843,2.5211989337497562,4,fresh_standard,1.5,14.224113350374882,1.75,0.0
Braeburn,13.511365225194407,3.671233312059794,13.530457045005349,3.4448259304374407,4,fresh_standard,1.85,0.8927118402130035,1.75,0.0
Gala,13.673701365510993,3.194474150857019,12.725280942298358,2.168419776351479,3,fresh_standard,1.75,0.3971637332766473,1.75,0.0
Gala,12.394556511607487,2.9625950220490616,12.124145588805142,3.9879231120487866,3,fresh_standard,1.75,0.9972966184805467,1.75,0.0
Fuji,16.74695696166961,3.8663784492384026,14.190747568588714,3.675629289285112,4,fresh_standard,2.0,9.556054769824742,1.75,0.0
Red Delicious,12.419122668485484,2.706372339409511,10.536178756837334,4.198478106790228,4,juice,1.25,36.172925100823214,0.06,1.19
Braeburn,13.335457511597287,3.410923812573566,13.948906359689047,4.929028119039527,4,fresh_standard,1.85,10.654753667251665,1.75,0.0
Ambrosia,16.243227183400915,3.467004876183803,11.127281818573284,3.0984301618720274,4,fresh_standard,2.5,1.677795035251999,1.75,0.0
Cameo,14.48845355478891,3.2583842280842648,11.014193064989774,3.2877885442597963,4,fresh_standard,2.15,25.668598921792295,1.75,0.0
Jazz,15.849373710019108,3.6103788620939907,12.018663239654186,4.610516847762677,4,fresh_premium,3.0,0.22065049355001531,2.8,0.0
Braeburn,12.259580023704471,3.6457764017190644,14.429392178013245,3.47522438779563,4,fresh_standard,1.85,13.643065459790492,1.75,0.0
Honeycrisp,14.083296594810275,3.619061413322804,12.559867793891886,3.7993897640570817,3,fresh_premium,3.24,16.064942438261195,2.8,0.0
Cosmic Crisp,14.744067440632165,3.824358131443543,10.09393193355011,3.552696348890248,4,fresh_premium,2.93,10.74266569384876,2.8,0.0
Granny Smith,10.735552841624129,3.6554626052259707,16.67494503923755,3.323454496618125,4,fresh_standard,1.75,13.211074682337152,1.75,0.0
Gala,13.702492593815695,3.157259063674585,11.552638216931708,3.6532302534045904,3,fresh_standard,1.75,1.860024372223012,1.75,0.0
Cosmic Crisp,14.488445890073733,3.704863535641159,10.892011545915912,3.7222614404198726,4,fresh_premium,2.93,12.315909951213124,2.8,0.0
Gala,12.907321210815757,3.0026968442563184,12.465466949572331,3.806475253116557,3,fresh_standard,1.75,0.8585458191010802,1.75,0.0
Jazz,15.252574053240632,3.7001720390951274,13.597428383309149,3.8954883713569872,4,fresh_premium,3.0,1.2594446448603402,2.8,0.0
Red Delicious,12.364186470069702,2.853629381074067,10.494449290177174,2.347076008777565,4,juice,1.25,2.1532054445299407,0.06,1.19
Fuji,14.943351877873107,3.7490707823811555,13.064185670190637,3.198929484313081,4,fresh_standard,2.0,23.996764970437134,1.75,0.0
Cameo,13.559548314722706,3.239371924130925,11.799439101948856,2.497298136503561,4,fresh_standard,2.15,22.049956063785704,1.75,0.0
Golden Delicious,14.860446154303418,2.935977446797955,10.240756299011068,3.8913836909661383,4,fresh_standard,1.5,12.051331067717733,1.75,0.0
Ambrosia,14.498580321085386,3.449950076297945,11.187714569646712,3.2094046489839334,4,fresh_standard,2.5,4.164312671107416,1.75,0.0
Ambrosia,15.111910059216884,3.35126193210604,,4.116608065631751,4,fresh_standard,2.5,6.134547044538153,1.75,0.0
Cosmic Crisp,15.917054500353485,3.913279804024247,11.43809181036849,4.041141994637712,4,fresh_premium,2.93,1.7269417546127899,2.8,0.0
Ambrosia,15.600888331349605,3.4480525936103965,11.677721298677504,3.8749767427005235,4,fresh_premium,2.5,4.192313984169898,2.8,0.0
Jazz,15.65923453266883,3.7927318181981593,13.552894892999449,4.771054976283938,4,fresh_premium,3.0,9.42186012916847,2.8,0.0
Red Delicious,12.851573592480902,2.8998424667574034,10.24292884531357,3.2799389721995142,4,juice,1.25,5.7893991782862635,0.06,1.19
Fuji,17.74932730181418,3.974386819377938,14.993248167030602,3.5271336253999896,4,fresh_standard,2.0,2.214345298510212,1.75,0.0
Cosmic Crisp,13.605544643548752,3.8456660870455885,10.9521008043982,4.70467372009279,4,fresh_premium,2.93,0.2968351154302202,2.8,0.0
Granny Smith,11.631701628042501,3.723297929516901,15.619383422210378,3.3947729264607855,4,fresh_standard,1.75,6.753460896468937,1.75,0.0
Fuji,16.57328416712861,3.8687509866682173,14.553452206277946,3.4406928792564164,4,fresh_standard,2.0,7.209457147263106,1.75,0.0
Gala,12.454464520340618,2.824647717179154,11.203786201745874,2.983347253895858,3,fresh_standard,1.75,16.0094010731847,1.75,0.0
Cosmic Crisp,15.866247250723791,3.63488192440413,10.59424343124635,4.532740187532676,4,fresh_premium,2.93,21.275463180521534,2.8,0.0
Red Delicious,11.855205508715915,3.02414743717274,10.385602397259817,2.4186064760943844,4,juice,1.25,6.812416743861647,0.06,1.19
Braeburn,11.864365360015091,3.4978492820304914,14.207585514572235,3.8336132581053746,4,fresh_standard,1.85,1.648512737393055,1.75,0.0
Pink Lady,14.99166499918163,3.643563650074023,15.74150690067452,3.5087563032308453,5,fresh_standard,3.0,3.2042659245002616,1.75,0.0
Fuji,16.40946999465474,3.8916443362325235,13.780384148114171,4.7990336406839615,4,fresh_premium,2.0,9.008619498880007,2.8,0.0
Jazz,14.64666413458138,3.702957640379431,12.878809979388905,3.9395259256961093,4,fresh_premium,3.0,3.5485599007989306,2.8,0.0
Ambrosia,15.457727225336399,3.4026369618682404,11.069340533452966,4.010655824335971,4,fresh_premium,2.5,1.8255382580481638,2.8,0.0
Gala,13.750631566633912,3.0643386938795736,11.992517505764724,3.3321438989024994,3,fresh_standard,1.75,3.954740594095893,1.75,0.0
Ambrosia,15.491138080984909,3.6413367881731262,12.99087503238262,3.9696695930926897,4,fresh_premium,2.5,1.5384389498610052,2.8,0.0
Braeburn,14.074984577839343,3.727551056845286,13.860686347378145,2.978427807806814,4,fresh_standard,1.85,5.310584998237119,1.75,0.0
Gala,13.181081883551848,3.0367858706807946,11.795224757105741,4.378506343251463,3,fresh_standard,1.75,3.2436337969260847,1.75,0.0
Fuji,16.419090347623943,3.7593166561187155,12.99405665620895,3.1908689637150545,4,fresh_standard,2.0,14.51830260048272,1.75,0.0
Granny Smith,10.460058350857297,3.8838253883770903,16.532694426209304,3.352169958491271,4,fresh_standard,1.75,3.1948171795659257,1.75,0.0
Red Delicious,11.231408744323133,3.0732479231531253,10.267699637470647,2.0318712452686736,4,juice,1.25,2.8077249598577274,0.06,1.19
McIntosh,12.33626281437912,2.596316095603867,9.747877427207548,1.9844277871897495,3,juice,1.5,19.65074041378884,0.06,1.44
Granny Smith,10.691084610413336,3.591075771101017,16.633310486403246,3.8427076437315253,4,fresh_standard,1.75,30.641646075080182,1.75,0.0
Red Delicious,12.365881049745337,2.900925539865947,10.356245003073292,2.5430528207326506,4,juice,1.25,7.843759654042603,0.06,1.19
Granny Smith,10.378408476222095,3.5279369087303114,16.366228571446094,3.3388125480141544,4,fresh_standard,1.75,33.9986489669791,1.75,0.0
Golden Delicious,14.712621166358808,2.988817619356962,10.039945865156056,3.745781671210396,4,fresh_standard,1.5,14.251189713947634,1.75,0.0
Gala,13.627934300441039,2.789536523214024,11.136706400619918,2.6734294995474577,3,juice,1.75,11.317501750976328,0.06,1.69
Golden Delicious,13.91361488893841,2.833735090808527,11.253605260129689,4.0747037786649605,4,fresh_standard,1.5,28.782405196407158,1.75,0.0
Fuji,15.433677240235252,3.8218117064688313,13.236839183494997,3.3037896094341375,4,fresh_standard,2.0,11.138544400475329,1.75,0.0
Braeburn,13.225143259755233,3.5600564044625633,14.445678407800425,4.04477738817623,4,fresh_standard,1.85,1.2017101076727734,1.75,0.0
Gala,12.114722521676267,3.006096860278736,12.475769969669212,3.3201940111959276,3,fresh_standard,1.75,6.703991553276017,1.75,0.0
Gala,12.512386044636502,3.0471118333273752,12.076663886511426,3.8492159402508364,3,fresh_standard,1.75,6.721541589399757,1.75,0.0
Granny Smith,10.496361367560576,3.717788682174554,15.97126859682668,3.4431054612314766,4,fresh_standard,1.75,8.421263364341424,1.75,0.0
Ambrosia,14.734740100948889,3.380926097562101,11.479020339819076,3.6019870715982556,4,fresh_standard,2.5,11.660510706740872,1.75,0.0
Gala,12.647289181730152,2.936804603343328,11.613553199044283,3.0742520871504966,3,fresh_standard,1.75,16.317554037065765,1.75,0.0
Granny Smith,10.918650217219751,3.845277480931248,15.898157028269752,3.684605992040668,4,fresh_standard,1.75,14.790766602183062,1.75,0.0
Fuji,14.927567452983274,3.8677610288755884,13.633034662902963,3.511291429844359,4,fresh_premium,2.0,10.877530751021565,2.8,0.0
Braeburn,12.735808882238555,3.7145638155738583,13.821632791134856,2.39205617131735,4,fresh_standard,1.85,4.24077810311421,1.75,0.0
Gala,12.147009929199724,3.022645954714295,11.162298357072478,4.01271513623997,3,fresh_standard,1.75,17.281156611444818,1.75,0.0
Honeycrisp,14.699441662458321,3.6881113134395287,13.591585338872202,4.297578512718457,3,fresh_premium,3.24,5.753195628284312,2.8,0.0
Honeycrisp,14.881208647578601,3.640947431927072,13.618722310957027,4.412708174494015,3,fresh_premium,3.24,14.070574526625856,2.8,0.0
Pink Lady,14.70969143916764,3.460985184157938,14.79234538321851,4.024430035162852,5,fresh_standard,3.0,4.049681012238468,1.75,0.0
Red Delicious,11.267411705039615,2.8905282749333367,9.106869204782035,3.1182047259201027,4,juice,1.25,2.1901279244708265,0.06,1.19
Cameo,13.327995370139707,3.5105951967796516,12.23069568125715,3.5992421961798224,4,fresh_standard,2.15,16.228081173648153,1.75,0.0
Cosmic Crisp,14.340937083182698,3.8635895751724187,10.5773874735414,4.133525132934629,4,fresh_premium,2.93,9.639364190221881,2.8,0.0
Jazz,14.279222979028145,3.7839799181624842,12.595096902637641,3.6415888396985974,4,fresh_premium,3.0,0.3419152493794983,2.8,0.0
Empire,13.360320613144308,3.2862516160500683,11.245098792426228,3.9187844180780584,3,fresh_standard,1.75,7.691176029826712,1.75,0.0
Red Delicious,12.208497074775204,2.890288181782167,9.612478490456802,3.241568720137412,4,juice,1.25,4.429195894483672,0.06,1.19
Golden Delicious,14.238501537814656,3.1612896701938964,10.28775231077956,3.1349895411923976,4,fresh_standard,1.5,2.7900918301027677,1.75,0.0
Red Delicious,11.412151716250868,2.7784001629625386,10.929380957656921,2.7247215773901337,4,juice,1.25,2.631178755211772,0.06,1.19
Cortland,12.456972363736817,2.7670767779409857,11.9243718189836,3.416551597138135,3,juice,1.5,10.447185341382145,0.06,1.44
Gala,11.923591235697105,2.9532283107945245,11.405265268270686,3.8909131948037032,3,fresh_standard,1.75,0.8894431968732088,1.75,0.0
Honeycrisp,15.02506012812842,2.8047658251237273,12.74031740051089,3.023956100238749,3,juice,3.24,81.72445597818083,0.06,3.18
Honeycrisp,14.138009509672484,3.6531609201407913,13.712979682376645,4.915729382927177,3,fresh_premium,3.24,4.73664984802472,2.8,0.0
Fuji,17.509554108824698,3.771950437470942,13.74520994226356,2.0040375078019537,4,fresh_standard,2.0,19.56856693163304,1.75,0.0
Empire,13.993298322632223,3.262494997315475,10.49199948061359,3.011146398305871,3,fresh_standard,1.75,3.371865217981344,1.75,0.0
Granny Smith,11.410869696974702,3.664129861137023,15.652340508256508,4.909445472020455,4,fresh_standard,1.75,9.347714960388029,1.75,0.0
Braeburn,12.450372695142194,3.6360233587034014,14.076242020079626,3.0403275016335973,4,fresh_standard,1.85,3.1152191292121847,1.75,0.0
Fuji,16.34618940056425,3.969442999979667,12.7208973703511,4.69493198132284,4,fresh_premium,2.0,1.9165610901684236,2.8,0.0
Golden Delicious,14.565530158341595,3.2904074124625597,11.472070800852132,2.632876841352665,4,fresh_standard,1.5,0.35792217449236685,1.75,0.0
Ambrosia,14.075931512129074,3.345660517728688,,3.40318158412176,4,fresh_standard,2.5,5.806069315450655,1.75,0.0
Fuji,16.352363880427298,3.9073335031690077,12.048730329628361,4.214329156606158,4,fresh_premium,2.0,8.570633884792471,2.8,0.0
Gala,12.705052326774409,2.9653601371853986,12.930030738908943,2.151866399609237,3,fresh_standard,1.75,16.227273894179916,1.75,0.0
Jazz,14.218819243676041,3.7084852623054387,13.272582707958495,4.756724871621065,4,fresh_premium,3.0,7.601862810622099,2.8,0.0
Gala,12.923416238490061,2.8798824772276084,11.793107363979926,5.0,3,fresh_standard,1.75,9.798005772521858,1.75,0.0
Gala,12.35551748593551,2.8349478745097225,11.31454641635943,4.053080901186352,3,fresh_standard,1.75,8.69765940983819,1.75,0.0
Red Delicious,10.837305696276982,2.943968877918206,9.010697977388446,4.263550313355887,4,juice,1.25,3.1350565295060506,0.06,1.19
Jazz,15.168045871880462,3.781544795195046,12.493357729043247,4.291048851734308,4,fresh_premium,3.0,10.900183808326895,2.8,0.0
Fuji,16.48785735601042,3.752467208779459,12.980823073010026,2.4343929475709585,4,fresh_standard,2.0,22.132788596030046,1.75,0.0
Golden Delicious,13.926688398726425,3.161395069030504,11.773190883004796,3.450370985662104,4,fresh_standard,1.5,2.722513548749383,1.75,0.0
Honeycrisp,14.419771049409336,3.6043563984611118,13.856637125175451,4.2941586032422885,3,fresh_premium,3.24,8.10651592641394,2.8,0.0
Honeycrisp,14.077171618817347,3.727785283227921,12.983231750233665,2.9380521378450966,3,fresh_standard,3.24,0.37372952321478464,1.75,0.0
Gala,12.95157320989924,3.0313943742943126,12.407399559258103,5.0,3,fresh_standard,1.75,0.22681173282547915,1.75,0.0
Empire,13.644233986222876,3.1969016357772135,11.89783243637743,3.9104979251653726,3,fresh_standard,1.75,10.9596898966969,1.75,0.0
Fuji,16.617411818733896,3.8370615258338256,13.6466184046278,3.3665150619330406,4,fresh_standard,2.0,13.26548433799724,1.75,0.0
Fuji,16.833263491143477,3.884766688472178,13.02819277628372,3.010269653274821,4,fresh_standard,2.0,2.3585802995824006,1.75,0.0
Golden Delicious,14.812291605192668,2.9699840657510004,10.83125556405831,4.455601998969731,4,fresh_standard,1.5,3.8452386132376466,1.75,0.0
Gala,13.160881267050707,2.935789454388651,11.022835966908147,3.004753682012627,3,fresh_standard,1.75,1.3935479557395638,1.75,0.0
Braeburn,13.684736319610566,3.4532133538703977,14.813306593903999,3.5824114876442215,4,fresh_standard,1.85,10.959116594483147,1.75,0.0
Fuji,17.04217642762085,3.7852427001914872,12.124736879539782,3.594016236947915,4,fresh_premium,2.0,12.73528194464486,2.8,0.0
Red Delicious,13.051341897610643,3.016269618220259,10.122711648378676,2.301608826488518,4,juice,1.25,11.972967107731872,0.06,1.19
Cameo,13.449857368624823,3.6612580825725427,11.947546585028846,5.0,4,fresh_standard,2.15,0.896996616267741,1.75,0.0
Empire,13.329710383840101,3.240158990599064,10.321426698381972,2.5246735798627635,3,fresh_standard,1.75,4.519459732366915,1.75,0.0
Pink Lady,14.099295908307056,3.3089640345727593,15.476898418502653,3.5158277725681826,5,fresh_standard,3.0,22.46118512465589,1.75,0.0
McIntosh,11.749369878750164,2.5293654474487055,9.769917445275114,3.4927736048374705,3,juice,1.5,11.908308953772053,0.06,1.44
Fuji,17.76944062400489,3.7695495391638354,14.046575067765296,3.766518996374403,4,fresh_standard,2.0,13.857342431683175,1.75,0.0
Granny Smith,10.736111445651861,3.9011582290032836,15.775945508795772,3.566321190484364,4,fresh_standard,1.75,7.8702078034706355,1.75,0.0
Cortland,11.84837905396687,2.7647637338066344,10.234951797752986,3.5721395121024466,3,juice,1.5,8.815321767443516,0.06,1.44
Honeycrisp,14.184327205135027,3.536347027527407,13.03260069660239,3.640777889373782,3,fresh_premium,3.24,22.709741251283578,2.8,0.0
Cameo,14.175152505535815,3.6694676958244186,11.893544317679213,2.866616306120842,4,fresh_standard,2.15,0.9533917512903047,1.75,0.0
Honeycrisp,15.517882323944155,3.646802048155233,12.645912945882491,3.8932764241440765,3,fresh_premium,3.24,6.423811416465936,2.8,0.0
Granny Smith,10.0,3.844850089942838,16.730142198750787,3.2670541678870766,4,fresh_standard,1.75,2.72188940651747,1.75,0.0
Pink Lady,14.270157405417766,3.679994838265591,15.861897391013956,3.9687034360502387,5,fresh_standard,3.0,6.867017149919159,1.75,0.0
Honeycrisp,15.385171766837015,3.3159506948225657,13.702273343033713,4.178507742982523,3,fresh_standard,3.24,30.802237864417087,1.75,0.0
Fuji,16.665386004560258,3.9055561934695726,12.255169156467723,3.5757067421971804,4,fresh_premium,2.0,3.3634862824818295,2.8,0.0
Granny Smith,10.362814428942796,3.824319984425055,16.40173139448776,3.7027745169392707,4,fresh_standard,1.75,7.021938264501641,1.75,0.0
Jazz,14.328960695838326,3.622404041000754,12.329629631458875,3.724407141835733,4,fresh_premium,3.0,3.3154629359486405,2.8,0.0
Gala,11.812323559426488,2.9312743073927345,11.398540672933601,2.991419642828549,3,fresh_standard,1.75,3.6013737592778923,1.75,0.0
Granny Smith,10.76298263370489,3.6875427408788335,16.00982290250028,3.6391052552809087,4,fresh_standard,1.75,7.726669123908865,1.75,0.0
Golden Delicious,14.158194688950067,3.2210633428594333,11.436136322401723,3.9336961369913075,4,fresh_standard,1.5,4.1359752037536195,1.75,0.0
Red Delicious,12.336241466156174,2.82214697985768,9.828859624934074,3.0350630395683424,4,juice,1.25,10.606748686491814,0.06,1.19
Granny Smith,11.950853766795541,3.8987826056604598,16.865133417411922,2.3981841297377615,4,fresh_standard,1.75,5.859786853873907,1.75,0.0
Cameo,13.67794273518456,3.5594672477111473,11.430718565709217,3.1089949267061505,4,fresh_standard,2.15,7.491994651056074,1.75,0.0
Fuji,16.036531628188673,3.950290247465568,13.944700406423538,4.527224170410736,4,fresh_premium,2.0,4.143655919220014,2.8,0.0
McIntosh,11.586085745553168,2.630680848444489,10.901882703731669,2.8653596614626857,3,juice,1.5,2.9010460709960646,0.06,1.44
Fuji,17.218118415243573,3.920141267426252,12.944755333766688,3.169930830238077,4,fresh_standard,2.0,0.9587453001880661,1.75,0.0
Red Delicious,11.713299584511546,3.0488205083340945,10.37906841781083,3.7646421960899845,4,fresh_standard,1.25,4.894719319123584,1.75,0.0
Red Delicious,13.021217553718978,2.9747199049088433,9.554853469601959,2.3113945586385443,4,juice,1.25,9.53320494289243,0.06,1.19
Empire,12.414132366475405,3.4151186782330725,10.860632856084782,3.3450949171811395,3,fresh_standard,1.75,5.918345456687275,1.75,0.0
Red Delicious,12.085756377706524,2.7684639756411786,9.474140782348357,3.579673422978498,4,juice,1.25,16.176847736642596,0.06,1.19
McIntosh,11.803896824157707,2.5,9.000485868869026,3.721382957712219,3,juice,1.5,15.736046889119848,0.06,1.44
McIntosh,11.201853465145527,2.7942554517533167,10.647603499841075,2.4692510742244096,3,juice,1.5,0.22231827896392956,0.06,1.44
Empire,12.773837305415615,3.407129296940444,11.57858130935421,4.206310977910603,3,fresh_standard,1.75,0.8982666879216906,1.75,0.0
Empire,12.685764625478512,3.1834105432352535,11.405732888100204,3.3408574757178786,3,fresh_standard,1.75,2.361934337496321,1.75,0.0
Jazz,14.080719391441981,3.797531138268775,12.864153765888393,4.324140216921929,4,fresh_premium,3.0,7.299745937185206,2.8,0.0
Granny Smith,11.462775488927672,3.776637678393485,15.407069747773793,4.27045747636887,4,fresh_standard,1.75,2.3695079741946246,1.75,0.0
Fuji,15.0382912453844,3.9342125264442886,12.184338870392363,2.451418094103043,4,fresh_standard,2.0,0.6446527291658664,1.75,0.0
Ambrosia,15.599145371652776,3.533821059010558,11.508783161683693,3.9833850046777695,4,fresh_premium,2.5,9.236751206847723,2.8,0.0
Pink Lady,13.419500578682491,3.574514973491658,14.240418110741217,4.682070214986922,5,fresh_standard,3.0,7.765546911485947,1.75,0.0
Red Delicious,12.662804672880696,2.8939665626065256,10.108116766920421,1.9990406906930576,4,juice,1.25,8.60431332045955,0.06,1.19
Gala,12.710598558593325,3.110167351842495,12.428105446756254,4.585583809839866,3,fresh_standard,1.75,0.8636086383903963,1.75,0.0
Honeycrisp,15.479461545152333,3.4959889510693807,13.829728780440897,5.0,3,fresh_premium,3.24,16.76117439249923,2.8,0.0
Honeycrisp,13.908717993471107,3.6170746441638726,12.856368296634628,4.140495933867516,3,fresh_premium,3.24,14.652830902062608,2.8,0.0
Ambrosia,15.213247438497802,3.5838668021804505,11.964082116224166,4.632853920432351,4,fresh_premium,2.5,7.795934968938802,2.8,0.0
Jazz,14.945560767928349,3.7081116967448056,13.130043985718032,3.06673169146347,4,fresh_standard,3.0,0.6470195151063192,1.75,0.0
Cortland,11.052507270264817,2.8777289112299793,11.922999358474295,3.308599974545356,3,juice,1.5,5.871902521073249,0.06,1.44
Cortland,12.206622813148561,2.7543228176711723,11.38964145974344,2.587275749494128,3,juice,1.5,5.075889352962612,0.06,1.44
Pink Lady,12.795058413700056,3.660228204984594,15.317770940465314,3.950830186602625,5,fresh_standard,3.0,5.180496008103994,1.75,0.0
Gala,12.679424361740233,2.9813261745952855,11.90050849228578,3.7743682427691447,3,fresh_standard,1.75,1.833113533939617,1.75,0.0
Honeycrisp,14.832957827867512,3.6488710732469603,13.404968167974218,3.898903673783053,3,fresh_premium,3.24,5.1664731398811705,2.8,0.0
Golden Delicious,13.457263151503053,2.972814249559048,11.703162800034475,4.344160847535051,4,fresh_standard,1.5,5.929449070426362,1.75,0.0
Gala,12.546876568791822,2.8726369676799273,12.175171742218804,2.81738859774511,3,fresh_standard,1.75,4.871051787210218,1.75,0.0
Red Delicious,12.85723395710246,3.1843079634056104,9.147126708431532,2.90842210256091,4,juice,1.25,1.4661212215811548,0.06,1.19
Fuji,17.158199578279913,3.932609552433239,13.85751820609751,3.5873127186609444,4,fresh_premium,2.0,0.8509495153710221,2.8,0.0
Fuji,16.00464633802051,3.7818902207207894,12.171080742010858,4.7317832147009975,4,fresh_premium,2.0,21.73060540030751,2.8,0.0
Pink Lady,13.139180666406293,3.7808061654619447,,3.5823264733701214,5,fresh_standard,3.0,1.016744837023609,1.75,0.0
Honeycrisp,15.721430167951178,3.525065931372892,13.481537235508409,3.704214305582085,3,fresh_premium,3.24,8.231145809801472,2.8,0.0
Ambrosia,15.362410492898945,3.4829011848435147,12.757957800564535,4.806110314127713,4,fresh_premium,2.5,11.304765231587016,2.8,0.0
Honeycrisp,14.963224933509657,3.338684660542504,13.085289269415153,4.31417275463214,3,fresh_standard,3.24,29.86190415374668,1.75,0.0
Honeycrisp,14.766790859012584,3.7832659770964225,13.270187301735287,4.4752119190930255,3,fresh_premium,3.24,1.1336133854066337,2.8,0.0
Braeburn,12.679571884146785,3.5702666756527677,14.190553682208108,3.4254285337025383,4,fresh_standard,1.85,6.637299594914071,1.75,0.0
Honeycrisp,15.684369418952137,3.595011682590948,13.044486520109608,3.839307079173503,3,fresh_premium,3.24,3.9861603210049976,2.8,0.0
Fuji,16.479206849718064,3.800969141689309,13.20811116298368,3.651541307597974,4,fresh_premium,2.0,16.61579408336042,2.8,0.0
Pink Lady,14.551796948221499,3.5599451205147563,15.353026771554493,3.859662461566613,5,fresh_standard,3.0,1.466916126153273,1.75,0.0
Cosmic Crisp,14.12995653119822,3.906851610459144,11.74778015512503,4.469141902987999,4,fresh_premium,2.93,6.550551374355909,2.8,0.0
Red Delicious,11.369800903913632,2.8309107645748792,10.49863071028487,3.441571407465462,4,juice,1.25,5.285192100509374,0.06,1.19
Gala,13.63615596495381,2.9533240235693397,,2.962958094634037,3,fresh_standard,1.75,11.00250641618203,1.75,0.0
Honeycrisp,14.185269174933543,3.761578877026108,,3.9904918960486557,3,fresh_premium,3.24,1.8504734406558088,2.8,0.0
Fuji,17.746774988284926,3.9050195089932456,13.697234851839868,1.9806523488681889,4,juice,2.0,0.06485342233380302,0.06,1.94
Honeycrisp,15.334524302971246,3.6697514515825387,12.071884547593484,4.395831346981468,3,fresh_premium,3.24,9.730904753530854,2.8,0.0
Braeburn,12.594724313240283,3.7585353687639946,14.427915895729543,2.7190472103180015,4,fresh_standard,1.85,3.865745238765916,1.75,0.0
Gala,12.06887284671691,2.954467252353033,11.211811608807515,3.3892847854064905,3,fresh_standard,1.75,0.6936780364152464,1.75,0.0
Fuji,16.69340088483981,3.8735798663571757,13.094467410623396,3.53135509429849,4,fresh_premium,2.0,6.932637057309128,2.8,0.0
Fuji,16.164336195121884,3.739970559959356,13.840913708968152,3.5791567800631743,4,fresh_premium,2.0,22.767781499270473,2.8,0.0
Granny Smith,12.007792482884433,3.671516733216512,16.538122266319448,2.044164757678875,4,fresh_standard,1.75,18.42770745761794,1.75,0.0
Gala,12.713215076554533,2.9595041033281086,11.030789783382616,3.9010042932308484,3,fresh_standard,1.75,6.331951821699681,1.75,0.0
Gala,12.684161616050888,2.960408371076369,12.567519684968214,3.1611355974974344,3,fresh_standard,1.75,4.6700432114634784,1.75,0.0
Red Delicious,12.065455175482425,3.135182764069442,9.894545936314245,3.358788363357152,4,juice,1.25,5.825615582606809,0.06,1.19
Cortland,12.50753644217005,2.5872087209866894,10.87355433864664,3.952872546516953,3,juice,1.5,14.785490719059256,0.06,1.44
Golden Delicious,14.235636658184669,3.0890610053648926,11.97235359456739,3.405351810061109,4,fresh_standard,1.5,20.143708266488368,1.75,0.0
Honeycrisp,14.794672536873543,3.6545114278033513,12.103363442337216,4.122483285554361,3,fresh_premium,3.24,1.3701842406700713,2.8,0.0
Honeycrisp,15.648126470455052,3.70999428869434,12.02878697725951,5.0,3,fresh_premium,3.24,2.039796320618005,2.8,0.0
Gala,13.422301815673872,2.909929557143925,11.86880663801322,3.686785204065731,3,fresh_standard,1.75,0.6460768856366412,1.75,0.0
Cosmic Crisp,14.92036356861579,3.912416398424917,11.848792390753061,3.9834365135631016,4,fresh_premium,2.93,1.786767924545557,2.8,0.0
Jazz,15.663228850067483,3.599403660899151,13.773849800418539,4.863481925616703,4,fresh_premium,3.0,2.0591951269056197,2.8,0.0
Ambrosia,15.480909116931773,3.3453302482256393,12.012532118990405,4.180751762603051,4,fresh_standard,2.5,31.217225481409745,1.75,0.0
Gala,12.702631795219983,2.963283765985855,11.542192507528132,3.871826867579682,3,fresh_standard,1.75,6.2550632201339385,1.75,0.0
Golden Delicious,13.361231848058026,3.087365626529505,11.172470997561524,3.3289434457747915,4,fresh_standard,1.5,11.149230976089497,1.75,0.0
Granny Smith,11.672428503640608,3.7763768974955307,15.726807863998854,3.1771713449059167,4,fresh_standard,1.75,2.452012078556946,1.75,0.0
Cosmic Crisp,13.213155506149318,3.685880641698529,10.442418883639204,4.773752600665031,4,fresh_standard,2.93,14.1990573116036,1.75,0.0
Honeycrisp,14.730900629156606,3.727594799520475,13.006272517160175,3.339883396489679,3,fresh_standard,3.24,3.1367461187854384,1.75,0.0
Golden Delicious,12.918318868847695,3.1190380350976468,10.756631214330518,3.6476501691898453,4,fresh_standard,1.5,15.554894701613511,1.75,0.0
Fuji,17.622771481911034,3.886826903367765,13.326100262793371,2.973935731272893,4,fresh_standard,2.0,4.726895377579066,1.75,0.0
Pink Lady,14.560035090997587,3.788554067530406,15.889228438948047,4.692136409255259,5,fresh_standard,3.0,0.23922459931573992,1.75,0.0
McIntosh,11.735740807735763,2.648716569576643,10.605121496303255,4.056796631632568,3,juice,1.5,3.995497390044153,0.06,1.44
Braeburn,12.750155604893266,3.7587661362404816,13.640597484993485,3.493479717779017,4,fresh_standard,1.85,1.4896135134272794,1.75,0.0
Gala,13.585805050495972,2.8756918834204592,11.867165585265228,3.9187419635234164,3,fresh_standard,1.75,3.557944369921287,1.75,0.0
Braeburn,12.450956557716907,3.665058765059042,13.536574400855546,3.7616034651335477,4,fresh_standard,1.85,1.3818807510768476,1.75,0.0
Fuji,15.332656642942451,3.8556492578883326,13.753629339778374,3.806899745217117,4,fresh_premium,2.0,7.02099012251458,2.8,0.0
Fuji,17.823125076979085,3.7181125139117506,13.913322425536775,4.517433726686519,4,fresh_premium,2.0,26.844372440546998,2.8,0.0
Fuji,17.875917980946692,3.853120160947705,13.995167967019894,4.163540254614386,4,fresh_premium,2.0,8.062526694871774,2.8,0.0
Cosmic Crisp,15.120494055656419,3.9644966251316087,11.975336015993294,4.897938836547761,4,fresh_premium,2.93,0.24894222282511314,2.8,0.0
Cosmic Crisp,15.300683350704924,3.6959868932482602,10.711345432929898,4.444815397811719,4,fresh_premium,2.93,13.972203916260641,2.8,0.0
Golden Delicious,14.55147640353354,3.058850063088368,11.992448986089277,2.8777603558580025,4,fresh_standard,1.5,18.75913127444893,1.75,0.0
Honeycrisp,15.729890527589097,3.658405810759424,13.09845332941224,3.945619925771571,3,fresh_premium,3.24,7.000051847143304,2.8,0.0
Cameo,13.326533530804529,3.357620134652133,11.273006024167165,4.275236200595914,4,fresh_standard,2.15,10.444142797455358,1.75,0.0
Braeburn,13.505490062722401,3.7477542973806215,14.549305239586035,3.787704528800965,4,fresh_standard,1.85,2.847695751020076,1.75,0.0
Gala,13.059215318513393,3.104829406490392,12.344920996050057,4.346275487122102,3,fresh_standard,1.75,5.793551856472514,1.75,0.0
Gala,12.522533545978412,2.997907880662493,,2.6797173161238526,3,fresh_standard,1.75,7.722395349174068,1.75,0.0
Gala,13.563193649026678,2.8377250235583684,11.555705552179425,2.944745224364248,3,fresh_standard,1.75,18.162596409227902,1.75,0.0
Cosmic Crisp,13.297488021680161,3.613016232881393,11.180461333738174,4.246225632004075,4,fresh_standard,2.93,26.886609755685512,1.75,0.0
Pink Lady,14.586867746307302,3.584066681278835,14.454539254526303,3.3780683823043574,5,fresh_standard,3.0,6.258729279824089,1.75,0.0
Jazz,15.58750678436342,3.740429370627663,13.084474410983697,4.738765040527631,4,fresh_premium,3.0,14.992863982584597,2.8,0.0
Golden Delicious,13.463617133548773,3.0875568372383744,11.659879186424886,3.206914351933784,4,fresh_standard,1.5,12.82596094340716,1.75,0.0
Gala,12.30938084684534,2.967255985996928,12.168897819514852,3.081936908942255,3,fresh_standard,1.75,2.17119876648513,1.75,0.0
Ambrosia,14.430059786376873,3.3572564115575534,12.338400525876157,3.7584694741582805,4,fresh_standard,2.5,5.270039481117462,1.75,0.0
Honeycrisp,14.685113162824141,3.7032670247235697,13.407315718760048,3.595850857322424,3,fresh_premium,3.24,4.603125630003512,2.8,0.0
Fuji,16.341328727258492,3.8613049541901723,14.494554999336671,3.5834362391920505,4,fresh_standard,2.0,4.382443070794907,1.75,0.0
Granny Smith,11.102962450734276,3.8255282564716038,16.944922780055805,3.420698386613377,4,fresh_standard,1.75,0.9576859262634184,1.75,0.0
Braeburn,12.960190162680528,3.631009704424275,14.103375935612924,2.9886652142016055,4,fresh_standard,1.85,11.80511608794534,1.75,0.0
Golden Delicious,14.359371315694029,3.138278408526611,10.885387403934871,3.567079494922033,4,fresh_standard,1.5,8.295102390152554,1.75,0.0
Braeburn,12.427276430766018,3.678430552942711,13.694576948611395,2.2552159774721794,4,fresh_standard,1.85,8.852036528378234,1.75,0.0
McIntosh,12.656354674865966,2.583671533911411,9.253872115348353,3.6273171330827987,3,juice,1.5,9.91870190148079,0.06,1.44
Cortland,11.72620347331299,2.6821887480693802,11.913629341181755,2.809754370059248,3,juice,1.5,24.602269374378828,0.06,1.44
Red Delicious,11.233132773854642,2.887280768283541,9.062113752070312,2.702576790781209,4,juice,1.25,17.296184101730073,0.06,1.19
Jazz,15.13523611752839,3.5613735684887704,13.63557065971389,3.914907688737536,4,fresh_premium,3.0,23.671724742163093,2.8,0.0
Cameo,14.42597080462918,3.311329631961876,12.354601372671318,4.501953668842783,4,fresh_standard,2.15,8.976726144151883,1.75,0.0
Ambrosia,15.33857391809979,3.608984182097606,11.174185533591544,4.6521701214390765,4,fresh_premium,2.5,5.87065673442903,2.8,0.0
Pink Lady,14.005007060828516,3.619040301042446,14.871166629625867,4.276244977208574,5,fresh_standard,3.0,16.11222042159252,1.75,0.0
Braeburn,11.996182881234386,3.7070342902347324,13.811428848361896,2.82189276230919,4,fresh_standard,1.85,4.124878817001322,1.75,0.0
Golden Delicious,12.718296102069749,3.0370655600502845,10.33307702699454,3.9310504540829845,4,fresh_standard,1.5,1.3559271469184235,1.75,0.0
Jazz,14.169764753459752,3.4638222629495576,13.6814060560224,4.477652604285256,4,fresh_premium,3.0,14.24612253597161,2.8,0.0
Golden Delicious,13.681977802199583,2.9850331069016103,11.991290353348699,3.5204048577368883,4,fresh_standard,1.5,4.720205888706231,1.75,0.0
Cameo,14.420626793524995,3.613318814193416,12.526589823994563,3.4339967007793692,4,fresh_standard,2.15,6.620061323273184,1.75,0.0
Pink Lady,13.94716145229898,3.6938565929155094,14.146391847536886,3.6535474011020463,5,fresh_standard,3.0,0.6202684348321754,1.75,0.0
Golden Delicious,14.59426285652393,2.884707600839651,10.46603792879367,3.810796865834871,4,fresh_standard,1.5,13.547778303680309,1.75,0.0
Cameo,14.592534988146147,3.3782295094209625,11.6200680480249,3.131276729785343,4,fresh_standard,2.15,10.144677007124553,1.75,0.0
Honeycrisp,14.812511522797433,3.7752704303189084,12.156912762684533,3.9200307350182864,3,fresh_premium,3.24,0.41727212717565304,2.8,0.0
Honeycrisp,15.578307610920822,3.6961573332670703,12.092005284043505,4.436160318360339,3,fresh_premium,3.24,4.6278511002436975,2.8,0.0
Cameo,13.009657034639691,3.5705215214329353,12.284220470051043,3.7813868468890806,4,fresh_standard,2.15,2.2489396087992746,1.75,0.0
Honeycrisp,16.0118908082253,3.6739424027061682,13.826481105112943,4.010501920816379,3,fresh_premium,3.24,2.3948149349344345,2.8,0.0
Golden Delicious,13.68329798195422,3.1738711974241793,10.408512935872793,3.674568418603691,4,fresh_standard,1.5,2.1813136421354478,1.75,0.0
Gala,13.375917432680964,3.157119938725649,11.500935797584997,3.7841792460868726,3,fresh_standard,1.75,2.5990539120417444,1.75,0.0
Gala,12.23019092231811,2.8986399961016596,12.742828068381709,3.8641103559294026,3,fresh_standard,1.75,5.839229883345892,1.75,0.0
Braeburn,13.55829429969391,3.7157518969867604,14.295039591140327,3.8298099117741558,4,fresh_standard,1.85,0.9296352899619693,1.75,0.0
Fuji,15.279308039480187,3.8776191181820274,12.48576901989664,4.208384547471287,4,fresh_premium,2.0,5.19740847616342,2.8,0.0
Granny Smith,11.687580089743014,3.5088102646488997,15.94831589175816,2.9921841680678165,4,fresh_standard,1.75,40.94790766610068,1.75,0.0
Honeycrisp,13.9464720412847,3.7176591176539775,12.346588640141691,3.5863845282238387,3,fresh_premium,3.24,6.176293433653791,2.8,0.0
Honeycrisp,14.787845759668022,3.6224264428951884,13.909730561326388,4.112046240905208,3,fresh_premium,3.24,9.885936903672963,2.8,0.0
Fuji,16.14167427623404,3.964056739705525,13.494389830644128,4.1141183865112065,4,fresh_premium,2.0,3.385841580453673,2.8,0.0
Honeycrisp,14.72718152445813,3.628315169808921,13.320394753435462,4.345071995855556,3,fresh_premium,3.24,0.40105730100015424,2.8,0.0
Gala,11.581526549355727,2.9873425500760566,11.575265458087356,3.532960466599909,3,fresh_standard,1.75,10.484200498860961,1.75,0.0
Granny Smith,10.75477284841106,3.8265611765325147,16.940148913333413,3.4335124638325474,4,fresh_standard,1.75,16.60619337729086,1.75,0.0
Golden Delicious,13.892794002420484,3.261088615090596,10.033343101199266,4.263542097757142,4,fresh_standard,1.5,3.639868779777241,1.75,0.0
Gala,13.517608039362635,2.9320429156545247,11.35851122381558,3.362120221654884,3,fresh_standard,1.75,18.147392606929003,1.75,0.0
Fuji,16.816496457020644,3.847741153963894,14.441170031166681,3.7608620387341345,4,fresh_standard,2.0,6.658699190636978,1.75,0.0
Cameo,14.359996608758005,3.53409853074587,11.641126448721849,4.217318832852025,4,fresh_premium,2.15,1.6823249335612498,2.8,0.0
Gala,12.597480197241953,2.893285182759884,11.548143178684382,3.267721610126291,3,fresh_standard,1.75,21.90312223203741,1.75,0.0
McIntosh,12.826641672251174,2.709622907011965,9.235877349748467,1.4802637753128949,3,juice,1.5,1.0194117612026534,0.06,1.44
Fuji,17.318533115884605,3.6371094832072406,12.487982445316455,3.3812373626091907,4,fresh_standard,2.0,29.008597273257944,1.75,0.0
Granny Smith,11.295088834662947,3.96830633810761,16.26154084034524,3.502537915396491,4,fresh_standard,1.75,0.09128573888656558,1.75,0.0
Honeycrisp,16.022640936703766,3.581362562315505,12.797009468794746,4.17087798788858,3,fresh_premium,3.24,7.167791122084008,2.8,0.0
Fuji,17.78539787688281,3.901097351621854,13.069788527958616,3.2573615460896232,4,fresh_standard,2.0,1.4292638847523382,1.75,0.0
Braeburn,12.008599632506527,3.475353926734476,13.389680983310729,3.2786363365811226,4,fresh_standard,1.85,4.257475551903927,1.75,0.0
Granny Smith,11.720165873433231,3.9413458345858734,15.112448589701945,3.733025437538101,4,fresh_standard,1.75,1.501838337478074,1.75,0.0
Honeycrisp,15.89103143063582,3.769992717048961,13.081270243220214,3.7644808471908386,3,fresh_premium,3.24,1.4946006606751654,2.8,0.0
Jazz,15.157033308645358,3.593248148858682,13.291621625310412,3.800181907192699,4,fresh_premium,3.0,16.227425772487937,2.8,0.0
Golden Delicious,14.727269972662395,2.9218643007014324,10.82188510470022,3.6458550365964193,4,fresh_standard,1.5,15.796610985976002,1.75,0.0
Pink Lady,14.46311228029328,3.3003795760661436,15.0889781959217,4.062612251323953,5,fresh_standard,3.0,21.209228164897418,1.75,0.0
Pink Lady,13.909775680859534,3.6553343208382176,14.813815921445741,4.4703855939941075,5,fresh_standard,3.0,8.636672504679805,1.75,0.0
Cosmic Crisp,16.050549090942013,3.7433708256076166,10.429880757181513,4.726692238558851,4,fresh_premium,2.93,13.606588031607416,2.8,0.0
McIntosh,11.39230674628732,2.628667146511894,9.566593055995405,1.8933273784227116,3,juice,1.5,12.131423809886034,0.06,1.44
Ambrosia,14.428933643696395,3.4841853641845217,11.56136643103195,4.213597180935842,4,fresh_premium,2.5,7.802417880895128,2.8,0.0
Honeycrisp,15.4293739471991,3.6390545777934777,13.880460482849916,3.2027861706028165,3,fresh_standard,3.24,9.003988138795599,1.75,0.0
Braeburn,12.243837599091677,3.618039688434388,14.682192341232202,3.8108610212179856,4,fresh_standard,1.85,8.116397998589237,1.75,0.0
Pink Lady,13.505792133785775,3.4592739504124976,15.206897186762756,3.640796367215401,5,fresh_standard,3.0,8.26214260143961,1.75,0.0
McIntosh,11.480963271175128,2.5634512730028165,9.961883216168607,1.377858182663321,3,juice,1.5,13.555751028413152,0.06,1.44
Honeycrisp,15.139585209399224,3.6737342160573987,13.70601891093472,3.753499532670584,3,fresh_premium,3.24,2.8415244458114652,2.8,0.0
Gala,12.726710907732944,3.097195557979751,12.249748199213998,2.9441713220110772,3,fresh_standard,1.75,9.084512334188313,1.75,0.0
Pink Lady,13.79080838959908,3.62527978739483,15.726667299143651,4.139497081111901,5,fresh_standard,3.0,7.674994260264465,1.75,0.0
Fuji,15.210315877653677,3.8811892254770464,12.970591237456475,4.11619175799184,4,fresh_premium,2.0,6.381663846557595,2.8,0.0
Ambrosia,14.466559530792292,3.3571864332804133,12.234133032235603,3.168754005982163,4,fresh_standard,2.5,9.841262057820114,1.75,0.0
Golden Delicious,13.877526139149104,3.2559953391685292,10.834765883600946,3.385476668268092,4,fresh_standard,1.5,1.129682623868175,1.75,0.0
Cameo,14.019854966692924,3.5591808013117188,12.895247317041335,2.7562626283518563,4,fresh_standard,2.15,9.75967555656707,1.75,0.0
Gala,13.156344719503654,2.8836091199907234,11.484044159961755,3.7387562299680854,3,fresh_standard,1.75,1.6833026635169877,1.75,0.0
Gala,12.734194027393531,2.9795925023669247,12.24258489809922,3.3697897697453776,3,fresh_standard,1.75,8.993309136890183,1.75,0.0
Red Delicious,12.826052569727803,2.9918618086457673,9.192251703464303,2.870436146446938,4,juice,1.25,1.39666378613531,0.06,1.19
Cosmic Crisp,13.356040904752355,3.9252292746624673,11.4651441944205,3.777248739299614,4,fresh_standard,2.93,4.081469825093086,1.75,0.0
Gala,13.127542998957953,2.996737970289139,12.937074663399784,4.234141329451177,3,fresh_standard,1.75,5.504940203134058,1.75,0.0
Red Delicious,11.31782062169204,2.96895321510218,10.084773120380877,3.1059977147965165,4,juice,1.25,6.776994796315043,0.06,1.19
Gala,13.32564551875317,2.953977925629631,12.679603213328853,3.9734340124253116,3,fresh_standard,1.75,14.241728043015545,1.75,0.0
Cosmic Crisp,14.372040943434474,3.5992825771763317,11.317566733421435,4.235707778193202,4,fresh_premium,2.93,20.521128448769126,2.8,0.0
McIntosh,10.991026719298766,2.5292436701698646,9.72637824743245,2.7339364961201,3,juice,1.5,5.489529709153086,0.06,1.44
Red Delicious,11.326217964305123,2.9652381899606217,10.501580462359575,3.5466596092128735,4,juice,1.25,6.110703946322649,0.06,1.19
Granny Smith,11.745394507952698,3.70728047653377,16.826459372558542,2.918153768219195,4,fresh_standard,1.75,9.682022408988972,1.75,0.0
Fuji,17.557842812477983,3.8180810985915805,13.017915801928702,3.390109717368023,4,fresh_standard,2.0,13.673342168122133,1.75,0.0
Cortland,12.579235051806045,2.589654328988054,11.607083553652856,3.9018800714843884,3,juice,1.5,11.380347522784199,0.06,1.44
Honeycrisp,15.69428455593315,3.4825289483638247,13.933309638087339,3.688650240089703,3,fresh_premium,3.24,28.961716828744358,2.8,0.0
Fuji,17.641239037706047,3.906155992206847,12.923312715879447,3.2529059786218055,4,fresh_standard,2.0,2.627694552830484,1.75,0.0
Fuji,15.791584389608813,3.8378849925796126,13.756763051617838,3.2742195650450023,4,fresh_standard,2.0,8.31468630489667,1.75,0.0
Braeburn,12.281512697266447,3.6015428521033837,13.743673569132838,2.992139419124613,4,fresh_standard,1.85,1.4122898344117474,1.75,0.0
Ambrosia,15.909559223225616,3.445081238727591,12.201302133096712,4.143562082600912,4,fresh_premium,2.5,23.03417269321543,2.8,0.0
Ambrosia,15.511692443852501,3.590286857577945,12.66274702877142,3.2079320284972552,4,fresh_standard,2.5,0.2577715439667666,1.75,0.0
Granny Smith,11.430076553575057,3.9304829968884465,16.876362345049444,3.97870626793746,4,fresh_standard,1.75,4.567776864231982,1.75,0.0
Braeburn,12.968028352367686,3.729609553224916,13.964986121055325,3.720506246324361,4,fresh_standard,1.85,3.512280417935832,1.75,0.0
Golden Delicious,14.2010737451597,3.052912515963344,11.464438412624444,4.104294320358002,4,fresh_standard,1.5,2.2938704243742594,1.75,0.0
Pink Lady,14.696885696102353,3.560654969613292,14.05128413161287,3.4062007904852436,5,fresh_standard,3.0,14.112566585424567,1.75,0.0
Cameo,13.495443283834643,3.431976532581679,11.345514636562175,4.459682564068274,4,fresh_standard,2.15,6.612549796715198,1.75,0.0
Ambrosia,14.515840561177024,3.530426829009082,12.221560142151537,4.484728600263368,4,fresh_premium,2.5,8.067896422915673,2.8,0.0
Golden Delicious,13.382707901733479,3.192246601552473,11.6016361997195,3.5009714188141645,4,fresh_standard,1.5,10.75584885891871,1.75,0.0
Red Delicious,12.352266558254636,2.9847048341608886,9.07672310957595,2.0932631853659016,4,juice,1.25,8.400687394105782,0.06,1.19
Empire,12.840389534678852,3.282726528707333,11.896850311082986,3.417150599203111,3,fresh_standard,1.75,11.584394423424584,1.75,0.0
Gala,12.810465102942329,2.7860281140169314,12.889472517566158,2.1766603657405588,3,juice,1.75,16.981265530907294,0.06,1.69
Braeburn,12.80951444847914,3.3671475793617542,14.897580995383837,3.9767602297671267,4,fresh_standard,1.85,14.12047360170218,1.75,0.0
Granny Smith,10.0,3.8613652541987467,16.15133050599484,3.2403356698469667,4,fresh_standard,1.75,3.8712980038857356,1.75,0.0
Golden Delicious,14.254725273368813,3.070045573085335,11.173203474809121,3.7141836555601557,4,fresh_standard,1.5,2.3065693647100898,1.75,0.0
McIntosh,11.178706172349514,2.5,10.842138972599162,3.647290232585103,3,juice,1.5,15.77636007580913,0.06,1.44
Gala,12.279540136104643,2.8312696540063644,11.263430057158187,3.7204889992845827,3,fresh_standard,1.75,19.982911169332198,1.75,0.0
Gala,11.986884381761236,3.1585626797704314,12.360223770893946,3.496087210862325,3,fresh_standard,1.75,2.3672676380501274,1.75,0.0
Red Delicious,12.855204675231382,2.8574861447826736,9.710579286438637,2.8239090149961372,4,juice,1.25,21.8762952049863,0.06,1.19
Pink Lady,14.917878288842452,3.5527972759046396,15.134032521973335,4.275026049512276,5,fresh_standard,3.0,0.8955087106390793,1.75,0.0
Braeburn,13.29224163921484,3.635948720245868,14.181609067035831,4.006303705785042,4,fresh_standard,1.85,7.69724051944379,1.75,0.0
Pink Lady,13.930709301193561,3.5596219802691,15.757031122602696,4.05268775307298,5,fresh_standard,3.0,2.1302903185996405,1.75,0.0
Empire,11.845347181464163,3.20255019095119,11.47630150968338,4.218146569256811,3,fresh_standard,1.75,2.581671248112702,1.75,0.0
Pink Lady,13.540706637196008,3.188752940760409,15.379053502063122,3.623017705566662,5,fresh_standard,3.0,44.05133163381326,1.75,0.0
Honeycrisp,14.161435422241997,3.710676997620433,12.50048579632919,4.766369456501289,3,fresh_premium,3.24,4.5298111551091855,2.8,0.0
Cosmic Crisp,14.76579471710592,3.68017051635098,11.190155861400509,3.7899065914520715,4,fresh_premium,2.93,17.84590297012224,2.8,0.0
McIntosh,12.505568199319763,2.5590525536485997,10.92763532237636,2.1965675492045973,3,juice,1.5,15.985097044557223,0.06,1.44
Fuji,15.915856470028881,3.3310419898121406,14.460202506166947,4.638373216863867,4,fresh_standard,2.0,57.92422694036066,1.75,0.0
McIntosh,12.864432306301811,2.5,9.206293521756722,3.0300598874686924,3,juice,1.5,16.97602604565759,0.06,1.44
Golden Delicious,14.18028411556474,3.0316807172714966,11.631911578830413,2.9353863796001725,4,fresh_standard,1.5,4.40161060076273,1.75,0.0
Fuji,14.88372875039113,3.9114477125078206,13.2021125005034,2.6765206712695395,4,fresh_standard,2.0,4.624040762330013,1.75,0.0
Cosmic Crisp,13.746370049557436,3.7529698636576527,11.206304218932777,4.098277388255787,4,fresh_premium,2.93,18.140868506209323,2.8,0.0
McIntosh,11.90071900786502,2.680765791041121,9.804589356152638,3.82974512451924,3,juice,1.5,4.19272826189959,0.06,1.44
Gala,12.395838908151603,2.9147418016745226,11.671220908539686,3.491697352343458,3,fresh_standard,1.75,17.453473539422617,1.75,0.0
McIntosh,11.294779063665818,2.6589933274207564,10.867230755670189,2.2815782189404334,3,juice,1.5,1.6565108197099514,0.06,1.44
Gala,13.667014399997331,2.961015340112173,11.18413397216495,3.461885255230787,3,fresh_standard,1.75,2.3728283080935126,1.75,0.0
Cameo,13.23971800015711,3.4309870961872764,11.096928464951645,4.005068464870408,4,fresh_standard,2.15,24.171458046343446,1.75,0.0
Gala,12.09609127689223,2.6979651486642826,11.151167227708134,2.7084516832407397,3,juice,1.75,21.2840496823145,0.06,1.69
Braeburn,12.571969237877433,3.655677466469872,14.059067230044915,3.8218483399348058,4,fresh_standard,1.85,4.640548312913647,1.75,0.0
Ambrosia,15.20508672987749,3.2016446642907126,12.262615106183977,3.6749987095882704,4,fresh_standard,2.5,33.24719988512149,1.75,0.0
Ambrosia,15.180357009091258,3.513479952605665,12.863507438865632,4.396744360276107,4,fresh_premium,2.5,8.686145236225727,2.8,0.0
Honeycrisp,14.747485709431402,3.7556853346483288,13.880917168705828,4.7930084080726765,3,fresh_premium,3.24,0.5802696384483621,2.8,0.0
Ambrosia,14.3353562041337,3.4499825555895165,12.268208062752663,3.428136896339669,4,fresh_standard,2.5,3.7682913549052626,1.75,0.0
McIntosh,12.609273554666673,2.757729802782034,9.240541926257213,2.441390520998886,3,juice,1.5,0.10727461016831105,0.06,1.44
Gala,13.02672745428381,2.8172961748475154,12.264564307275279,3.5020253039582965,3,fresh_standard,1.75,9.14547542460641,1.75,0.0
Empire,13.230255534109299,3.14637358763356,10.725166425189354,3.361603000016175,3,fresh_standard,1.75,5.374687557404199,1.75,0.0
Golden Delicious,13.376049724998056,3.048756310509981,11.437398531945592,4.462603464985158,4,fresh_standard,1.5,3.079491184502587,1.75,0.0
Golden Delicious,13.621226608664902,2.748306706790878,10.960367030523775,2.680986922744019,4,juice,1.5,25.67671331856038,0.06,1.44
Golden Delicious,12.987291206403887,3.278715300720738,11.03603069781704,3.4772641509699014,4,fresh_standard,1.5,0.21376685292130954,1.75,0.0
Braeburn,12.58093950065171,3.507775927232676,14.937888794348583,4.580858059559892,4,fresh_standard,1.85,20.024432879603733,1.75,0.0
Cosmic Crisp,12.989847893260881,3.9667210024401065,10.37026585767724,3.681306436346741,4,fresh_standard,2.93,0.6972592739476131,1.75,0.0
Gala,11.450768417463923,2.7930757412048184,12.143491966287497,3.833307587805349,3,juice,1.75,26.336215041162344,0.06,1.69
Cosmic Crisp,14.620345753038713,3.798337500116122,11.82882389184992,3.8454139382656805,4,fresh_premium,2.93,8.340933410349736,2.8,0.0
McIntosh,12.892936812317556,2.7185892317856912,9.84126047375764,3.5545740813269635,3,juice,1.5,7.353354282585661,0.06,1.44
Gala,12.919307706957252,2.9133338681481606,12.402279188834948,3.3791050796314894,3,fresh_standard,1.75,0.7368409635684103,1.75,0.0
Fuji,16.193542905783158,3.7520772830235662,13.355218427944331,3.530718741128651,4,fresh_premium,2.0,15.296439433665466,2.8,0.0
Honeycrisp,14.306887773375486,3.545653239550653,12.711945357302524,4.7255718038975205,3,fresh_premium,3.24,16.409351832266424,2.8,0.0
McIntosh,11.87164619507449,2.510632348007443,9.872428834240091,2.8175954185522256,3,juice,1.5,4.088064868466333,0.06,1.44
Cosmic Crisp,14.971081788542685,3.8376414172032596,10.97884992728628,3.242127942501384,4,fresh_standard,2.93,1.3936119883380576,1.75,0.0
Granny Smith,10.0,3.7448446872730963,15.686550978128896,3.551666520955387,4,fresh_standard,1.75,0.9700608578105192,1.75,0.0
Gala,13.485390434458605,2.5,12.894181334217038,3.332622241800915,3,juice,1.75,68.05751219889282,0.06,1.69
Pink Lady,14.84743835341637,3.19287173423227,15.336425597110033,4.447462188472221,5,fresh_standard,3.0,31.612034272953352,1.75,0.0
Honeycrisp,15.889576977036983,3.6294576064687685,12.54166450252415,4.737678108474776,3,fresh_premium,3.24,1.8912851711321648,2.8,0.0
Cosmic Crisp,15.837909222834746,3.642432368564537,11.47606723285274,3.7801344708629125,4,fresh_premium,2.93,20.1962063822053,2.8,0.0
Jazz,15.54511370944323,3.621891527464587,12.263457546909123,3.5909005582888462,4,fresh_premium,3.0,3.034127313563832,2.8,0.0
Granny Smith,11.376134368314199,3.755944265304705,15.25223064475082,3.9762910802862894,4,fresh_standard,1.75,7.467463171522045,1.75,0.0
Ambrosia,15.493460609520499,3.247338123053348,12.711392187675079,3.645796616544769,4,fresh_standard,2.5,22.081574405370667,1.75,0.0
Cortland,12.434462466361552,2.7682815585964353,10.540116932203112,3.748844934348813,3,juice,1.5,8.14292932747893,0.06,1.44
Braeburn,13.988555972744269,3.6185938897323964,14.882557857813596,3.772151314105531,4,fresh_standard,1.85,3.6867829922359565,1.75,0.0
Gala,12.295770152022495,3.1701327715327143,11.574923329794501,3.7334955174007574,3,fresh_standard,1.75,0.5338954469916886,1.75,0.0
Cortland,12.518707514447952,2.763575623267294,10.88309457775966,2.259686193885635,3,juice,1.5,7.2079258540738325,0.06,1.44
Ambrosia,15.539196941702796,2.991803007080108,11.944986710013026,3.9357312442805346,4,juice,2.5,41.359895960002824,0.06,2.44
Gala,13.112489147441632,2.753352780267362,11.528552526317279,4.0981152640794845,3,juice,1.75,25.422075819010015,0.06,1.69
Red Delicious,12.409455504724974,3.003985043585733,9.157397153415019,2.7556442380466546,4,juice,1.25,5.292622181711275,0.06,1.19
Ambrosia,15.004961214707908,3.6160122760230267,12.034892703510083,3.865734676047084,4,fresh_premium,2.5,4.534906865588917,2.8,0.0
Gala,13.178312811449008,3.0257260500671466,11.050386827918459,3.13265795929535,3,fresh_standard,1.75,0.4118750595694294,1.75,0.0
Cosmic Crisp,13.421850553321285,3.8246934118353244,10.544290274459925,4.083226104106528,4,fresh_standard,2.93,10.01363697345023,1.75,0.0
Honeycrisp,15.20469559880993,3.595906954710968,12.71898230243951,3.8911593983863897,3,fresh_premium,3.24,1.4388795539029895,2.8,0.0
Gala,13.530864111353992,2.940569819812072,12.41325973975742,4.220047373856117,3,fresh_standard,1.75,22.765847094790317,1.75,0.0
Cosmic Crisp,14.222028940626169,3.8507993956607045,10.594698014745102,3.6345349800290405,4,fresh_premium,2.93,6.003620484245429,2.8,0.0
Cortland,11.737171633287304,2.66760267654442,10.283222701235799,2.443880513538502,3,juice,1.5,4.678464318667654,0.06,1.44
Red Delicious,13.201432016141288,2.840678009791251,10.53954461477117,3.38446940674217,4,juice,1.25,3.6128490595928575,0.06,1.19
Cosmic Crisp,14.092558865148806,3.982665896363321,10.273637261837923,3.734501522499091,4,fresh_premium,2.93,0.702476502911083,2.8,0.0
Golden Delicious,14.876509718962952,3.1668010633502774,10.68445104955781,4.389176461061922,4,fresh_standard,1.5,10.194365611778085,1.75,0.0
Fuji,15.638425072608854,3.9141748487448793,12.077068934608224,3.584589619767236,4,fresh_premium,2.0,1.8853618005329051,2.8,0.0
Cosmic Crisp,14.854215266450572,3.8102180667404064,11.083801894756716,4.594508265553776,4,fresh_premium,2.93,8.726817290949638,2.8,0.0
Gala,13.519747962958453,2.8051483820738747,11.625814788427297,2.3740683763748756,3,fresh_standard,1.75,36.26190861720677,1.75,0.0
Cameo,13.473396450601522,3.5056128133333906,11.457341502769207,3.050496964038055,4,fresh_standard,2.15,0.18528990395313996,1.75,0.0
Granny Smith,11.664773728725256,3.658056465164165,16.882668785573802,2.82436762345337,4,fresh_standard,1.75,5.295741788075499,1.75,0.0
Gala,12.770549011087292,2.955738756402707,12.40910885605489,3.469877229774953,3,fresh_standard,1.75,5.139759138744405,1.75,0.0
Honeycrisp,15.5657181504761,3.693965479591539,13.925296829355851,3.4987353176810956,3,fresh_standard,3.24,3.2654811863114555,1.75,0.0
Empire,12.83600419619704,3.2352285841354917,10.56701438054188,4.758932884728048,3,fresh_standard,1.75,22.541174460985467,1.75,0.0
Gala,12.358130263596452,3.0340294473698695,12.841533216926715,3.8753785601876007,3,fresh_standard,1.75,4.643671642007787,1.75,0.0
Golden Delicious,15.106407682429762,3.124703032975317,11.833512006237493,3.7974830126165426,4,fresh_standard,1.5,12.120006785882092,1.75,0.0
Fuji,16.253668972783878,3.80184861904964,12.588737150118497,3.0170201114884634,4,fresh_standard,2.0,16.706014632518276,1.75,0.0
Pink Lady,13.660957563184184,3.6286590238472867,15.595627297717268,3.990181100536659,5,fresh_standard,3.0,0.7000684637744137,1.75,0.0
Fuji,15.846457400755888,3.773310628159903,13.20438533726713,2.920601117886075,4,fresh_standard,2.0,19.465269007961112,1.75,0.0
Pink Lady,12.987198925856763,3.566351739739163,14.431350304795433,3.1535215929023073,5,fresh_standard,3.0,11.879175624204636,1.75,0.0
Cosmic Crisp,13.480419240194104,3.5883968607261947,11.598831757937958,3.438638989218851,4,fresh_standard,2.93,32.96621277767666,1.75,0.0
Cosmic Crisp,14.871408018102107,3.7229904272266827,10.165597335850252,4.723488942176866,4,fresh_premium,2.93,12.322453209093108,2.8,0.0
Golden Delicious,14.191608964488035,2.6112975728227017,10.902260139595683,3.7488637344732747,4,juice,1.5,45.21318045769716,0.06,1.44
Golden Delicious,13.386027955139932,3.119757481384808,11.190829603240218,3.2102540963236894,4,fresh_standard,1.5,8.50438643540198,1.75,0.0
Cameo,14.952641827853979,3.522067997407304,12.911960117652145,3.3814277193224207,4,fresh_standard,2.15,0.4464275173533945,1.75,0.0
Cosmic Crisp,15.772859945406491,3.8660394594388143,10.078853622737011,3.8061492200320077,4,fresh_premium,2.93,3.9098577021723018,2.8,0.0
Honeycrisp,14.65804980776875,3.6836509046762047,12.675990313703071,5.0,3,fresh_premium,3.24,4.2810261442511175,2.8,0.0
Fuji,16.315996717847124,3.6404598447558767,12.17064419333294,3.283213662819626,4,fresh_standard,2.0,27.263752954354054,1.75,0.0
Honeycrisp,14.368737678968023,3.702348631129894,12.749225229252943,3.550792664325821,3,fresh_premium,3.24,7.6060679905529,2.8,0.0
Honeycrisp,15.42041055336861,3.597729322042365,13.403933754515407,4.048497982496359,3,fresh_premium,3.24,4.979818675611507,2.8,0.0
Gala,13.478031140457633,3.1130628304945667,11.12505259148569,2.955346291911848,3,fresh_standard,1.75,3.197100945712444,1.75,0.0
Granny Smith,11.057580942871763,3.7267943841790214,,4.483015839362564,4,fresh_standard,1.75,7.155846718672418,1.75,0.0
Empire,12.692491541855196,3.4008218253367195,10.25807281777885,5.0,3,fresh_standard,1.75,5.519689472436302,1.75,0.0
McIntosh,11.808554024511368,2.502663717665132,9.253311745694388,3.235775402321841,3,juice,1.5,8.89006413735262,0.06,1.44
Gala,13.655806541453147,2.762467701991594,12.96073748188437,3.2551394965038676,3,juice,1.75,15.10056877070906,0.06,1.69
Gala,12.753668253505307,3.0209224735096925,12.370887766443802,2.548410012657225,3,fresh_standard,1.75,6.938663315181398,1.75,0.0
Honeycrisp,14.796785702320406,3.576692686973345,13.754746143855911,4.638832447894212,3,fresh_premium,3.24,8.027541190214876,2.8,0.0
Braeburn,13.343517657217733,3.6220959870962512,14.034263784021276,3.4250678687899594,4,fresh_standard,1.85,2.7360802655942322,1.75,0.0
Granny Smith,10.43543544331859,3.381370831223022,16.35279673782001,4.588044619109254,4,fresh_standard,1.75,36.85057678818887,1.75,0.0
Golden Delicious,13.030501609108214,3.10509387123741,10.910789810495881,3.5487670532337194,4,fresh_standard,1.5,12.354501489768733,1.75,0.0
Empire,13.411677537924845,3.2295468730102823,10.728242113683011,3.3290978373546793,3,fresh_standard,1.75,1.9323923332935975,1.75,0.0
Ambrosia,15.073515953171581,3.2932339310251315,11.280048195106636,3.7256375461295193,4,fresh_standard,2.5,32.47673665959655,1.75,0.0
Gala,13.236212743128082,2.7380811771165665,12.902846441691132,3.378211617562606,3,juice,1.75,21.448535451518143,0.06,1.69
Red Delicious,12.407556997006301,3.0548269910332486,,3.701371349108893,4,fresh_standard,1.25,1.2927178434698874,1.75,0.0
Ambrosia,15.328241643891651,3.07506817255054,12.144097286738601,4.13016091938561,4,fresh_standard,2.5,33.937467824296604,1.75,0.0
Fuji,14.90826277302859,3.9137185730027677,12.380472067651256,3.1509307799647677,4,fresh_standard,2.0,1.5863836746886082,1.75,0.0
Fuji,16.06857494033784,3.722729797773558,14.649820804278672,3.4633976168867697,4,fresh_standard,2.0,22.729805574721777,1.75,0.0
Gala,13.33694861256886,3.019290508121635,12.348039838117586,4.085490031606826,3,fresh_standard,1.75,2.377952381875633,1.75,0.0
Jazz,15.720376108061245,3.7827920370610655,13.164845316414493,4.834952252175703,4,fresh_premium,3.0,8.48333696210045,2.8,0.0
Golden Delicious,13.241331509248814,3.075029656784732,11.62628400896345,3.5157228516644214,4,fresh_standard,1.5,0.5369523280581069,1.75,0.0
Pink Lady,14.766411776683436,3.50460792612739,15.615691883882517,3.2035031332341655,5,fresh_standard,3.0,0.7195136073162983,1.75,0.0
Gala,12.626986731520308,3.0529949482167185,11.580091063924874,3.7520566942711047,3,fresh_standard,1.75,14.135840281196996,1.75,0.0
Gala,12.058718284206872,3.0607331230812935,12.865849725139345,4.371956397992621,3,fresh_standard,1.75,3.0053289067824744,1.75,0.0
Golden Delicious,14.377790669211366,3.2566503671628597,10.640032226174784,3.899761803226114,4,fresh_standard,1.5,3.9029853022980534,1.75,0.0
Cosmic Crisp,13.805525488629243,3.880360576966051,11.6131222957229,3.5838222134478857,4,fresh_premium,2.93,0.46821239277954846,2.8,0.0
Honeycrisp,14.873594362873197,3.660672008336012,13.14012234017873,3.585502494538964,3,fresh_premium,3.24,1.2053912139846927,2.8,0.0
Red Delicious,12.099438853810625,2.99613623461286,10.741935199725084,3.8327633390382316,4,juice,1.25,1.26086835200115,0.06,1.19
Granny Smith,11.463522307539737,3.6540207649464325,15.551133552618357,2.384397937003966,4,fresh_standard,1.75,4.95801432353727,1.75,0.0
Braeburn,13.593513965700692,3.4159436804613095,13.536094374757276,4.084173349656708,4,fresh_premium,1.85,15.80532535921241,2.8,0.0
Braeburn,13.197933820396363,3.544736051854917,13.234128825963726,3.509418677574655,4,fresh_standard,1.85,5.412307227728146,1.75,0.0
Fuji,17.114074997599342,3.9026050863044257,13.66973528550646,3.1616315071650543,4,fresh_standard,2.0,8.446375924131802,1.75,0.0
Honeycrisp,14.511562616469377,3.60621871409245,13.062709263136297,3.746528412314435,3,fresh_premium,3.24,1.6475990155667297,2.8,0.0
Jazz,14.137580422014782,3.5796352840456938,12.744334047675027,3.60755084345888,4,fresh_premium,3.0,3.1892620643003506,2.8,0.0
Cameo,14.793969351084199,3.455617429109631,12.346016332577355,4.171179400492527,4,fresh_premium,2.15,4.088848150076158,2.8,0.0
McIntosh,11.354128164579603,2.5236512988400133,10.94180942289974,2.7817243629278954,3,juice,1.5,4.048906435880678,0.06,1.44
Jazz,15.104607556365695,3.584856261338603,12.243002752601836,4.361190678913886,4,fresh_premium,3.0,20.61446433115593,2.8,0.0
Braeburn,13.824473397842658,3.6209040063609423,,3.297862923928917,4,fresh_standard,1.85,0.6534248038480917,1.75,0.0
Fuji,15.35020633281052,3.8326686463971646,14.106322362341377,2.893641068042652,4,fresh_standard,2.0,15.22759942254089,1.75,0.0
Ambrosia,14.914788643057248,3.6001218271366584,12.943065381802102,4.079928195998701,4,fresh_premium,2.5,4.869657232099602,2.8,0.0
Cortland,11.972470307012921,2.8865615610406494,10.230021873656195,3.114645044000003,3,juice,1.5,10.763290482856556,0.06,1.44
Honeycrisp,14.28371905077011,3.6912583833296684,13.59659035793355,4.162083176244221,3,fresh_premium,3.24,4.316872615150692,2.8,0.0
Fuji,16.310256215217517,3.782888712840086,13.175227351686834,2.7956720213546165,4,fresh_standard,2.0,11.722249657953292,1.75,0.0
Braeburn,13.013152077841927,3.3550649072133574,14.868065982261278,3.6859368676283806,4,fresh_standard,1.85,22.886517205275506,1.75,0.0
Fuji,16.71388916671421,3.711899845982524,13.756691186379905,3.423407191089086,4,fresh_standard,2.0,26.993819649542953,1.75,0.0
Cameo,14.406936692166354,3.5618024266238866,11.823893097224527,2.6707894587845376,4,fresh_standard,2.15,2.836441192584618,1.75,0.0
Golden Delicious,14.579002289014332,3.1941620676080134,10.971771212379226,3.9208968691548285,4,fresh_standard,1.5,7.8707260606076845,1.75,0.0
Gala,14.206498346579782,3.115774710670066,12.496768699352463,3.212304219560454,3,fresh_standard,1.75,1.388931448469217,1.75,0.0
Cameo,13.277057782021554,3.6185646902818376,12.276279805032539,3.655261883146353,4,fresh_standard,2.15,6.882911569282987,1.75,0.0
Fuji,16.888947835581146,3.9096539752922777,13.075864745860773,4.192154205990155,4,fresh_premium,2.0,5.287904170316771,2.8,0.0
Fuji,15.679898426311091,3.9258940894414733,12.62649280648377,2.400990651676384,4,fresh_standard,2.0,4.028936906992657,1.75,0.0
Cosmic Crisp,13.236645839223536,3.3301504189371527,10.067891957171598,3.6008513777307734,4,fresh_standard,2.93,58.51528761656979,1.75,0.0
Gala,13.706928412729498,2.577247963513294,12.097717330154712,2.752569574132169,3,juice,1.75,39.69541312324312,0.06,1.69
Gala,12.802685260191655,2.8874644529123343,12.017781111182112,3.932937503075686,3,fresh_standard,1.75,5.662435996412856,1.75,0.0
Fuji,17.449902090331303,3.9796413683908463,12.75693578120906,2.6979647366744417,4,fresh_standard,2.0,0.5047354052048953,1.75,0.0
Granny Smith,11.843408167745782,3.65058182661873,15.072922101651237,4.477785278667679,4,fresh_standard,1.75,19.19482755887859,1.75,0.0
Cortland,10.74921837705753,2.701843247067969,,2.9591050455876977,3,juice,1.5,11.21447386099571,0.06,1.44
Fuji,15.792850501933946,3.8043259822496527,12.45429694310989,4.267711201856096,4,fresh_premium,2.0,16.54572963008643,2.8,0.0
Gala,12.996982258090357,2.5,12.468887864151183,4.080910796319717,3,juice,1.75,60.44147186043234,0.06,1.69
Ambrosia,15.376032792458377,3.2932020437068066,12.033145256891958,4.887655446304756,4,fresh_standard,2.5,17.936610477084535,1.75,0.0
Gala,12.346995280764355,3.0519354764579556,12.454113523230781,2.7460958634324464,3,fresh_standard,1.75,0.696244072573011,1.75,0.0
Honeycrisp,15.653957472128024,3.648324776461429,13.671960241024411,3.990743432003805,3,fresh_premium,3.24,1.9481181748310794,2.8,0.0
McIntosh,12.164658421429746,2.5,10.734709278230715,2.38716383807968,3,juice,1.5,12.38472005559095,0.06,1.44
Cameo,13.880709516243929,3.4619424535732013,11.401129319176139,3.422872224048826,4,fresh_standard,2.15,21.05805786073696,1.75,0.0
Gala,13.710344615541796,2.9273152527308004,12.313512126949114,3.468127608189473,3,fresh_standard,1.75,0.3225852154060481,1.75,0.0
Granny Smith,11.996963352758076,3.7609690542027505,15.601932639263243,3.2942726830654614,4,fresh_standard,1.75,5.295216724374391,1.75,0.0
Braeburn,14.072446112862698,3.4861775866795774,13.127202872755594,4.8654952565885825,4,fresh_premium,1.85,16.493824369740896,2.8,0.0
Fuji,17.564631951119736,3.834901893400633,13.543383983219682,3.9092416940375787,4,fresh_premium,2.0,6.856537702197355,2.8,0.0
Honeycrisp,15.349494493665587,3.6152929039972457,12.14113749480086,3.143432735454561,3,fresh_standard,3.24,2.3755693562362987,1.75,0.0
Gala,13.978888786621056,2.818078032741208,11.326070673863182,3.7040307767413343,3,fresh_standard,1.75,16.433311177315947,1.75,0.0
Fuji,17.036966274086307,3.8612239562802997,13.949364140292898,3.0183053336294945,4,fresh_standard,2.0,8.298674718767224,1.75,0.0
Fuji,16.91565596691709,3.869201975477529,14.186817600315472,4.683525306073885,4,fresh_standard,2.0,8.379208321549434,1.75,0.0
Braeburn,12.863929012639277,3.6132797573575575,13.84874405210727,3.118754071862758,4,fresh_standard,1.85,4.034681565204138,1.75,0.0
Honeycrisp,15.173180658965284,3.5997439259706345,12.495461979002314,4.248999145622725,3,fresh_premium,3.24,3.2417684312865083,2.8,0.0
Granny Smith,11.564441100646034,3.8247075270763937,16.076726204202046,2.908676239567442,4,fresh_standard,1.75,4.274382809073824,1.75,0.0
Braeburn,13.864989783369882,3.5637255112899062,14.849317219164494,2.3881889102614586,4,fresh_standard,1.85,1.9641826506420756,1.75,0.0
McIntosh,12.017690095309774,2.6358863960342966,9.362500511103104,1.0954087155812022,3,juice,1.5,4.5427819690545785,0.06,1.44
Granny Smith,10.018889699921013,3.385943945724845,15.47963990441318,4.313950031496789,4,fresh_standard,1.75,53.863866684970496,1.75,0.0
Gala,12.561778346328689,2.9136390673038806,11.537067512135215,3.7232632835641177,3,fresh_standard,1.75,4.38388164165674,1.75,0.0
Cameo,13.321919370732116,3.191700267634839,12.86882158914243,3.209829716266738,4,fresh_standard,2.15,22.98717475600946,1.75,0.0
Cameo,14.557022546647302,3.503808825320338,11.806077515814264,3.5813380498488256,4,fresh_premium,2.15,1.4042897624082702,2.8,0.0
Cameo,13.832824880123484,3.4466687351295864,12.231105246386358,3.3637363953314443,4,fresh_standard,2.15,11.303933532880814,1.75,0.0
Honeycrisp,16.321703032418014,3.6305919276628376,12.770195457203851,4.4248010485105125,3,fresh_premium,3.24,1.3829634431308866,2.8,0.0
Gala,12.356866750573614,3.013024060315341,12.655012639746442,2.696836520166051,3,fresh_standard,1.75,0.3425651522757978,1.75,0.0
Braeburn,11.939620792631857,3.578906031583963,13.051677944440023,4.055403325701633,4,fresh_standard,1.85,19.571882885604794,1.75,0.0
Gala,13.068952556676813,2.949229624229752,12.226583369774758,4.06478634846049,3,fresh_standard,1.75,4.195312944675591,1.75,0.0
Honeycrisp,14.055561082500974,3.6545534393449466,12.751165905279889,3.496991309250149,3,fresh_standard,3.24,7.215250280723211,1.75,0.0
Granny Smith,10.607276622541773,3.7558822793346955,16.130831879505077,3.2024730967939106,4,fresh_standard,1.75,18.56700398734173,1.75,0.0
Cosmic Crisp,14.432248806628778,3.610399913143186,10.183164146653269,5.0,4,fresh_premium,2.93,27.682539268387686,2.8,0.0
Gala,12.700551630070118,2.7849661386291578,11.76103541973979,3.974223137631027,3,juice,1.75,13.79056267629112,0.06,1.69
Gala,13.476161575445554,3.015862792199441,12.610180636991325,3.603103603876119,3,fresh_standard,1.75,6.132855799895035,1.75,0.0
Granny Smith,10.196672864107963,3.7740431094832436,15.295916668218812,3.2500248166307224,4,fresh_standard,1.75,11.29707603047288,1.75,0.0
Jazz,15.718416273414853,3.6496434592695106,13.312957214663005,4.22230133411007,4,fresh_premium,3.0,4.497860945489304,2.8,0.0
Braeburn,13.978923825962408,3.437450192321717,13.382484258152243,5.0,4,fresh_premium,1.85,7.437508321439221,2.8,0.0
Gala,12.139598498009255,2.7618671281620975,11.875322656296406,2.6893553802751873,3,juice,1.75,15.312658043580608,0.06,1.69
Fuji,15.977120943456747,3.546535891655972,12.0628023534802,3.3186916478104274,4,fresh_standard,2.0,37.53354972346815,1.75,0.0
Gala,13.656678632039544,2.9880782584262815,11.016639884454385,4.3420219820751145,3,fresh_standard,1.75,3.9490197205026827,1.75,0.0
McIntosh,12.704201960693588,2.5327010762502313,9.467218064072474,2.630986359601354,3,juice,1.5,11.311618632057318,0.06,1.44
Fuji,17.07761517953323,3.7555636550574447,14.06793123630807,3.6051720673603542,4,fresh_standard,2.0,21.18202347695558,1.75,0.0
Fuji,16.076443445398002,3.951174791066074,14.734017570235892,4.331809638357706,4,fresh_standard,2.0,2.3533035646829172,1.75,0.0
Red Delicious,12.37211094450598,3.1414231954244656,10.155754162881818,2.3304157164483303,4,juice,1.25,5.4665818421564065,0.06,1.19
Granny Smith,10.477476319089886,3.9633668335732537,16.659131662856737,3.1242108342901957,4,fresh_standard,1.75,1.342670830781798,1.75,0.0
Cortland,11.365554726699186,2.7970562712699922,11.308046155317522,3.024381131136503,3,juice,1.5,7.7943601726563285,0.06,1.44
Cosmic Crisp,14.192942536917542,3.8570487686099924,10.869654677207492,3.8930055778872457,4,fresh_premium,2.93,1.1314701729582906,2.8,0.0
Cameo,13.821855542586466,3.3620267066727614,12.298307929661746,3.9371111861087216,4,fresh_standard,2.15,9.186865871384102,1.75,0.0
Pink Lady,13.753345562159199,3.4683190489522375,14.958363755259462,5.0,5,fresh_standard,3.0,5.985116578458807,1.75,0.0
Braeburn,12.579365641493219,3.6223387242109624,14.56094227676031,3.1939035118098698,4,fresh_standard,1.85,2.9195942512239332,1.75,0.0
Ambrosia,15.709649706531383,3.4539009478193887,12.658573598633511,4.073396505992775,4,fresh_premium,2.5,3.728297255282833,2.8,0.0
McIntosh,11.382618565638113,2.5,9.747211319068118,3.776140066054287,3,juice,1.5,11.06882586256354,0.06,1.44
Honeycrisp,14.269383942953928,3.553257632486826,13.1136025249167,4.153649760438305,3,fresh_premium,3.24,11.138295391732502,2.8,0.0
Gala,12.305160038783672,3.0028665157338885,12.352052576105095,3.6267702153676837,3,fresh_standard,1.75,0.3048601746202351,1.75,0.0
Ambrosia,14.069999726780214,3.3961596297930017,12.16561367016698,4.950595342876504,4,fresh_standard,2.5,5.63048013597861,1.75,0.0
Granny Smith,11.92990221224091,3.6057775630817357,15.843425235051832,4.074674968683743,4,fresh_standard,1.75,9.450546149855406,1.75,0.0
Fuji,15.36365027509659,3.886354702797679,12.000092156536148,4.393467864996974,4,fresh_premium,2.0,9.418853013231987,2.8,0.0
Red Delicious,10.784657414874342,3.1228422050796234,10.05562421659124,2.1751797798821544,4,juice,1.25,3.5062589725374753,0.06,1.19
Braeburn,12.336631100007219,3.3075888400419253,14.763270698350821,2.5506660999521134,4,fresh_standard,1.85,20.366975721761563,1.75,0.0
Golden Delicious,13.517201734123352,2.9515715053541216,10.187118813824672,3.80609448134911,4,fresh_standard,1.5,29.814580715645057,1.75,0.0
Pink Lady,13.690655802785946,3.624392858123405,15.954348368442634,3.505185931714831,5,fresh_standard,3.0,12.885827656735422,1.75,0.0
Cosmic Crisp,16.105139311809072,3.561343276482998,11.698391303130638,4.316465908877755,4,fresh_premium,2.93,34.69835664491751,2.8,0.0
Golden Delicious,14.118717404629065,3.049453200572162,11.131703574821344,3.8113227082640733,4,fresh_standard,1.5,3.143580205799249,1.75,0.0
Honeycrisp,14.044566088804835,3.6322217880598515,12.195668321302003,3.700303677277989,3,fresh_premium,3.24,13.762289403898425,2.8,0.0
Granny Smith,10.754216111959423,3.7562664047646455,15.418194729179229,3.737479309225848,4,fresh_standard,1.75,9.066935563182682,1.75,0.0
Granny Smith,10.067062301580167,3.8625096127892227,15.123893037157975,3.033577109092456,4,fresh_standard,1.75,5.20278931558436,1.75,0.0
Gala,12.924291832514271,3.036458166587761,12.732191267223383,2.7862000045457833,3,fresh_standard,1.75,0.6442553402568435,1.75,0.0
Granny Smith,10.943339613684588,3.9004046866138955,15.105487904324434,3.2763946496288154,4,fresh_standard,1.75,6.898187824161011,1.75,0.0
Honeycrisp,14.536499687697154,3.6260187151361256,12.280168030473048,3.989549203017926,3,fresh_premium,3.24,7.343098604235151,2.8,0.0
Ambrosia,15.542931730414185,3.5878285189471457,12.901062105172407,4.476568316956622,4,fresh_premium,2.5,3.414271728293356,2.8,0.0
Fuji,16.329551467427876,3.8499239094712303,13.014253228098784,4.477499818940567,4,fresh_premium,2.0,14.466855493197848,2.8,0.0
Cameo,13.454989771085746,3.311548935157608,,3.461855876488327,4,fresh_standard,2.15,21.327226596499784,1.75,0.0
Red Delicious,12.635895641246236,3.119871296233638,10.620280181490923,2.789353754497667,4,juice,1.25,0.5055636852009737,0.06,1.19
Fuji,15.213665552973422,3.8724998621116535,12.038692409368576,3.841856214319188,4,fresh_premium,2.0,5.431757466283815,2.8,0.0
Empire,12.568505268955704,3.2873053678494153,11.827454988012919,3.3570597949666294,3,fresh_standard,1.75,7.839603618723551,1.75,0.0
Ambrosia,14.242348248759205,3.1939491720395368,11.633893175582239,2.9240922993353475,4,fresh_standard,2.5,44.2585030936453,1.75,0.0
Gala,13.188006031351028,2.9711445529579095,12.934070550512292,3.347026523867781,3,fresh_standard,1.75,0.14485861372039344,1.75,0.0
Cameo,13.06714244122295,3.410414570751305,12.907407252983417,4.721524121109075,4,fresh_standard,2.15,0.09207812273984886,1.75,0.0
Pink Lady,14.026844178861142,3.42384347874459,15.302465954082985,3.4482053413921143,5,fresh_standard,3.0,12.64422861419053,1.75,0.0
Golden Delicious,13.83215564402905,2.8974782453527537,11.727579245930006,3.2095289032491094,4,fresh_standard,1.5,33.67315458987348,1.75,0.0
Pink Lady,14.516115324345996,3.529201077089225,15.67623057929622,5.0,5,fresh_standard,3.0,1.0061021126280096,1.75,0.0
Cameo,14.570907929983365,3.5453034882326193,11.995897185164528,3.9520516781014585,4,fresh_premium,2.15,8.532576598372877,2.8,0.0
Cameo,13.698092940117203,3.456608758930024,11.040243443706148,3.6262977793529023,4,fresh_premium,2.15,9.638676486402549,2.8,0.0
Honeycrisp,15.576692966699872,3.6213639587739586,12.232145281013832,3.616326218555975,3,fresh_premium,3.24,2.3489903118153324,2.8,0.0
Braeburn,13.243572299224985,3.5887919970498627,13.06497319338033,3.5740878854987566,4,fresh_standard,1.85,5.214929938474136,1.75,0.0
Honeycrisp,14.227991715835202,3.5958012073059633,13.590372389537407,4.155453782799002,3,fresh_premium,3.24,11.012890836523805,2.8,0.0
Cortland,12.8224064815788,2.8647537847878297,10.398164625655916,2.4240083734224487,3,juice,1.5,1.7050715956002995,0.06,1.44
Jazz,14.839655125426182,3.7393395705540122,13.722739992726872,3.2908171335334844,4,fresh_standard,3.0,1.4327005689790264,1.75,0.0
Fuji,17.317001239448853,3.855761315194183,14.02698870662122,4.418117119318011,4,fresh_standard,2.0,11.765381070998153,1.75,0.0
Honeycrisp,14.208139582251919,3.5933098672856927,,4.0062962003908975,3,fresh_premium,3.24,0.8529543037633426,2.8,0.0
Gala,12.59082682790024,3.0417532485176078,12.4369078946451,3.551535803775998,3,fresh_standard,1.75,14.367569459094216,1.75,0.0
Red Delicious,11.707197793197118,3.0615155664241493,10.875100674814677,2.390540262672921,4,juice,1.25,0.5692214580874584,0.06,1.19
Cosmic Crisp,12.883371273153331,3.4079900939773227,11.541824407491644,3.6161012174479357,4,fresh_standard,2.93,39.73163467974408,1.75,0.0
Honeycrisp,15.376399261477665,3.6605533241364956,13.391948412187396,3.855670680539931,3,fresh_premium,3.24,0.9288590786036757,2.8,0.0
Empire,12.626907104390597,3.368175422730617,11.146983527781954,2.495318323728053,3,fresh_standard,1.75,1.362872685020726,1.75,0.0
Cortland,11.970717673970725,2.773892913975191,10.589862271607728,1.2241776420385193,3,juice,1.5,1.8696880581994255,0.06,1.44
Granny Smith,11.791169852698147,3.538164306508531,15.563836711194503,3.686991713602867,4,fresh_standard,1.75,34.10294069906828,1.75,0.0
Gala,13.768728772919022,2.96271579415778,11.400564035735252,3.858336930952031,3,fresh_standard,1.75,15.008045438400286,1.75,0.0
Gala,12.811469147118478,3.0148846811208934,12.345405988417795,4.733926138897725,3,fresh_standard,1.75,12.289385376562178,1.75,0.0
Fuji,16.70783415822272,3.884989627925279,12.361342019989696,3.1788099724594048,4,fresh_standard,2.0,2.317024407520501,1.75,0.0
Cosmic Crisp,13.31955954660815,3.6886995626204113,10.361150690254668,4.3292721363364155,4,fresh_standard,2.93,11.49785726890819,1.75,0.0
Jazz,14.711308079323286,3.6740625126138626,12.449231223687704,4.007344097364599,4,fresh_premium,3.0,17.819896121391395,2.8,0.0
Empire,13.14432428978688,3.150969473108938,10.212260038618039,2.451666999820847,3,fresh_standard,1.75,8.495851682072132,1.75,0.0
Golden Delicious,13.738685331870869,2.870633692196834,11.274604313076047,3.36121943424218,4,fresh_standard,1.5,18.85212023935859,1.75,0.0
Pink Lady,14.830362922707208,3.5682271007246045,,4.111957067032331,5,fresh_standard,3.0,2.6619730768420604,1.75,0.0
Gala,12.35973090707717,2.9639202631261536,12.941353090819488,3.3592276580255516,3,fresh_standard,1.75,16.235922887795354,1.75,0.0
McIntosh,12.005929181142527,2.668566629050486,9.104537335123194,3.5625121577888397,3,juice,1.5,5.076426585058242,0.06,1.44
Gala,12.70103679583243,3.1237844815860516,11.182782972663553,3.369172462764576,3,fresh_standard,1.75,6.626916835373415,1.75,0.0
Honeycrisp,14.124209177109789,3.3836552032919887,13.171551162546926,4.61890815598673,3,fresh_standard,3.24,22.120798999430246,1.75,0.0
Fuji,17.255981612747185,3.870909790644499,14.017521788020947,4.330719228556344,4,fresh_standard,2.0,5.615460355367736,1.75,0.0
Red Delicious,11.831998691308412,3.0842962529139153,9.68795927263274,2.612593318455336,4,juice,1.25,10.419171184028233,0.06,1.19
Granny Smith,10.117963109842911,3.7101953634723834,16.02948438751356,3.3697213550322784,4,fresh_standard,1.75,20.178587522588206,1.75,0.0
Granny Smith,11.685799714742371,3.8039353310860125,15.149791684003967,3.462416253603659,4,fresh_standard,1.75,5.977345955789542,1.75,0.0
Gala,12.290243697229126,3.0212494914601735,11.03022136842895,4.009058529323171,3,fresh_standard,1.75,3.376002410770677,1.75,0.0
Fuji,17.928513996132658,3.829565704194429,14.437421463132516,3.750923453532783,4,fresh_standard,2.0,8.606599287645691,1.75,0.0
Red Delicious,11.672393774828484,2.628644995483314,10.908263283142144,2.265584750688828,4,juice,1.25,18.889374551533777,0.06,1.19
Empire,12.756983567629234,3.2502628142543823,10.549410065614287,3.806074616750045,3,fresh_standard,1.75,2.932271247143336,1.75,0.0
Golden Delicious,14.066676363090526,3.1274535126934464,11.012089384823673,3.8467871141837344,4,fresh_standard,1.5,7.855007082379247,1.75,0.0
Red Delicious,12.848827385315408,3.1322967394347407,10.108362510897598,1.817910074464444,4,juice,1.25,2.35782255939255,0.06,1.19
Cosmic Crisp,12.749225517277575,3.7740124565719615,10.837541049784146,4.111066885816856,4,fresh_standard,2.93,3.1064814560107075,1.75,0.0
Granny Smith,10.453582218084499,3.7334143794676535,15.63607922338904,2.5886535049459596,4,fresh_standard,1.75,8.467627661557925,1.75,0.0
Granny Smith,10.406143456877228,3.94912652601751,15.451579104301258,3.149055407949338,4,fresh_standard,1.75,2.7654601110677484,1.75,0.0
Honeycrisp,15.452586313977514,3.643398162159693,12.053022621083244,3.942730077373691,3,fresh_premium,3.24,1.2756310328478127,2.8,0.0
Gala,13.148024665198415,2.911635026796868,12.283468794597116,3.820777451673461,3,fresh_standard,1.75,1.6984756397095726,1.75,0.0
Granny Smith,11.466876127140175,3.578169998397279,16.105629751436698,4.240851148426877,4,fresh_standard,1.75,24.03460029597596,1.75,0.0
Empire,13.36547723341903,3.1059235176065263,10.974935670927948,3.583698677688475,3,fresh_standard,1.75,35.29077156312417,1.75,0.0
Golden Delicious,14.108746545925298,3.2842920068712846,10.984734097402498,3.5831871102260506,4,fresh_standard,1.5,0.5342583508901313,1.75,0.0
Honeycrisp,14.351356647629691,3.6498842224885473,12.431642054993686,3.7181377235980126,3,fresh_premium,3.24,2.7462846771560296,2.8,0.0
Fuji,16.861029509199266,3.820728250820445,13.206081650664721,3.4546006374045017,4,fresh_standard,2.0,11.872898071144725,1.75,0.0
Granny Smith,11.152076600144829,3.6313173325199073,15.911299098879756,3.871331778813892,4,fresh_standard,1.75,10.449697088155181,1.75,0.0
Granny Smith,11.72399061677551,3.814318724843324,,3.212744857086987,4,fresh_standard,1.75,11.4344892650929,1.75,0.0
Honeycrisp,15.377893346129138,3.5217588400921067,13.150948355751758,3.700312488523114,3,fresh_premium,3.24,11.366329578930316,2.8,0.0
Fuji,16.16949815791217,3.9423085885392872,14.549877991509616,3.4330947037142336,4,fresh_standard,2.0,5.113471533605675,1.75,0.0
Cameo,13.452257908497714,3.5226690638654445,11.950341732045256,2.5982776347905663,4,fresh_standard,2.15,0.7734380629496311,1.75,0.0
Fuji,17.90319191474139,3.8116504672898355,12.701222376110232,2.797007391609463,4,fresh_standard,2.0,11.365216680218973,1.75,0.0
Honeycrisp,14.3965811785268,3.57284497844051,13.231700196104432,4.938085419607943,3,fresh_premium,3.24,7.5952950235306895,2.8,0.0
Fuji,15.526757768371287,3.845179170092121,12.917231872341873,4.138364592536513,4,fresh_premium,2.0,9.086828042203383,2.8,0.0
Ambrosia,14.637892840033105,3.4428461457614308,11.662694014206101,3.486162429537021,4,fresh_standard,2.5,4.161021376304796,1.75,0.0
Jazz,14.208847118479438,3.765717051417099,12.2561914927324,4.598315743322826,4,fresh_premium,3.0,4.072336040886349,2.8,0.0
Fuji,17.176722634199734,3.88684522033436,13.851317833285968,2.815394894148357,4,fresh_standard,2.0,3.3307617466271138,1.75,0.0
Granny Smith,11.01248213125662,3.6984647723777835,15.26257594400965,2.9202522081480478,4,fresh_standard,1.75,3.7926127023876854,1.75,0.0
Golden Delicious,13.364601956549322,3.024164226563533,11.33853658350167,3.4700719075231294,4,fresh_standard,1.5,1.966474309886321,1.75,0.0
Granny Smith,11.098285732355695,3.847973728589625,16.817652995433725,3.4944268630593105,4,fresh_standard,1.75,2.1351247744299524,1.75,0.0
Golden Delicious,14.131349629873773,3.071911175542129,11.259367190518406,3.160654179275606,4,fresh_standard,1.5,12.5057635177767,1.75,0.0
Honeycrisp,14.451339479122032,3.4658419486259167,12.93119603626492,4.312059908526077,3,fresh_premium,3.24,19.831406436843068,2.8,0.0
Ambrosia,14.606797409225734,3.655391410779323,12.405267546171032,4.220970324784704,4,fresh_premium,2.5,0.39776720774783136,2.8,0.0
Empire,12.47209096681776,3.427537182955321,11.064173647876023,3.605690271132615,3,fresh_standard,1.75,6.163762066663546,1.75,0.0
Golden Delicious,14.337454812366557,3.0167230304039934,11.857526842410985,3.788156300843555,4,fresh_standard,1.5,1.1182192374809163,1.75,0.0
Granny Smith,10.606107985332851,3.909118380784507,15.66485338434873,4.579235011010788,4,fresh_standard,1.75,4.2611528855376966,1.75,0.0
Cosmic Crisp,14.361870397507214,3.8075666906777093,11.942116490330736,4.897278931758894,4,fresh_premium,2.93,15.838167006373084,2.8,0.0
Honeycrisp,14.724507927301932,3.493785766070016,12.34640373982003,3.620433669223151,3,fresh_premium,3.24,12.494918749560258,2.8,0.0
Honeycrisp,14.616662096338803,3.0760996924339548,12.030913233057735,3.9241074524822084,3,fresh_standard,3.24,56.948734007443335,1.75,0.0
Fuji,15.818964183485328,3.916919770494723,13.139937236896184,4.728117317431734,4,fresh_premium,2.0,0.24237638009250362,2.8,0.0
Gala,12.338735143846407,3.109040441874146,,4.118348351374435,3,fresh_standard,1.75,6.1541617150599155,1.75,0.0
Honeycrisp,15.984958718711434,3.6409599149227865,13.645201121319317,4.487559866708875,3,fresh_premium,3.24,6.145869673706975,2.8,0.0
Jazz,14.016888718752078,3.7870812461226255,13.203763179272645,4.2942892022103045,4,fresh_premium,3.0,4.842371702849132,2.8,0.0
Red Delicious,12.075350126515136,2.9994856284647597,9.144752786388246,2.8731698460668347,4,juice,1.25,6.745483675539895,0.06,1.19
Gala,12.859834934342116,2.6191527583064684,11.619575718418199,3.7896127323255278,3,juice,1.75,46.75502210787052,0.06,1.69
Empire,13.632241790650902,3.047611152649409,10.280998019591035,3.5175143023613407,3,fresh_standard,1.75,16.62095982532317,1.75,0.0
Granny Smith,10.205296611328775,3.77708269267767,16.201584298679236,3.466447730886672,4,fresh_standard,1.75,2.540964112951039,1.75,0.0
Granny Smith,10.523676102915237,3.724050572480243,15.26070626008653,3.658130487172871,4,fresh_standard,1.75,13.45464087165402,1.75,0.0
Red Delicious,11.667262801014179,2.8836345621888446,10.675682761811037,2.5620739817865017,4,juice,1.25,0.08487412463357721,0.06,1.19
Fuji,16.634919829347627,3.8022606968974144,12.947319453748488,1.9381177473036209,4,juice,2.0,10.37336331887163,0.06,1.94
Jazz,13.965879295504678,3.6477754109320815,13.011705385903658,4.348193723728357,4,fresh_premium,3.0,3.1738517565419477,2.8,0.0
Ambrosia,15.758980174077681,3.538981543796269,11.869191921717423,3.64042334037879,4,fresh_premium,2.5,6.0513927246529375,2.8,0.0
Cameo,13.680584326677396,3.1400792243256954,11.5837343540728,2.1833705181079854,4,fresh_standard,2.15,26.574114935976905,1.75,0.0
Jazz,15.918403307318583,3.6214213455431774,13.746645831721615,3.939126245808358,4,fresh_premium,3.0,1.4994579904644503,2.8,0.0
Cosmic Crisp,13.91085309118678,3.9084476331732643,10.102851626968501,3.8591076955697465,4,fresh_premium,2.93,7.08195305309597,2.8,0.0
Cosmic Crisp,14.886993435862932,3.8154745188555177,10.3507425572469,3.782751886283842,4,fresh_premium,2.93,11.33253897922851,2.8,0.0
Red Delicious,12.485161051498624,3.0629270083309543,9.964847203189457,2.3775241713338287,4,juice,1.25,9.868698625086962,0.06,1.19
Gala,12.709745480733464,3.1204078341300625,12.902981420353575,2.8448396597628123,3,fresh_standard,1.75,0.5866643774561698,1.75,0.0
Fuji,17.697416590930096,3.5970486287073475,13.187811678587849,3.8989562973810448,4,fresh_premium,2.0,33.708323588765786,2.8,0.0
Fuji,16.31542902897932,3.9722933091551713,12.25809647109883,1.7423307859986392,4,juice,2.0,1.669802848111523,0.06,1.94
Honeycrisp,16.106307677942144,3.6677625942689036,12.061000499878098,4.037902279096863,3,fresh_premium,3.24,6.775027809955306,2.8,0.0
Braeburn,12.325152293257664,3.5100558899993985,14.61525173912595,3.196420280607287,4,fresh_standard,1.85,3.701489724443733,1.75,0.0
Golden Delicious,13.590264022074798,3.0734261944158257,11.263088757352321,3.179145997493406,4,fresh_standard,1.5,1.6400743025106448,1.75,0.0
Fuji,17.922977277010393,3.9007616361655244,13.946296158478159,3.022665759235471,4,fresh_standard,2.0,2.8573705978576887,1.75,0.0
Granny Smith,11.799681644645386,3.767873425998616,16.704096831609387,3.0518460289578995,4,fresh_standard,1.75,6.123053371304392,1.75,0.0
Granny Smith,11.95034802391752,3.890730732127674,15.937113989182269,3.070373938234496,4,fresh_standard,1.75,0.9274963440079735,1.75,0.0
Ambrosia,14.06986282277735,3.4308532702897745,11.769022655289625,4.009424811472424,4,fresh_premium,2.5,0.2362907708120056,2.8,0.0
Cortland,13.29195901256144,2.910677716003369,10.128087047729577,1.9971951901025906,3,juice,1.5,7.709291459377752,0.06,1.44
Cosmic Crisp,15.993827830827298,3.7696886487436005,11.327342330725296,5.0,4,fresh_premium,2.93,17.476473762753137,2.8,0.0
Gala,12.45120136859205,2.8770539190768925,11.113171312293431,4.622579105223069,3,fresh_standard,1.75,11.944707782097186,1.75,0.0
Golden Delicious,13.0023735488253,2.9623760670488526,10.347927411806678,4.016861915379683,4,fresh_standard,1.5,7.672006290284822,1.75,0.0
Braeburn,13.001808157747398,3.5070843619002248,13.229483916676383,3.104576435066813,4,fresh_standard,1.85,13.037707967543994,1.75,0.0
Fuji,17.839423668706292,3.883425985450975,12.8536241570308,4.453176156826157,4,fresh_premium,2.0,7.299719621747886,2.8,0.0
Gala,13.84057743556308,2.922062972162713,11.923432287626238,4.531626743724378,3,fresh_standard,1.75,8.149469038555038,1.75,0.0
Braeburn,12.808831016085065,3.4282139136301737,14.647792763249328,2.9028956240604575,4,fresh_standard,1.85,19.588574344478836,1.75,0.0
Gala,12.361064677180533,2.940304384543872,11.534804055715082,3.5348136408850372,3,fresh_standard,1.75,13.372226585696405,1.75,0.0
McIntosh,11.809683471952104,2.5,10.424015922396325,1.5362545478335337,3,juice,1.5,9.454488601481732,0.06,1.44
Ambrosia,15.089770814682522,3.4805764813856843,11.157938324381657,3.840473032166691,4,fresh_premium,2.5,12.227678723694611,2.8,0.0
Honeycrisp,14.416268257113877,3.6830122881922818,12.194352987541537,3.7199094799015153,3,fresh_premium,3.24,11.134412835191021,2.8,0.0
Fuji,17.314705198107884,3.9495372173300467,13.398544773382671,3.0697903105232385,4,fresh_standard,2.0,2.7320915761273596,1.75,0.0
Honeycrisp,15.255818276100019,3.6469459066757333,13.0030325893744,3.844866621703272,3,fresh_premium,3.24,0.14651476265668784,2.8,0.0
Golden Delicious,14.39144943789964,3.030589244082877,11.747068528490429,3.57578851968992,4,fresh_standard,1.5,1.8495617158605895,1.75,0.0
Granny Smith,10.637619410282412,3.905014858971727,16.512902175977825,3.194471982440519,4,fresh_standard,1.75,8.593080041840839,1.75,0.0
Red Delicious,11.368507206925615,2.8791251968368425,9.513323379791828,2.3582404735718567,4,juice,1.25,28.16412462983105,0.06,1.19
Gala,13.110844444649238,2.5,11.690683904489775,2.3481961062814065,3,juice,1.75,55.616772361483726,0.06,1.69
Golden Delicious,14.75988419272889,3.2279363405230033,10.01492628083444,4.933023195722263,4,fresh_standard,1.5,5.4288917247334965,1.75,0.0
Gala,13.17653654059427,3.0921535336508432,12.915162030167634,4.37349339328806,3,fresh_standard,1.75,1.5931883591295435,1.75,0.0
Granny Smith,11.374527839507106,3.96860841764116,16.15361583927651,4.435273510698137,4,fresh_standard,1.75,1.8532032120778896,1.75,0.0
Pink Lady,13.212719403377724,3.6519521156594834,14.897387245245062,3.668549541224526,5,fresh_standard,3.0,10.842337269652312,1.75,0.0
Granny Smith,10.192551085417886,3.6903068746234258,15.570411605360828,4.034782212121853,4,fresh_standard,1.75,3.0225338149362373,1.75,0.0
Gala,13.27546080753013,3.1085054963231387,11.807202004723182,2.6308451512198734,3,fresh_standard,1.75,7.677308202762632,1.75,0.0
Cosmic Crisp,13.911260828430477,3.7363705121090534,10.213196506267543,3.9826575563066093,4,fresh_premium,2.93,9.991657490890635,2.8,0.0
Braeburn,11.942199503076296,3.7815871771292757,14.533697795635547,3.5586963048247537,4,fresh_standard,1.85,1.2414461829769188,1.75,0.0
Granny Smith,10.282841151341403,3.771085619554426,,1.7872240022573653,4,juice,1.75,2.72795786510522,0.06,1.69
Fuji,15.421798079999416,3.8247344412898765,12.289934502863257,3.41178474594149,4,fresh_standard,2.0,9.826493410644764,1.75,0.0
Fuji,15.271517813107238,3.780728783425487,12.569808409372683,2.7292494405800185,4,fresh_standard,2.0,14.189845957483119,1.75,0.0
Gala,13.29352904947518,2.887573479357482,11.917881033193641,4.411570354185061,3,fresh_standard,1.75,6.69107109694989,1.75,0.0
McIntosh,11.334103162185297,2.602819653959522,10.068440819862495,3.4245464984080383,3,juice,1.5,14.204870159931824,0.06,1.44
Honeycrisp,14.876714709328512,3.6962617455493247,13.392059593349947,4.314814420961806,3,fresh_premium,3.24,4.434204622971061,2.8,0.0
Cosmic Crisp,15.477990112856206,3.620339375929202,10.766277056498994,3.7606256891682612,4,fresh_premium,2.93,21.089114354403584,2.8,0.0
Golden Delicious,14.680690411761875,3.08224084475397,11.176862480906905,3.317861404840451,4,fresh_standard,1.5,19.142162628048737,1.75,0.0
Braeburn,13.751361012598618,3.4364579367154926,14.93762938115561,3.9479668187612944,4,fresh_standard,1.85,17.057321038928244,1.75,0.0
Cortland,12.373956454272033,2.5442500431670103,11.378218162973647,2.5601685122895734,3,juice,1.5,21.8536285292026,0.06,1.44
Cosmic Crisp,14.958002212914714,3.7915811003221873,11.830976595176084,3.911526386252975,4,fresh_premium,2.93,3.19691162558407,2.8,0.0
Braeburn,13.297321678536967,3.552987153615468,,3.6638064304966314,4,fresh_standard,1.85,23.737221616993832,1.75,0.0
Cortland,11.132634535913521,2.985231043490687,10.827852116105177,3.0994285558806807,3,juice,1.5,0.18196567722321363,0.06,1.44
Fuji,16.24006326644448,3.824387537854513,12.354655866873266,3.803353545101525,4,fresh_premium,2.0,13.28120499738462,2.8,0.0
Cosmic Crisp,14.786456118310928,3.7882053782691063,10.499336017718372,4.10146151042565,4,fresh_premium,2.93,13.849026569612299,2.8,0.0
Jazz,14.599155103151912,3.6011525052844466,13.451959819970591,3.998312771294524,4,fresh_premium,3.0,2.8366189629572727,2.8,0.0
Gala,12.591596366509705,3.009476649501218,11.4106658774136,3.6683818426940817,3,fresh_standard,1.75,8.751267261114473,1.75,0.0
Empire,12.514654424550582,3.3709753093511843,10.964712417165506,2.7501077962463816,3,fresh_standard,1.75,2.149859502183439,1.75,0.0
Cameo,14.187066416359372,3.652587119872803,12.320939442728863,3.3964225194254993,4,fresh_standard,2.15,0.28596346211614393,1.75,0.0
Gala,12.945743285775908,3.0864838984993654,12.220014834158972,3.204858531496277,3,fresh_standard,1.75,9.745305544575631,1.75,0.0
Gala,13.158356740093957,3.0245004546162453,11.397984277918873,3.696692703705851,3,fresh_standard,1.75,1.9766589364657372,1.75,0.0
Cosmic Crisp,15.27479098391249,3.900884641537628,10.990982632412397,3.5008229796306045,4,fresh_premium,2.93,7.764970067776713,2.8,0.0
Honeycrisp,14.4900057010713,3.607491080874366,13.872309548321562,4.40643105941948,3,fresh_premium,3.24,9.626704347430717,2.8,0.0
Gala,13.095396111575011,2.9118975796679076,11.185250966102734,3.2341735873229105,3,fresh_standard,1.75,2.6462460698817662,1.75,0.0
Fuji,17.844556915653186,3.9809314100115794,12.376649369695432,3.2673800501548635,4,fresh_standard,2.0,0.13959112564237627,1.75,0.0
Red Delicious,13.079967420658367,2.9787197966571277,10.330545672473821,3.771324707337583,4,juice,1.25,1.2076969494142404,0.06,1.19
Braeburn,12.287086097860536,3.6293595208332716,13.982660863824261,3.628285276364638,4,fresh_standard,1.85,13.722026329787393,1.75,0.0
Empire,12.639047343471464,3.4390432075454225,11.444747015265596,3.4358171180849117,3,fresh_standard,1.75,0.6785148555687162,1.75,0.0
Golden Delicious,13.955094491344951,2.9965447063495914,11.085880888978656,3.6769828734252927,4,fresh_standard,1.5,3.350179290243876,1.75,0.0
McIntosh,11.337123667005583,2.608845515413011,9.127071444847838,2.5047016414000547,3,juice,1.5,8.93727025197345,0.06,1.44
Jazz,15.265020449192553,3.7552649108610665,13.631893877937234,4.466295415936545,4,fresh_premium,3.0,6.596521975537925,2.8,0.0
Granny Smith,11.60683637998316,3.907735840874653,15.499488358458711,4.176668150380339,4,fresh_standard,1.75,4.65284490417675,1.75,0.0
Pink Lady,13.060440452186736,3.7522063154191976,15.564770968116546,3.887683425001488,5,fresh_standard,3.0,0.8275068734779747,1.75,0.0
Honeycrisp,14.499531001841596,3.512637002473002,13.394031481990536,4.273548690585019,3,fresh_premium,3.24,20.927586432297716,2.8,0.0
Gala,13.699594355815337,3.097709323446151,12.600006963527363,2.989156139443812,3,fresh_standard,1.75,9.6633796091396,1.75,0.0
Cortland,11.891217120481675,2.9124226542047498,11.724868260282314,2.828036129536839,3,juice,1.5,0.22761414169434976,0.06,1.44
Pink Lady,14.514854882069477,3.4780627575320366,14.808280643302066,3.3329872525408977,5,fresh_standard,3.0,3.906329929475808,1.75,0.0
Honeycrisp,14.204961217345044,3.663184185499249,13.299927861555531,3.9349284728161575,3,fresh_premium,3.24,8.913973756649446,2.8,0.0
Granny Smith,10.749161101299228,3.895019810971305,15.858298983916644,4.031714713150877,4,fresh_standard,1.75,2.9791020022182573,1.75,0.0
Cameo,13.63322857063612,3.4698024962761536,12.821668453979507,3.8199243907395877,4,fresh_premium,2.15,1.2754567255889255,2.8,0.0
Gala,13.885788034823385,2.849218901993849,11.664912314297425,2.372045368916573,3,fresh_standard,1.75,11.740385921414738,1.75,0.0
Empire,11.837080936509084,3.1399814398995156,11.05318988517958,3.283394466048458,3,fresh_standard,1.75,11.714260890795774,1.75,0.0
Cortland,12.65288123928966,2.5619839762658456,11.717344109858992,3.2144403420718026,3,juice,1.5,21.046789179097296,0.06,1.44
Fuji,15.149765208667032,3.885849678135738,13.669393912046466,2.2366118348958053,4,fresh_standard,2.0,3.748360412919456,1.75,0.0
Red Delicious,12.63692414246074,2.7425545882613402,10.4964776123618,2.510592288396332,4,juice,1.25,16.252273569066162,0.06,1.19
Fuji,15.931778548509685,3.7550257890617704,12.945718303948352,4.160793774641458,4,fresh_premium,2.0,24.4232390487006,2.8,0.0
Empire,13.765403930743119,3.235445746646975,10.387578260046709,3.6611561486265787,3,fresh_standard,1.75,22.70568632762163,1.75,0.0
Empire,12.861576242766587,3.3662178958915465,11.089763372058787,3.7743945686520592,3,fresh_standard,1.75,1.7733212331388915,1.75,0.0
Red Delicious,12.701229845448825,3.049159161176021,10.68157014387823,2.29302468744715,4,juice,1.25,5.110844453664099,0.06,1.19
Granny Smith,10.527076436296863,3.6994832644022484,16.118436263536918,4.0940997433755735,4,fresh_standard,1.75,5.016666799684821,1.75,0.0
Cosmic Crisp,15.369663776059411,3.7087438386126097,10.492804066478215,3.9752681451737835,4,fresh_premium,2.93,14.314084807364829,2.8,0.0
Golden Delicious,14.876226004766933,3.218026868805554,11.904528029066745,3.3584500824127255,4,fresh_standard,1.5,7.1279101405241505,1.75,0.0
Granny Smith,10.82145225305833,3.8210670863001805,15.403589896504913,3.7949033883480703,4,fresh_standard,1.75,3.8674186064988443,1.75,0.0
Empire,13.95816736398053,3.229790344395148,10.08117142426939,3.677139545024362,3,fresh_standard,1.75,6.640848202578184,1.75,0.0
Golden Delicious,13.853717111834179,2.9726100994533926,10.99348685601197,2.8669353947117306,4,fresh_standard,1.5,7.055029044960639,1.75,0.0
Golden Delicious,13.015857133531323,3.0849788423513473,11.524722427414346,3.476754263006274,4,fresh_standard,1.5,2.9871176079183073,1.75,0.0
Cosmic Crisp,15.57668905559178,3.7456243015928314,,3.497929616623966,4,fresh_standard,2.93,9.595294943637384,1.75,0.0
Red Delicious,12.012848463997877,2.792733716892496,9.851786310073363,3.1147412534859944,4,juice,1.25,2.979959422719944,0.06,1.19
Gala,13.317525779420526,2.8572490104307056,12.247297556580532,3.225619006947926,3,fresh_standard,1.75,21.72376774660524,1.75,0.0
Empire,13.251301259368969,3.3543576580067698,10.155987732818819,4.66534735685378,3,fresh_standard,1.75,11.731698326516984,1.75,0.0
Honeycrisp,15.083873803386796,3.4479664851788256,12.867703298475947,4.075196893238104,3,fresh_premium,3.24,22.557667543306135,2.8,0.0
Gala,12.971413846470508,2.759306387879262,11.742225876860255,3.831379962607714,3,juice,1.75,22.029145338737806,0.06,1.69
Red Delicious,12.073276857912424,2.848591955257029,10.059751251036412,3.1682936908327095,4,juice,1.25,2.2080970413492897,0.06,1.19
Honeycrisp,16.077968424986878,3.2539338452815283,12.720381282822526,3.9264713092489307,3,fresh_standard,3.24,39.13653097580592,1.75,0.0
Cosmic Crisp,13.869381393442726,3.783268971899708,11.193685697833779,3.540674026757901,4,fresh_premium,2.93,3.383273427118551,2.8,0.0
Gala,12.92432313898016,2.938843291752708,12.72338180757469,4.015752732187881,3,fresh_standard,1.75,22.81990494660967,1.75,0.0
Pink Lady,14.517067124423402,3.442929482860647,15.235694480402428,4.426707779390154,5,fresh_standard,3.0,7.911954133835657,1.75,0.0
McIntosh,11.501053664152256,2.535513690496446,10.40705668036306,3.099340547795691,3,juice,1.5,9.748240573536343,0.06,1.44
Honeycrisp,15.027106372809467,3.4119132246353137,13.927239954178505,3.8959388748213626,3,fresh_premium,3.24,18.947720147092458,2.8,0.0
Braeburn,13.128453763654175,3.6907626324799385,14.18498695835281,3.3796164207047408,4,fresh_standard,1.85,1.4500090076607333,1.75,0.0
Cameo,13.368824825247751,3.5405798809359696,11.854224892838669,3.802749088686434,4,fresh_standard,2.15,4.542051910725283,1.75,0.0
Gala,11.988454245751722,3.0853524217633055,12.81217412096252,3.2495799118369493,3,fresh_standard,1.75,4.18406403770263,1.75,0.0
Pink Lady,14.12693503662462,3.594284352974168,14.926988087601146,4.623871036336867,5,fresh_standard,3.0,11.711987584682579,1.75,0.0
Golden Delicious,12.913395199387312,2.945054757446339,11.208608839642958,4.07078374657969,4,fresh_standard,1.5,6.664716878250678,1.75,0.0
Red Delicious,11.491144337542494,2.788503438169108,10.285604100324164,3.42736628989974,4,juice,1.25,17.84758753894771,0.06,1.19
Golden Delicious,14.667153013357096,3.1666180025682134,11.417167091535651,3.915661419109316,4,fresh_standard,1.5,7.205551030906233,1.75,0.0
McIntosh,12.411177273397493,2.5,9.575759006669688,3.7967789430771566,3,juice,1.5,38.39979914120606,0.06,1.44
Fuji,17.1953624762159,3.925769457201965,12.28489582568513,3.000763217090086,4,fresh_standard,2.0,6.379953722469677,1.75,0.0
Ambrosia,15.087906258692998,3.56533989305184,11.886760028758376,4.038425941479384,4,fresh_premium,2.5,0.2792296242292531,2.8,0.0
Empire,12.84950185679082,3.278817897087947,11.309814246295717,2.9949070208791087,3,fresh_standard,1.75,3.70530215017796,1.75,0.0
Jazz,13.991540534879986,3.554699379337993,13.959940658717702,3.7097382750976386,4,fresh_premium,3.0,18.313465118380307,2.8,0.0
Cosmic Crisp,13.189905799448253,3.8019597498404054,10.992732494402473,3.3277747444828614,4,fresh_standard,2.93,0.06406348617415167,1.75,0.0
Gala,12.095340168074095,3.086460308784841,12.888897165388606,2.97902436087418,3,fresh_standard,1.75,3.219812389614336,1.75,0.0
Fuji,17.743358688691725,3.8307282084835794,12.399629772409886,3.779927186870076,4,fresh_premium,2.0,8.489194230948064,2.8,0.0
Cortland,11.787125573000898,2.8611466339857468,10.763960090925892,2.437670849568346,3,juice,1.5,1.0058318535846738,0.06,1.44
McIntosh,11.439439950407149,2.5407601770569825,9.792494693632811,1.7947797935687078,3,juice,1.5,24.442173441697935,0.06,1.44
Gala,13.209338936268532,2.9446690411907652,11.517423284310881,3.618375359378724,3,fresh_standard,1.75,11.208401313491105,1.75,0.0
Golden Delicious,14.602399167547796,3.167864445273597,10.421526198859812,3.451449597402387,4,fresh_standard,1.5,2.2089157195134463,1.75,0.0
Gala,13.524708267466535,2.8513131084928034,11.226607009454929,3.522942796976017,3,fresh_standard,1.75,32.421482115081915,1.75,0.0
Red Delicious,12.06299001117812,2.7831273942993455,10.289439954763635,3.4725954684082607,4,juice,1.25,7.976687173834806,0.06,1.19
Cosmic Crisp,15.474410625774532,3.9160911838411727,10.062366270122569,4.789786072865356,4,fresh_premium,2.93,1.7525843472956317,2.8,0.0
Gala,13.425980516588092,3.0019840405041482,12.457962123311633,3.1702657184548517,3,fresh_standard,1.75,3.901243994323304,1.75,0.0
Golden Delicious,14.202839733123284,2.878636604591627,11.82968429970331,4.162360128021144,4,fresh_standard,1.5,16.20871513383434,1.75,0.0
McIntosh,12.535489230063089,2.5,10.217143186347949,3.2687745387524614,3,juice,1.5,5.3059928638506415,0.06,1.44
Fuji,15.967462093641975,3.850814179435996,14.890439842422982,3.251830600622214,4,fresh_standard,2.0,10.48048898270051,1.75,0.0
Gala,12.885725902721273,2.791303656938919,11.80905477114774,3.7597758952164178,3,juice,1.75,11.232727809391317,0.06,1.69
Cosmic Crisp,13.794457565451568,3.7672670896774925,11.411150345031377,4.142932695362452,4,fresh_premium,2.93,6.706876749216802,2.8,0.0
Fuji,16.85302690480987,3.909038319353,14.136411137641815,4.862869847253678,4,fresh_standard,2.0,6.697777362601625,1.75,0.0
Cosmic Crisp,15.658495010855505,3.9573429028808813,11.873659478649516,3.8185807197801704,4,fresh_premium,2.93,1.3796390740375564,2.8,0.0
Granny Smith,12.132847014310093,3.6431582296995835,15.212320707094934,3.6458740751077356,4,fresh_standard,1.75,11.806108686439714,1.75,0.0
Braeburn,13.015997356836582,3.5304457801594213,13.968426278695283,3.6953466900722423,4,fresh_standard,1.85,1.8835354677357126,1.75,0.0
Cosmic Crisp,14.58214382711379,3.7772543127863782,10.948428433314927,4.1118939758194495,4,fresh_premium,2.93,2.49448529453176,2.8,0.0
Golden Delicious,14.522235187077605,3.142909715869703,10.722432117951623,3.6507899889428614,4,fresh_standard,1.5,5.011896898549628,1.75,0.0
Jazz,16.13201482915858,3.599706088329806,12.394940979719875,3.8135834239541166,4,fresh_premium,3.0,18.447398709821282,2.8,0.0
Jazz,15.321628172876977,3.8067089878849143,13.312323675362142,5.0,4,fresh_premium,3.0,1.4543519952787474,2.8,0.0
Red Delicious,12.99245864474461,2.9791317665130297,9.066853066186443,2.3815762323178378,4,juice,1.25,1.6310203838164474,0.06,1.19
Gala,12.095956154640874,3.1712698177715426,12.841989042193152,4.6955092119008714,3,fresh_standard,1.75,0.39759351680545957,1.75,0.0
Cosmic Crisp,13.590094444939973,3.700547071961503,11.201033720867306,4.048060388470492,4,fresh_premium,2.93,17.411479129444768,2.8,0.0
Pink Lady,13.145773278442881,3.7076129050371263,15.385251904452328,4.51128521600482,5,fresh_standard,3.0,2.4429032668853936,1.75,0.0
Granny Smith,10.728511357420777,3.874116651674304,16.969308955181678,3.462126192133251,4,fresh_standard,1.75,0.662409946287563,1.75,0.0
Pink Lady,14.729767455468204,3.5548264055933596,14.475088261748654,3.2986973641001534,5,fresh_standard,3.0,8.159555109679813,1.75,0.0
McIntosh,12.493287503403565,2.5,9.607447703263652,2.0337924859653183,3,juice,1.5,9.511616399750737,0.06,1.44
McIntosh,12.398577773566819,2.680568922194418,10.362921225034343,2.121272625629958,3,juice,1.5,2.4351950362619594,0.06,1.44
Ambrosia,14.864831798264845,3.589289813592185,12.025335451912833,3.932845629264726,4,fresh_premium,2.5,8.157868496541154,2.8,0.0
Granny Smith,11.861810488434541,3.8971180196310584,16.502846635062607,2.98588888092332,4,fresh_standard,1.75,2.4021704555933256,1.75,0.0
Pink Lady,14.02376002094212,3.246981923733255,15.315690609206072,4.6960011431723,5,fresh_standard,3.0,47.3938680786437,1.75,0.0
Fuji,17.810801752150617,3.978901209585721,13.897188769396525,4.307735453721649,4,fresh_premium,2.0,1.9940889810627356,2.8,0.0
Honeycrisp,16.197417440597835,3.5791756459843675,13.907857154005175,3.3810922505865753,3,fresh_standard,3.24,20.0042614000331,1.75,0.0
Honeycrisp,16.033316488706276,3.7133532408502403,13.31738726323789,4.589720060360643,3,fresh_premium,3.24,0.20275360750314514,2.8,0.0
Fuji,15.057309781322498,3.8978386576731454,14.268761374267303,2.94526153137314,4,fresh_standard,2.0,5.001417931880714,1.75,0.0
McIntosh,12.10576548906612,2.5128199687884702,10.886041419291473,2.748247336969526,3,juice,1.5,0.14047220535551225,0.06,1.44
Golden Delicious,14.158717456744627,3.2626804141271335,10.384631545568702,2.848324220491154,4,fresh_standard,1.5,1.206389033008978,1.75,0.0
Red Delicious,12.496888353522515,2.7785736414840683,10.035259656795935,3.657880376716603,4,juice,1.25,6.844925816430612,0.06,1.19
Red Delicious,11.56772067199989,3.1388570542655647,10.99336655586936,2.986745272141984,4,juice,1.25,0.5556305723331473,0.06,1.19
Gala,13.368755617409905,2.9896528845444412,12.730591517817825,3.3118821882965612,3,fresh_standard,1.75,8.841539606919447,1.75,0.0
Empire,13.096267912392097,3.246841922811034,10.078583890301385,3.631378349513585,3,fresh_standard,1.75,1.0604961661401748,1.75,0.0
Fuji,15.759765589875405,3.901979547968084,13.624123262722314,3.163635417891614,4,fresh_standard,2.0,0.2034337940452643,1.75,0.0
Red Delicious,11.898636287317023,2.9819021787500994,10.84461555096717,1.7483022981313565,4,juice,1.25,6.742359475352347,0.06,1.19
Jazz,14.515723036672322,3.5289986462738647,12.92311494883958,4.927046283167094,4,fresh_premium,3.0,23.009199370088268,2.8,0.0
Fuji,17.68093280760383,3.891168431080117,13.499876975894365,2.7270154295218774,4,fresh_standard,2.0,5.559969016837087,1.75,0.0
Fuji,15.16068984413092,3.891038903097821,13.517794962958675,3.2859961194920775,4,fresh_standard,2.0,2.6425815491811813,1.75,0.0
Braeburn,13.566329812208755,3.7612320473690657,13.252275316032303,3.155539594829841,4,fresh_standard,1.85,2.227308090548245,1.75,0.0
Fuji,15.482319255413264,3.871735411680888,14.962008475738639,3.624681504411988,4,fresh_standard,2.0,5.231774683712668,1.75,0.0
Fuji,15.71764536044243,3.74189159963982,13.748143348034045,3.7555061951778974,4,fresh_premium,2.0,19.780761658092707,2.8,0.0
Cortland,11.763225614575752,2.734145021885802,10.044268902058993,2.4674452280851624,3,juice,1.5,10.082881243985009,0.06,1.44
Red Delicious,12.604263590824713,2.8776202192382128,10.86735781226587,2.2928009146028474,4,juice,1.25,5.021555126578649,0.06,1.19
Granny Smith,11.602445485289028,3.6389480589001035,16.220726015636313,3.646118122511807,4,fresh_standard,1.75,8.74922703929043,1.75,0.0
Fuji,15.7831127743205,3.9211924922336348,14.101834489183355,4.033422273367935,4,fresh_standard,2.0,3.6588212791473733,1.75,0.0
Braeburn,13.39055779602694,3.603253666591332,14.056355442846034,3.6311955840543786,4,fresh_standard,1.85,2.892726762642045,1.75,0.0
Gala,13.849562558888058,2.769129280431531,12.275376493791871,2.8804856578834763,3,juice,1.75,19.99957182036742,0.06,1.69
Fuji,14.782482369884631,3.7615570862820844,14.190665153271748,3.4514729012807233,4,fresh_standard,2.0,19.597883103082513,1.75,0.0
Gala,13.212778986304333,2.9692036485549123,12.645967610083535,3.83195073199087,3,fresh_standard,1.75,12.910062771928368,1.75,0.0
Empire,13.274400801026964,3.3014595562215536,11.68492821367115,3.8546816707543594,3,fresh_standard,1.75,2.875510432190056,1.75,0.0
Gala,12.450148454079141,2.7070691053178084,11.30965722519544,3.1371532012770724,3,juice,1.75,37.02699856597469,0.06,1.69
Cameo,13.199475020602652,3.4046721893479477,11.187040247195819,2.5886181315120114,4,fresh_standard,2.15,2.020218507039656,1.75,0.0
Gala,14.109271026210122,2.602019241321601,11.377081211498503,3.5502959767576168,3,juice,1.75,34.34592811184291,0.06,1.69
Granny Smith,10.0,3.7544961043852414,15.966996170213609,4.310643735447884,4,fresh_standard,1.75,0.14298370709509134,1.75,0.0
Red Delicious,12.20616801898916,2.8057232861885395,9.282252236598644,1.9436052452759747,4,juice,1.25,5.325791751793214,0.06,1.19
Gala,13.921158923370465,3.0342190762766936,11.135005093367644,2.9025107631258624,3,fresh_standard,1.75,9.408330077192398,1.75,0.0
Honeycrisp,15.03723530998885,3.581183561032499,12.08145760463794,4.091671002869176,3,fresh_premium,3.24,6.6266256466861435,2.8,0.0
Braeburn,13.798982604296032,3.374751741205987,14.90100712317827,2.9492143372335584,4,fresh_standard,1.85,22.39703926322313,1.75,0.0
Gala,13.70003677253639,3.1397763474136857,11.02749110802269,3.029142855123378,3,fresh_standard,1.75,1.4751266313471898,1.75,0.0
Granny Smith,11.251684351221666,3.6541293380843363,15.970035975048082,3.857294538583554,4,fresh_standard,1.75,16.643354328668572,1.75,0.0
Golden Delicious,14.210503659047935,3.0530887617530262,10.176793934293517,3.018631983716274,4,fresh_standard,1.5,2.6616907706852944,1.75,0.0
Golden Delicious,13.272038085534094,3.120641212182967,10.864134570133235,2.9299619015203238,4,fresh_standard,1.5,4.054148991744415,1.75,0.0
Braeburn,12.727498889798527,3.431014350748223,13.169532308852666,4.195903979833006,4,fresh_standard,1.85,19.980679331757038,1.75,0.0
Pink Lady,14.574593009871602,3.477396641671547,14.994349528016855,4.297377170832643,5,fresh_standard,3.0,9.34184973323918,1.75,0.0
Gala,12.404677012450154,3.0275479773541303,12.027708928413535,3.6822911573629256,3,fresh_standard,1.75,4.59415424719779,1.75,0.0
Granny Smith,10.281206941425504,3.7584150029078804,16.825601600815723,3.1911303950511547,4,fresh_standard,1.75,20.247990253577083,1.75,0.0
Golden Delicious,14.530150420875351,3.045829358640356,11.641698018526258,3.1149999079217707,4,fresh_standard,1.5,9.003564948429716,1.75,0.0
Gala,12.03710299995672,2.89088896626714,12.394418763819274,3.9157511738189665,3,fresh_standard,1.75,21.135012239367896,1.75,0.0
Granny Smith,10.442988698207486,3.6646398761645145,16.68798694388405,3.1354121927759167,4,fresh_standard,1.75,7.239508357859227,1.75,0.0
Red Delicious,12.553120506786174,2.908082698104115,10.861665728351614,1.773985378536269,4,juice,1.25,2.4993373772953253,0.06,1.19
Braeburn,12.42035120080174,3.5314645808754794,14.932042918260418,4.117664333556224,4,fresh_standard,1.85,2.8282488403640627,1.75,0.0
Fuji,17.46207972882249,3.966421493543912,12.384977586566293,3.8133503816106673,4,fresh_premium,2.0,3.130649971273277,2.8,0.0
Fuji,15.840089389278615,3.8446534244369546,13.620898220284499,3.6172890389319745,4,fresh_premium,2.0,9.145404819714907,2.8,0.0
Braeburn,13.6687449395978,3.5080160083181666,14.895130252648086,3.5897587745112727,4,fresh_standard,1.85,7.408390715827052,1.75,0.0
Fuji,16.14492020839312,3.9599292700570996,14.821511858638207,3.7852584095159743,4,fresh_standard,2.0,1.1542613293103834,1.75,0.0
Fuji,17.04433930069601,3.8152321149736244,13.922896584296273,2.8636369601620393,4,fresh_standard,2.0,11.236015446443059,1.75,0.0
Honeycrisp,14.21690541679704,3.667837468887351,12.94834765817465,3.580139078909612,3,fresh_premium,3.24,6.208911092209176,2.8,0.0
Granny Smith,10.425170145576704,3.44160812541762,16.9273703773741,3.1101038687015383,4,fresh_standard,1.75,31.733796466924385,1.75,0.0
Gala,13.648155986730917,2.712966861902573,11.390481205912984,3.515233052325446,3,juice,1.75,23.122405138111795,0.06,1.69
Gala,13.523563648439,2.957420201902227,12.20727440111875,4.15788154028653,3,fresh_standard,1.75,0.8835632986675681,1.75,0.0
Cameo,15.07294735969073,3.3947837468164375,11.093928844815334,3.5078260246261714,4,fresh_standard,2.15,14.48623449154724,1.75,0.0
Cameo,13.6033314032639,3.5699316427264387,12.396141092806804,3.882563487338725,4,fresh_premium,2.15,0.34899878772847936,2.8,0.0
Golden Delicious,13.341571599719671,3.00885266287348,10.473440951707666,1.5977445584731667,4,juice,1.5,20.74637353958813,0.06,1.44
Granny Smith,11.63423051730845,3.889058399155074,16.93254859549637,4.263135453163194,4,fresh_standard,1.75,4.186558770205241,1.75,0.0
Pink Lady,15.169992535757116,3.5635088688875345,15.736284508755011,3.305213766618202,5,fresh_standard,3.0,13.351213047485327,1.75,0.0
Cosmic Crisp,14.712434844821924,3.6843841411136746,10.490698219362642,4.515922269734317,4,fresh_premium,2.93,11.955796643719838,2.8,0.0
Cameo,13.417990580553102,3.3498687779137497,12.131777210203518,1.9809384102495118,4,juice,2.15,7.344494760376783,0.06,2.09
Honeycrisp,14.371794961445033,3.4390504742457066,13.780010683635133,3.5908896583832637,3,fresh_premium,3.24,23.450615229814417,2.8,0.0
Braeburn,12.957509854847059,3.703694917444226,13.020093962109662,2.32697073780903,4,fresh_standard,1.85,5.831341790820542,1.75,0.0
Pink Lady,13.839719792120796,3.633647675390746,14.654066323126477,3.699316178024393,5,fresh_standard,3.0,2.570318300956333,1.75,0.0
Ambrosia,14.474568988597206,3.460358907323786,11.438137618203715,4.500291159021489,4,fresh_premium,2.5,3.002067090421373,2.8,0.0
Jazz,14.426982810534277,3.7574759660046917,13.510083857492557,3.7240709270537766,4,fresh_premium,3.0,5.742105041411313,2.8,0.0
Gala,12.42201884388326,2.946880435750866,12.572411304522117,3.8423677983317184,3,fresh_standard,1.75,19.520921151433253,1.75,0.0
Gala,13.316076722585521,3.014349054358474,11.205031928132948,2.6713732381077353,3,fresh_standard,1.75,12.00475023657181,1.75,0.0
Fuji,17.72565678150654,3.891927050963116,14.186334163351942,3.627544418379329,4,fresh_standard,2.0,1.7609041164184422,1.75,0.0
Red Delicious,10.967872671315318,2.9337764833909312,10.765672981356158,2.8344123287213048,4,juice,1.25,15.618861525884448,0.06,1.19
Cameo,13.28356728275083,3.315489799153564,12.405259152875832,4.234369251887603,4,fresh_standard,2.15,18.05280701015106,1.75,0.0
Fuji,16.56225128617833,3.840272790861585,14.618578264696993,2.7342173500769986,4,fresh_standard,2.0,8.867116130036374,1.75,0.0
Red Delicious,11.129196466887171,2.7935529676395934,10.555755411073754,2.28371650107264,4,juice,1.25,0.6960802571127356,0.06,1.19
Gala,13.590646701107381,2.9461240437691973,12.195336565405405,3.1187825667046223,3,fresh_standard,1.75,18.798560713286726,1.75,0.0
Honeycrisp,14.629389551789801,3.631513689839583,13.452182667445323,3.275957829251338,3,fresh_standard,3.24,2.0074635703448163,1.75,0.0
Honeycrisp,14.233521420589836,3.762621568240655,12.338985493372185,4.449799937716626,3,fresh_premium,3.24,2.596037254184837,2.8,0.0
Red Delicious,11.150903813928648,2.7425084820153507,9.144714515482653,4.4948825753304025,4,juice,1.25,18.27643382661033,0.06,1.19
Cameo,13.308953081948953,3.3877960730668044,11.634518348713735,3.0524347241146392,4,fresh_standard,2.15,7.005580961586938,1.75,0.0
Gala,13.890353822344181,3.11957764691157,11.845457273787865,5.0,3,fresh_standard,1.75,1.6687078846063783,1.75,0.0
Ambrosia,14.79849990718379,3.5578626625783154,11.073442725001643,3.6646898954616773,4,fresh_premium,2.5,2.164458271101219,2.8,0.0
Cosmic Crisp,13.699097522327394,3.707316573045488,11.850496634831332,4.167228394993512,4,fresh_premium,2.93,14.714489225838568,2.8,0.0
Granny Smith,10.604823160233938,3.8864022733458876,15.235944967256124,2.3659938972902346,4,fresh_standard,1.75,2.5781400225812767,1.75,0.0
Pink Lady,13.148124702401768,3.494216039805113,14.787728811308316,3.5057044464245415,5,fresh_standard,3.0,5.589653256517158,1.75,0.0
Granny Smith,10.873267859994513,3.642937744979454,16.84928358225727,1.921561917902562,4,juice,1.75,19.909295283305287,0.06,1.69
Cameo,14.509467310728317,3.338689836239499,12.764990210136272,4.289304974564063,4,fresh_standard,2.15,10.612998029663263,1.75,0.0
Golden Delicious,13.377906857196793,2.8628606540285193,,3.9936696685004014,4,fresh_standard,1.5,16.853747807542533,1.75,0.0
Ambrosia,14.235570111345064,3.5884070209339614,12.143544704096644,4.4484196579327655,4,fresh_premium,2.5,9.308442460058355,2.8,0.0
Fuji,16.572707439712826,3.8887989052133,13.161823234274523,3.1798398161365,4,fresh_standard,2.0,2.0188779960316126,1.75,0.0
Jazz,14.29703781268693,3.5819712643247024,13.090053837793876,4.604183115296571,4,fresh_premium,3.0,10.698941006159439,2.8,0.0
Braeburn,13.142733480697727,3.4761237903546487,14.245150795665563,4.124258535586903,4,fresh_standard,1.85,8.492954214491728,1.75,0.0
Gala,12.201977040191917,2.5721747334101197,11.103671598239458,4.051072666365449,3,juice,1.75,54.33246192014816,0.06,1.69
Granny Smith,10.358627071048513,3.8529724515429318,16.759675495882934,3.0728160636446464,4,fresh_standard,1.75,0.5303940438718154,1.75,0.0
Jazz,15.38294216125761,3.7286263416951506,12.676535011988996,3.695108547840309,4,fresh_premium,3.0,0.26545955214669614,2.8,0.0
Braeburn,13.132054552188105,3.5992676333930462,14.372182307886973,3.509615169377096,4,fresh_standard,1.85,5.974806837066781,1.75,0.0
Pink Lady,13.795619207723648,3.3989275929462206,14.354299578894771,3.177300626521554,5,fresh_standard,3.0,19.862942632118777,1.75,0.0
Cosmic Crisp,14.441745335026415,3.798009879726464,11.6382046353484,4.337409746083302,4,fresh_premium,2.93,7.792860190698895,2.8,0.0
Fuji,17.17073526451676,3.7816905705448485,13.43224856844106,2.1699086963875613,4,fresh_standard,2.0,20.833584057535873,1.75,0.0
Gala,13.850262775328426,2.8772358907399753,12.389190854506571,3.0400060473299915,3,fresh_standard,1.75,10.991546096145083,1.75,0.0
Fuji,17.185521018668258,3.815787376875975,12.7526372996721,3.7977195124179897,4,fresh_premium,2.0,8.558086460009314,2.8,0.0
Empire,13.807686852610706,3.2081259802318383,,3.5820479884395384,3,fresh_standard,1.75,12.521801316149912,1.75,0.0
Gala,12.016138119526108,2.9204566873193096,11.42881296598633,2.656659788492815,3,fresh_standard,1.75,7.04225843728193,1.75,0.0
Braeburn,12.65709360652096,3.4529936084093946,13.767218080710316,4.538701779060379,4,fresh_standard,1.85,14.138268161482529,1.75,0.0
Braeburn,13.519925773124097,3.5917065287512813,13.597852300196667,3.1452291267188635,4,fresh_standard,1.85,1.3962763769942,1.75,0.0
Empire,12.710413821006178,3.268963108385379,10.415647682917673,2.7604758132678318,3,fresh_standard,1.75,3.260309984573633,1.75,0.0
Pink Lady,14.02473481563426,3.533422593610133,15.366496056579292,4.28195456002618,5,fresh_standard,3.0,10.271426880495873,1.75,0.0
Honeycrisp,15.778612234840615,3.782468835699292,13.022684797721876,4.340976485647482,3,fresh_premium,3.24,1.4661255122827865,2.8,0.0
Granny Smith,11.309670191079833,3.5937182747183445,15.213247237873196,4.493724951234377,4,fresh_standard,1.75,15.222507530684267,1.75,0.0
Gala,12.559577317393073,2.986362628707177,12.198089174300764,4.242462880810484,3,fresh_standard,1.75,19.877512246541208,1.75,0.0
Cortland,11.38188634254522,2.6714481755496853,11.347033573634517,3.012899830320378,3,juice,1.5,16.3097392851105,0.06,1.44
Honeycrisp,15.34343199166583,3.600443315517108,13.515692220928738,4.479635413042604,3,fresh_premium,3.24,13.793572402143084,2.8,0.0
Golden Delicious,12.895113344601064,3.0960166344168845,11.260037361237655,3.8161387541994762,4,fresh_standard,1.5,4.065340018014807,1.75,0.0
Gala,13.760956937416777,2.9398721149504468,11.4967525207396,3.2776951408459825,3,fresh_standard,1.75,8.691664415363629,1.75,0.0
Granny Smith,11.101584075899243,3.8522365408621013,15.733596641292536,3.35416328067148,4,fresh_standard,1.75,6.619839033874896,1.75,0.0
Pink Lady,13.426688630094578,3.750330004682399,14.732923069742796,4.271649014518194,5,fresh_standard,3.0,3.9205604248414607,1.75,0.0
Honeycrisp,14.537272068694667,3.5743382640218635,12.633844010312556,3.653545202369673,3,fresh_premium,3.24,9.318477025886182,2.8,0.0
Jazz,14.688826678380083,3.7794409919994805,13.522243074086315,4.315405842277388,4,fresh_premium,3.0,5.294914219185614,2.8,0.0
Fuji,15.45522712853726,3.7977440596387835,14.755192626244675,2.553802110685402,4,fresh_standard,2.0,15.150947843264543,1.75,0.0
Ambrosia,16.09987064547052,3.562977545282001,11.794030082474384,3.1257340133809097,4,fresh_standard,2.5,1.4988925750214477,1.75,0.0
Cosmic Crisp,14.795782978571868,3.899594136403868,10.721947793880053,4.144584321953909,4,fresh_premium,2.93,1.0815299766527462,2.8,0.0
Granny Smith,10.824495393351407,3.7561843695041834,15.851011318543685,2.067842077882596,4,fresh_standard,1.75,0.30824021993599404,1.75,0.0
Honeycrisp,15.277797154600727,3.7190284165698184,13.23001445339834,4.373646802561631,3,fresh_premium,3.24,7.3461042418603775,2.8,0.0
Fuji,17.45972112884018,3.905611985897017,14.26041633197879,3.844246652602648,4,fresh_standard,2.0,8.09981686407669,1.75,0.0
Red Delicious,12.22111912112069,2.8419323367667206,9.715026656854473,4.87026219631064,4,juice,1.25,17.1889481135695,0.06,1.19
Granny Smith,11.283015523712953,3.751642376038378,15.080667704276904,3.7156854785282754,4,fresh_standard,1.75,12.587271462934224,1.75,0.0
McIntosh,12.37287742597119,2.7196988312448136,10.566580184877733,2.271610637174783,3,juice,1.5,1.1424704875779252,0.06,1.44
Gala,13.34446799130441,2.959704332270302,12.477446301453133,2.8462201775945672,3,fresh_standard,1.75,16.286456581731287,1.75,0.0
Cortland,11.250261450391069,2.7629608888513078,10.900190537181718,3.1927014057603262,3,juice,1.5,11.395782197163232,0.06,1.44
Fuji,17.677139284566213,3.8265214846238624,14.105214821631773,4.08668932981172,4,fresh_standard,2.0,14.271394599157912,1.75,0.0
Golden Delicious,13.693176079053138,3.0134416092384475,11.066110580189422,3.2558688532973754,4,fresh_standard,1.5,3.567707812530381,1.75,0.0
Cosmic Crisp,14.309153793017883,3.9238182625725293,11.135890461105259,5.0,4,fresh_premium,2.93,5.904149873957085,2.8,0.0
Braeburn,13.216648447951565,3.5104488670177063,13.042073804920937,3.255523935625039,4,fresh_standard,1.85,12.926880628254265,1.75,0.0
Fuji,16.440013309065154,3.9788772632543554,13.362550988210119,2.541440498242741,4,fresh_standard,2.0,1.4008691730201157,1.75,0.0
Gala,13.280315650149756,3.009087331229909,12.297009640237377,3.474305971213055,3,fresh_standard,1.75,2.1896925700721095,1.75,0.0
Cameo,14.6867135626031,3.4306352919695757,12.638796461932985,2.7605412565016,4,fresh_standard,2.15,11.68860909361214,1.75,0.0
Gala,12.897625509314695,2.927566857546691,12.342958297334414,1.9185513565898733,3,juice,1.75,10.104374874923895,0.06,1.69
Granny Smith,11.497501468027993,3.720680492907142,16.35323446710501,3.3461955929765046,4,fresh_standard,1.75,12.17502089059536,1.75,0.0
Granny Smith,10.903720066860647,3.8133036900455144,15.473219565415015,3.032697774307739,4,fresh_standard,1.75,7.711955228569481,1.75,0.0
Pink Lady,13.876510754393513,3.573105066183287,15.23898069201923,3.852525160853986,5,fresh_standard,3.0,1.9273916294070355,1.75,0.0
Honeycrisp,14.268940099414257,3.5023757510690214,13.980107700208526,4.3051851327167325,3,fresh_premium,3.24,14.79807080960515,2.8,0.0
Gala,13.524887413395401,2.823248162784091,11.705917006904713,2.744897053594799,3,fresh_standard,1.75,12.55617603584788,1.75,0.0
Red Delicious,12.86292865782499,2.8214276315955007,,3.8719239672726644,4,juice,1.25,7.668409039424598,0.06,1.19
Jazz,15.181158319592585,3.7677906548416753,13.886151675489415,3.55625391109895,4,fresh_premium,3.0,3.001552182005943,2.8,0.0
Golden Delicious,14.03541819640147,3.1387150994863147,10.670813626992693,3.3462315054490563,4,fresh_standard,1.5,15.451635577488867,1.75,0.0
Red Delicious,12.959594179608876,2.5916669403383676,9.279441133957908,2.876801867841735,4,juice,1.25,48.39904024537674,0.06,1.19
Ambrosia,15.833753372132234,3.6130189127656442,11.586977646416244,4.405404136579891,4,fresh_premium,2.5,4.266024955171009,2.8,0.0
Granny Smith,10.051953264809683,3.7350708347535475,15.753972334573684,3.550500938111418,4,fresh_standard,1.75,2.845292386217832,1.75,0.0
Ambrosia,15.00013480243558,3.657011901002281,12.203846862030263,3.506410236424408,4,fresh_premium,2.5,1.5146608209468253,2.8,0.0
Granny Smith,11.645823466018685,3.66542129241723,15.079845065127502,3.6245620108403753,4,fresh_standard,1.75,4.635822307736845,1.75,0.0
Cosmic Crisp,15.041705260059413,3.615318626646536,10.33256673751216,3.9065641779193205,4,fresh_premium,2.93,19.010057185416066,2.8,0.0
Golden Delicious,13.585182299895312,3.2701199029603525,10.562954604901838,4.499211150574118,4,fresh_standard,1.5,1.3594629571954329,1.75,0.0
Empire,11.92116110025032,3.2968118875289933,11.775503049343376,3.1103811082316715,3,fresh_standard,1.75,17.43740320279735,1.75,0.0
Honeycrisp,15.42928798148782,3.4790309991837183,13.223441492468705,3.6134951080722666,3,fresh_premium,3.24,25.36693546378928,2.8,0.0
Ambrosia,14.604556907054533,3.5044494962508885,12.19795701635442,4.133563325505742,4,fresh_premium,2.5,10.379567580206073,2.8,0.0
McIntosh,12.015043198212092,2.5916616261607457,10.556743809090982,1.1977652842149284,3,juice,1.5,0.24730168309727754,0.06,1.44
Gala,13.568762494491766,2.8936566460343798,11.571516649185412,4.112829977257639,3,fresh_standard,1.75,28.42015744951548,1.75,0.0
Cosmic Crisp,16.016341484491473,3.899474284767919,11.194826204340616,3.7419776358913133,4,fresh_premium,2.93,8.974880765880748,2.8,0.0
Cameo,15.10295671657673,3.520965068298982,11.758731196408373,3.9218855253320024,4,fresh_premium,2.15,6.742255230389045,2.8,0.0
Cameo,13.763400289907898,3.6336401325455743,11.724363205588304,3.7439732205336043,4,fresh_premium,2.15,0.6934053305263878,2.8,0.0
Empire,12.898589568798402,3.2550429678706525,11.933731100586787,2.1174728384336197,3,fresh_standard,1.75,2.184474474011309,1.75,0.0
Cortland,12.213088331126848,2.8216975640734656,10.359318578059824,2.477639875334335,3,juice,1.5,1.4647255813141538,0.06,1.44
Golden Delicious,13.520672928332216,3.071790642565843,10.54343519779636,3.3108220068283254,4,fresh_standard,1.5,9.75875818212531,1.75,0.0
Empire,12.191301249678752,3.1788022930285065,11.665988277106,3.253688910362162,3,fresh_standard,1.75,3.6349948221178305,1.75,0.0
