brix_numeric,firmness_numeric,starch_numeric,size_numeric,season_numeric,routing,variety,is_premium
10.494523517426384,2.8293535827755756,15.176153350335664,4.815683215386889,1,juice,Honeycrisp,False
18.77197003998283,2.887184967425229,12.64829553110238,3.8480717919269325,2,fresh_standard,Golden Delicious,False
17.6650437703393,3.2585652193678074,8.0,4.6874382095740925,3,fresh_premium,Cameo,True
17.824595441685695,3.2927351015914357,11.102316679074725,4.048991576735448,3,fresh_premium,Jazz,True
18.289742098561618,3.476842009431821,10.815400231891648,4.746344284479761,3,fresh_premium,Jazz,True
13.472357724928541,2.5912265208082177,14.494961095280209,1.9784650962090642,4,juice,Cortland,False
20.26383319390394,3.3716869789636528,10.729752465739303,3.6749987095882704,4,fresh_premium,Braeburn,True
14.866295333857488,2.646557231709403,15.952862754396136,1.0455586723542112,4,juice,Honeycrisp,False
16.532319956746118,3.417839855716553,10.83434501410099,5.0,4,fresh_premium,Jazz,True
15.878977110387604,3.002274158089149,11.896696734597224,1.932311514471814,3,fresh_standard,Granny Smith,False
15.945021653631517,3.321484775312705,10.939598160993972,3.6616923428526142,2,fresh_standard,Cosmic Crisp,False
16.210308150883655,3.020401819413826,9.74105905008877,3.69889396981911,3,fresh_premium,Empire,True
16.04685582148937,3.302565601298661,12.070137031221178,4.613466611942154,3,fresh_premium,Honeycrisp,True
16.138700284612593,3.3416564272136147,15.50135113369848,2.835497717085402,2,fresh_standard,Cosmic Crisp,False
17.07218311217195,3.0984976243757796,9.431308388518769,3.9477753907312643,4,fresh_premium,Pink Lady,True
16.82372259775767,3.5855441682505558,11.138392884680147,3.880533950415153,4,fresh_premium,Red Delicious,True
15.202145213638262,2.6359369345049872,13.00500556178107,2.752280228809551,4,fresh_standard,Golden Delicious,False
12.400308808020137,3.101788318920965,9.600368961399948,3.759050477177296,3,fresh_standard,Braeburn,False
16.759676981901688,2.978045993565206,12.302427612958551,3.877237694584203,3,fresh_standard,Granny Smith,False
19.26165591372751,3.301085011313662,8.741185498991491,4.119623432055575,3,fresh_premium,McIntosh,True
16.97153938843485,3.791957138564505,11.016888807008904,4.482425816548729,4,fresh_premium,McIntosh,True
14.374199727539024,2.979187134922938,9.54188867245773,1.8438357884702195,3,fresh_standard,Golden Delicious,False
15.726043443110932,3.3591908181314802,10.789525927188595,3.8235304807642607,2,fresh_standard,Braeburn,False
17.395330911282826,3.439732205375498,11.424331203161985,4.079928195998701,4,fresh_premium,Ambrosia,True
18.02455496096366,3.6117974629428113,12.87104703080018,3.8738232489368563,4,fresh_premium,Cortland,True
17.35333432848701,3.356776092606496,10.589976759091558,3.981481601475794,4,fresh_premium,Golden Delicious,True
16.796333167677243,3.25133884230208,12.40188750465647,3.6373615416565936,2,fresh_standard,Ambrosia,False
15.59393936519333,3.0074434761517637,13.367126797474993,2.5475389057008075,4,fresh_standard,Empire,False
18.59376340855712,3.3260073047664944,,4.1443468146399285,4,fresh_premium,Cortland,True
14.92772144140411,3.15992661310431,12.915495071820196,2.9338279808828056,2,fresh_standard,Cameo,False
16.780366773071673,3.4915285423155993,10.689958214408675,4.27314212400185,4,fresh_premium,Golden Delicious,True
14.350319004981667,3.0924689279995268,14.14760330253185,4.308638244908652,3,fresh_standard,Gala,False
15.531791222054107,3.031276068815433,10.906549882283446,5.0,4,fresh_standard,Red Delicious,False
16.98985594654471,3.025577105627567,8.006974031908054,2.7763940293627734,3,fresh_standard,Fuji,False
17.860789178897946,3.637513352121976,10.17937055262123,4.396744360276107,3,fresh_premium,Braeburn,True
14.081280155706862,3.0809325371555967,14.71643582412819,1.845116590264188,4,fresh_standard,Granny Smith,False
18.59650465240127,3.4905826291077933,8.345187451417475,3.8569978890599446,3,fresh_premium,Honeycrisp,True
18.490402915289636,3.395010440121126,,4.397132339810914,4,fresh_premium,Cameo,True
18.549584434469228,3.6337256054914957,10.794539131535096,4.038425941479384,3,fresh_premium,Cameo,True
17.25928555845196,2.906586081805135,10.822982901013962,4.283471286646877,3,fresh_standard,Golden Delicious,False
13.539592293552575,2.5,12.533035866643441,3.96311946864269,2,juice,Golden Delicious,False
18.249494486632965,3.2110264295728204,8.419876655239516,4.81233922923478,3,fresh_premium,Braeburn,True
16.167666668203832,2.5,14.514746212834698,4.751058237272897,3,juice,Cortland,False
16.661568005748233,3.303643446125228,8.0,3.6646898954616773,3,fresh_premium,Ambrosia,True
11.479370410990994,2.709552026849941,14.594454443170173,2.05838844752412,2,juice,Pink Lady,False
18.52770301123188,3.2128262610417204,10.655407254619524,3.7256375461295193,3,fresh_premium,Cortland,True
18.005567872418407,3.619543117349501,9.13523439890992,4.500291159021489,3,fresh_premium,Fuji,True
16.3222388705118,3.5126816815111885,13.213405537917795,3.52028038163826,4,fresh_premium,McIntosh,True
17.59520715914183,3.637817695123531,9.942237295748939,3.771451871706864,4,fresh_premium,Golden Delicious,True
19.16495461896819,3.410405978071859,8.4778649039607,4.580939151304095,4,fresh_premium,Jazz,True
14.757069821751866,3.131491542924227,11.130910336547547,2.159501342537759,3,fresh_standard,Gala,False
16.1490228853387,2.5,15.796234648244695,2.6441887742242325,1,juice,Empire,False
18.088362009024422,3.471218416943718,8.600098061390206,4.563352568413792,3,fresh_premium,McIntosh,True
17.07807101691382,3.3059300488611947,8.0,3.696089006452784,3,fresh_premium,Cosmic Crisp,True
14.86353738126133,3.0604157233533726,11.737865528994824,4.847049913381875,3,juice,Gala,False
18.3218296652353,3.253537335867256,9.679835693604687,4.476568316956622,3,fresh_premium,Fuji,True
13.180095162954094,2.973137697474789,12.102094344462644,1.4316982198599755,5,juice,Cameo,False
14.809929744513239,2.6907381788029303,11.491678026008792,1.4557810777781741,3,juice,Cortland,False
11.005669971516488,2.6376911027390406,9.786221770747838,2.467831327267981,2,juice,Cortland,False
18.19689953572294,3.443042678343872,11.559857031094115,3.895389063127736,4,fresh_premium,Empire,True
17.88570365961576,3.272043918543172,10.71204734931993,4.447519157038058,3,fresh_premium,Jazz,True
17.07634247493771,3.4039548575445155,11.514725634013951,3.8522992949304853,3,fresh_premium,Cameo,True
18.610329295570804,3.4558262254762133,8.134205146913072,4.553540334643486,4,fresh_premium,Cameo,True
18.941018886936725,3.3390607078785686,11.545425181047763,4.088220777638613,4,fresh_premium,Gala,True
17.586267063712235,3.007006895370747,10.89213151249793,4.420310013252276,3,fresh_premium,Cosmic Crisp,True
13.334503738361663,3.0451091479619903,12.179351316143432,3.5201383101697528,3,juice,Honeycrisp,False
17.619033372325564,3.373856538212402,10.593705300156113,3.898163124911517,3,fresh_premium,Red Delicious,True
15.75551026141399,3.4499616866064224,10.736462427457377,4.542893162469674,3,fresh_premium,Honeycrisp,True
14.59653225932185,2.8680429413466024,13.605721679517098,3.102893960323973,4,fresh_standard,Red Delicious,False
17.919045713618335,3.4343727532651416,9.17221278116133,4.400204762613841,3,fresh_premium,Pink Lady,True
19.685732900621893,3.1571260296507226,8.0,3.5403077042067883,4,fresh_premium,Pink Lady,True
19.93130668719376,3.15835492564364,11.446130752432536,3.798175768379002,3,fresh_premium,Ambrosia,True
14.78859531126495,2.5,13.532551884296549,2.771748486937744,3,juice,Pink Lady,False
19.27180977049505,3.45188916770777,9.17454226923187,3.8867605540492365,4,fresh_premium,Gala,True
18.236330108270522,3.1501874298371404,12.251139685951467,3.6327042116009753,3,fresh_premium,Pink Lady,True
16.574337882936696,3.2940196198206255,10.461110046713651,3.3852252027737917,4,fresh_premium,Cameo,True
17.904079604307213,3.2280409499611444,8.515557795144494,3.410480104420099,3,fresh_premium,Red Delicious,True
16.90074259449265,3.324120050743083,9.961668893512831,4.456792313116624,3,fresh_premium,Cortland,True
15.037039871453594,2.5,10.116864398759557,1.021296762284257,2,juice,Honeycrisp,False
15.983660987742311,3.069191143229238,8.722045075269907,3.06626605641448,2,fresh_standard,Braeburn,False
16.05507104713827,2.874256470159766,14.04886368035607,1.3043999559230972,2,juice,Empire,False
17.494203955607365,3.328431899907028,8.746979420110364,4.354725908569519,3,fresh_premium,Golden Delicious,True
14.970088932027593,2.9902582001833675,12.390029614135715,3.0025181815250614,2,fresh_standard,Red Delicious,False
20.85879536448494,3.211604785737389,10.743522831958908,3.961081401493599,4,fresh_premium,Honeycrisp,True
15.711098992541883,2.877705062177413,8.684584008675856,3.651184688158193,4,fresh_standard,McIntosh,False
14.242806502955784,2.852616826214556,14.88463373632897,4.987962011250204,2,juice,McIntosh,False
12.892740223671078,3.096713389429193,,2.3231719657106225,3,juice,Honeycrisp,False
18.21488862474504,3.214592282439589,8.869053116699986,4.807687844734721,4,fresh_premium,Golden Delicious,True
13.769884009053266,2.5241919221016493,14.771940185137751,2.45559762598133,2,juice,Jazz,False
15.405373385101583,2.7193024045005663,13.317519904517722,2.612705204332146,3,fresh_standard,Cameo,False
11.700205162914727,3.079207765257208,10.872632502870587,2.7970591379660954,2,fresh_standard,Braeburn,False
18.068259119501903,3.600503629624161,8.163552645565952,4.142777037428829,3,fresh_premium,Jazz,True
17.8290734701599,3.539381800960711,8.0,3.8453954614750683,3,fresh_premium,Jazz,True
17.09856085897974,3.330938125170386,9.268132887781446,4.807791411774116,3,fresh_premium,Honeycrisp,True
16.728058911497186,2.773347884672479,12.912786207813895,4.251713621575748,2,juice,Cosmic Crisp,False
12.227969278015081,3.022875319100387,12.497881377920125,3.537555686251598,4,fresh_standard,Cortland,False
15.83618575523752,2.757334629753066,15.363872112978935,2.466248732177996,4,fresh_standard,Granny Smith,False
14.383329252499104,2.500433825938542,16.172761422411675,3.283412102177251,1,juice,Red Delicious,False
17.332176032198312,3.429302788396851,9.99089363269016,3.91993360221668,3,fresh_premium,Gala,True
16.356348039123205,3.6170307403824724,8.285492630904274,3.665927957230503,3,fresh_premium,McIntosh,True
14.205386322869222,2.8466121005446388,8.360762448068495,3.658226224667202,3,fresh_standard,Cameo,False
18.338298307536583,3.356278592555929,9.553654744960012,4.012109728336379,3,fresh_premium,Jazz,True
16.718861123514365,2.9706087381063764,10.480216733070472,3.638395639689789,4,fresh_standard,Empire,False
18.266079245553424,3.366830900367667,9.476113443522356,4.574318674714357,3,fresh_premium,Pink Lady,True
14.197857131484437,2.7898869627689313,10.947980474669212,1.3312816978133302,4,fresh_standard,McIntosh,False
14.611705892692525,2.717245974283778,8.0,2.0509308583121166,3,fresh_standard,Gala,False
14.860592995435205,3.259994220463271,16.3267521103271,3.111088836275508,3,juice,Fuji,False
13.37723513171052,2.5,15.136546754305568,2.7751343171293428,4,juice,Cortland,False
15.813960242886598,2.5346840557008763,17.12051105906186,1.9274384555313935,5,juice,Cameo,False
11.342375582562012,2.5,12.987621877829328,4.1260925181322685,2,juice,Cortland,False
18.523303831515168,,12.567562720213516,3.8925394848556323,3,fresh_premium,Cosmic Crisp,True
14.976238254162492,2.9026212854500435,10.227838709132458,3.7096638211570294,4,fresh_standard,Gala,False
20.359077365951254,,8.967774482233414,4.084230488134807,4,fresh_premium,McIntosh,True
17.272256670951716,2.5,17.34573640379706,3.101441927277992,2,juice,Golden Delicious,False
12.824955585372612,2.846895251015573,12.690183056526559,3.2855782074135407,3,fresh_standard,Cameo,False
16.17001145870994,2.8656915904159943,12.012813992137104,3.285280061732411,4,juice,Granny Smith,False
16.582069268041952,3.491594081989051,9.026083682400989,3.536323432904713,3,fresh_premium,Braeburn,True
16.383872493931015,3.409610451153068,11.47264823048739,3.4967287173601793,3,fresh_premium,McIntosh,True
16.21794483835779,2.967361555768027,11.509419501548743,2.3929877936517,3,fresh_standard,McIntosh,False
18.385892998214327,3.235116879208224,9.09794853407318,4.435648648728622,3,fresh_premium,Golden Delicious,True
17.35596060356432,3.241442730963331,12.935823851151754,4.0092154020284125,3,fresh_standard,Jazz,False
12.062743992045073,2.519946762034462,14.921649730807731,1.8625590509033967,2,juice,McIntosh,False
10.976926805924103,2.5376993451977676,14.357058339440956,1.2091054890888229,2,juice,Cosmic Crisp,False
14.181096453803445,2.718139538287692,13.911453360310702,1.8180173547711833,2,juice,McIntosh,False
19.32426774671828,3.6521726813044912,13.247503517351626,4.250422237472229,3,fresh_premium,Cosmic Crisp,True
15.349313303994599,2.5,13.98978673594555,3.9551121156743907,2,juice,Jazz,False
18.96452846702826,3.332144477883527,9.783868666417577,4.705466189873135,3,fresh_premium,Granny Smith,True
18.140192209419844,3.425948909612038,9.90379248011051,4.033927755263702,3,fresh_premium,Honeycrisp,True
14.293238728951524,3.107220396892576,10.764697555640847,3.5847671811009727,4,fresh_standard,Gala,False
13.919431294422527,2.901804676076873,14.196509213551892,3.0209638022192284,4,fresh_standard,Pink Lady,False
16.92196253997291,3.4875570529896818,11.819646549968775,3.628764707150976,3,fresh_premium,McIntosh,True
11.707440499974044,2.767529337209272,14.194311574172495,3.419800052590817,4,juice,Jazz,False
18.702018141797794,3.5910772182935964,11.628843348747367,3.2094046489839334,3,fresh_premium,Pink Lady,True
17.11678759008285,3.155452283869776,13.869564006481479,3.848410108582862,4,fresh_premium,McIntosh,True
13.02945049433002,3.1047665552360604,15.79702340910313,1.9134224567153906,1,juice,Cortland,False
16.258967845642523,2.703764497459408,11.263244746627702,3.065022737644959,4,fresh_standard,Gala,False
18.108956548211957,3.0428541730222647,10.837970270336289,3.766271704886614,2,fresh_standard,Granny Smith,False
21.619688815380126,3.1612796208274467,8.66876173329685,3.6135611660881954,4,fresh_premium,Honeycrisp,True
15.317844679683253,3.2779777878449736,9.085325643520926,2.5298056826678597,4,fresh_premium,Braeburn,True
12.783438450606926,2.6089834221822152,14.663836895415775,3.57420849194967,2,juice,Granny Smith,False
14.043423304707424,2.7884887230640163,12.21886237881797,4.244922233605431,3,juice,Ambrosia,False
17.472351911833925,3.166154586657332,12.278088598071452,3.5782615159884097,4,fresh_standard,McIntosh,False
19.324751520732,3.6024858460378133,9.452017673031836,3.955818520397332,3,fresh_premium,Pink Lady,True
12.802156413381152,2.746289553234041,15.058984769415677,4.274135998626307,2,fresh_standard,Cosmic Crisp,False
18.821231480596982,2.962011158665346,13.191693302565252,2.8867793973064413,3,fresh_standard,Cameo,False
12.784823812369348,2.831733270834122,9.527874799854452,3.2850022309648668,3,fresh_standard,Cosmic Crisp,False
14.86009921071951,3.134471592498641,13.57710450094422,2.6644521978731595,4,fresh_standard,Fuji,False
15.255420918579762,3.2075441015934714,13.064595873153339,2.4676621614964316,3,fresh_standard,Red Delicious,False
13.277274261842374,3.1654574560465565,13.090091218736363,2.6136721284315856,3,fresh_standard,Golden Delicious,False
16.78458137909831,3.4903036082291194,9.440750271862349,3.3101909176055346,3,fresh_premium,Golden Delicious,True
15.939069925822631,2.8890157191229187,16.137584642788585,3.1601167690427507,3,juice,Jazz,False
19.583618098255094,3.5434531399204543,10.01552892976507,3.865734676047084,4,fresh_premium,Pink Lady,True
13.702984795081234,3.40841893914102,14.465461993777533,2.873355617592269,3,fresh_standard,Golden Delicious,False
22.0,3.6670068635187985,12.62436511478041,3.5127353476646794,4,fresh_premium,Golden Delicious,True
13.840115262742065,2.5,12.155622189136745,4.717043900791568,3,juice,Granny Smith,False
19.061509036037307,3.077142823176958,9.125383842146592,3.947025822847932,3,fresh_premium,Braeburn,True
18.978816361823515,3.3215818701985063,8.185457885738339,3.950705933857869,3,fresh_premium,McIntosh,True
16.947769225507066,3.271051597929684,10.837490368782584,4.819982264685697,3,fresh_premium,McIntosh,True
16.280478995841516,2.5235454744106853,13.865445070172932,2.663144248276732,2,juice,Pink Lady,False
19.60637357307008,3.4278636255413306,10.042271736053692,4.133563325505742,3,fresh_premium,Fuji,True
11.7858630319853,2.738606733266383,13.398348087935403,4.136748716928318,3,juice,Braeburn,False
15.349081862547088,2.8300039862222217,11.944152469978523,4.574138333993748,1,juice,Fuji,False
13.187886248708445,2.5,15.856181221982162,2.817082897441701,2,juice,Pink Lady,False
19.799781443256045,3.4994346929887503,11.636965180891403,4.021801223186227,3,fresh_premium,Honeycrisp,True
17.711499506369506,3.4482681418128016,10.582867906796446,3.0624137651771277,4,fresh_premium,Honeycrisp,True
15.55585989497488,2.9813211541557307,11.614678144089849,3.5156147933162334,4,fresh_standard,McIntosh,False
18.35833083789715,3.3429553069547864,10.117952785474136,4.309577130502599,3,fresh_premium,Golden Delicious,True
15.466041159902515,2.9175245736571815,13.496910215124727,1.223663192851899,2,fresh_standard,Jazz,False
13.231162618074187,3.197578013692658,9.863411901049659,2.585397888911038,3,fresh_standard,Cosmic Crisp,False
20.217619515617955,3.149831294911171,8.0,3.115780317218574,3,fresh_premium,Cameo,True
15.571895888338815,2.8047132072272025,,3.945254173135317,3,fresh_standard,McIntosh,False
13.051713633663278,2.8861235870939157,14.827232515143361,1.0465795980123849,3,juice,Granny Smith,False
18.02408470427243,3.542557536757878,9.719543045521831,3.506410236424408,4,fresh_premium,Golden Delicious,True
18.855839482784233,3.398243684435308,10.401088471107855,4.538003569299299,4,fresh_premium,Cameo,True
16.57464206891268,3.383398476419944,12.046210644960766,4.089790890969799,3,fresh_premium,Red Delicious,True
15.138311996973814,3.2727158752451833,12.37716161447303,3.0364511049135188,3,fresh_standard,Cameo,False
17.686909834129377,3.5217493643363342,8.517113339273624,4.49915544907398,3,fresh_premium,Cortland,True
13.678235064191332,2.5280353510673637,15.920610336173336,1.7934901593908052,1,juice,Honeycrisp,False
17.293018783794903,3.5284196608648455,9.611436781268946,3.58620488967564,4,fresh_premium,Golden Delicious,True
15.445689321615928,2.9162229335254763,13.89700479413259,3.774260819220163,3,fresh_standard,Cosmic Crisp,False
13.85738913891593,2.9275850772697476,12.471720256356106,4.056331207827068,2,fresh_standard,Cortland,False
15.175073300967993,2.9249183796042435,12.627015130643029,4.080891271989373,2,fresh_standard,Cortland,False
18.39731348657477,3.0773508798601767,8.0,3.933683126808713,3,fresh_premium,Cameo,True
13.170404480570337,2.989431061953466,12.490267606856158,3.0669441797602577,4,juice,Fuji,False
19.1685428557337,3.407153216475252,11.378614724481652,3.840473032166691,3,fresh_premium,Ambrosia,True
12.700787560113467,3.0491607100562,11.390366219134101,3.312919144678055,3,juice,Cortland,False
17.816645568824047,3.4981643983564727,11.812549345889714,3.559062674386141,4,fresh_premium,Fuji,True
16.150975479053965,2.823887448067156,9.501836609179556,2.6411657307777108,2,fresh_standard,McIntosh,False
15.988930729254156,3.376888086346654,9.58478005016662,4.979173727110297,3,fresh_premium,Gala,True
18.87709871696898,2.812089676067,8.0,3.3374240594006968,2,fresh_standard,Empire,False
12.603082523455459,3.2341829334076584,12.893520211921095,3.46991335984481,2,fresh_standard,Granny Smith,False
13.690438677031503,2.576070381469421,11.272148413157959,2.7555115086769573,3,fresh_standard,Jazz,False
17.379591379643845,3.4322174623929143,11.976091098451489,3.4291554429332476,3,fresh_premium,Fuji,True
13.373666173324027,3.012423438792387,13.379237355072917,1.8799434214535926,4,fresh_standard,Cameo,False
17.303601068267184,3.4207757026302335,9.686465114070963,4.26056121418967,3,fresh_premium,Gala,True
18.21541350295346,3.5119610571582367,10.335871201096992,4.256953924829458,3,fresh_premium,Honeycrisp,True
19.072804759792266,3.348245450793514,9.444078501870841,3.8644381994787156,3,fresh_premium,Fuji,True
15.305836645676864,2.808310842827542,17.489167740150496,3.0563227824770927,3,juice,Jazz,False
13.728869212092054,2.5,13.24873267856532,2.2046360791417814,2,juice,Golden Delicious,False
18.409539271246345,3.166782610265348,,3.339988744389647,3,fresh_premium,Cosmic Crisp,True
17.04801297302091,2.7047842753832345,10.274198778863806,2.6864985876905068,3,fresh_standard,Ambrosia,False
13.337298403376064,2.6202017386513643,15.719667122934915,4.316727119799671,5,juice,Red Delicious,False
15.465631418279864,2.7367115268541826,10.990630367436252,3.078250634474646,3,fresh_standard,Cortland,False
13.645701905029899,2.854289365268543,17.301145926465697,3.3676576176762802,2,juice,Fuji,False
13.541634873795882,3.063089453003637,15.276979034295268,3.0926596697815567,4,fresh_standard,McIntosh,False
20.753888310949353,,8.21860237145573,4.2565528990880415,3,fresh_premium,Red Delicious,True
13.79145932708597,3.105166817269125,9.849858708421136,3.7950257716243514,2,fresh_standard,Red Delicious,False
15.40560711746547,3.096113135088915,12.627471215749765,2.43367124746074,2,fresh_standard,Red Delicious,False
14.218684872179733,3.1018522316336297,13.524387786992845,1.7232848251407091,4,fresh_standard,Cameo,False
13.144132627381294,2.5,9.93529247140323,3.6297773087098593,3,juice,Cameo,False
13.19576479395386,2.5,15.42949129977789,4.782518710995988,3,juice,Braeburn,False
14.893621677383836,2.8481470718956867,12.51444591623052,4.09913150816916,2,fresh_standard,Red Delicious,False
17.003821622562945,3.4471534732101228,11.391760192121856,3.728663100132989,4,fresh_premium,Braeburn,True
16.392759420150302,3.0993096269809093,10.89554231034697,1.3205149884647795,4,fresh_standard,Cosmic Crisp,False
14.299921677753819,2.548523951686811,12.09076379609988,2.213812865798425,2,juice,Red Delicious,False
16.60738229232426,3.2961269480888418,8.0,3.578376702341904,3,fresh_premium,Gala,True
17.8597494589627,2.6365730558943747,10.061977570552175,2.757148539787268,2,fresh_standard,Red Delicious,False
17.26281410659167,3.2827702048524614,8.845040153412038,4.250547084969923,3,fresh_premium,Pink Lady,True
13.661806743957657,3.0798631199171633,13.790005275916034,1.1437475214156612,3,fresh_standard,Cameo,False
14.590652708619057,2.9316221870781245,13.935618123522415,2.8011073169866583,2,fresh_standard,Granny Smith,False
12.143498902725492,2.96074396870798,13.264430946857889,2.4205270561028653,5,juice,Gala,False
15.572692846818931,2.7818999765531545,13.671701174556452,3.881734808903112,3,juice,Jazz,False
14.285635160477927,3.1145949125005488,10.070927923794152,2.013828518692065,3,juice,Fuji,False
11.677956444596827,2.9006740986489596,17.0782846916213,2.1842620401557884,5,juice,Cosmic Crisp,False
18.48361974062636,3.220302245473719,10.122744037821347,4.106598314118845,4,fresh_premium,Cosmic Crisp,True
14.855801365258802,3.084871455152504,11.03151403471775,1.3840581342750908,4,fresh_standard,Pink Lady,False
16.31520930903429,2.84836501651313,13.517589598181832,2.450388720240402,3,fresh_standard,Pink Lady,False
17.462954997440345,3.742153780159152,13.11512197534126,4.030839924923986,4,fresh_premium,Pink Lady,True
18.425666256240447,3.2479970623247056,8.0,3.8253416019409014,3,fresh_premium,Pink Lady,True
18.084682831550307,3.1805399039405056,12.89047017679506,3.327708894947195,3,fresh_standard,Pink Lady,False
17.187840677601088,3.2703528041991716,12.236089205274927,4.143562082600912,4,fresh_premium,Honeycrisp,True
17.746992934578515,3.5573409680335204,10.493143615455221,4.426386837561109,3,fresh_premium,Golden Delicious,True
17.29538049515438,2.9311943848442277,15.114275236806964,4.486182722832506,4,juice,Cameo,False
16.42081170709334,3.2068590257766996,9.01004985197909,2.3672945666443477,4,fresh_standard,Cosmic Crisp,False
12.89114128771858,3.323173525081032,13.157602366774174,3.213710803148272,1,juice,Pink Lady,False
15.393549448198623,3.3131558295469037,13.235962319898256,3.382825564060039,3,fresh_premium,Fuji,True
15.389160533508942,3.042707460287757,13.179726893730427,3.4024722948989976,2,fresh_standard,Ambrosia,False
18.824871794129773,2.8021853122532896,9.186538248171743,2.456615477445636,3,fresh_standard,Honeycrisp,False
16.440156483680543,2.5,15.553863384709658,2.9053531739774647,5,juice,Gala,False
14.231832695031846,2.934516513737611,13.53444355817931,2.248429406411214,4,fresh_standard,Ambrosia,False
17.097586643473058,3.2723906016210704,11.828142777545974,4.116608065631751,3,fresh_premium,Cortland,True
18.93411509975978,3.7107426459640793,9.62375047531743,4.0714715473818535,4,fresh_premium,Gala,True
18.184838234544696,3.4086607314356097,8.0,3.1924340920472454,3,fresh_premium,Braeburn,True
15.835436669105988,3.0325428991691146,10.073655186790203,2.7450013478030937,3,fresh_standard,Cameo,False
19.03193522418001,3.1700387293817855,10.896100104774787,5.0,3,fresh_premium,Golden Delicious,True
16.972505058299703,2.900313088339276,9.876972603885996,1.0,2,fresh_standard,Ambrosia,False
15.693188219646409,3.1049933490239785,15.776290810438375,3.199638551678462,2,fresh_standard,Gala,False
17.584341312195093,2.5,14.294596000778167,2.57487667861215,2,juice,Pink Lady,False
16.73950065398525,3.3767045681982344,8.0,4.442022698180525,3,fresh_premium,Cortland,True
19.46050384025125,3.6359574340628042,12.063560219967428,4.706110277707714,3,fresh_premium,Cosmic Crisp,True
13.447804054414235,2.9252057748376865,12.973635333409781,4.141844291431373,2,fresh_standard,Cortland,False
18.986035812480132,3.3257502100892493,8.996390892010126,3.718915986710849,3,fresh_premium,Braeburn,True
18.428924196894208,3.671551942969418,8.540396588677666,3.1257340133809097,3,fresh_premium,Granny Smith,True
16.41399021756309,3.1960913689851767,11.051759113466348,3.4662335428728634,3,fresh_premium,Empire,True
12.691191724613006,2.9760105569859157,9.881468197014058,4.102775701969204,3,fresh_standard,Empire,False
14.476023410827661,2.537712511817195,10.548457750374853,3.1885105702756023,2,juice,Honeycrisp,False
17.34731900266996,3.4227827470728083,9.722068511683437,3.5322806489777023,4,fresh_premium,Granny Smith,True
16.442713995928226,2.964196831145663,12.889315054155935,2.723868235640163,3,fresh_standard,Granny Smith,False
19.979107469665163,3.41422333061643,9.83316090797695,5.0,3,fresh_premium,Pink Lady,True
11.246202895072562,2.800545190921446,16.618888202805294,1.023082645171872,1,juice,Granny Smith,False
17.25848392350431,3.6329248124387563,8.0,4.362547893423999,3,fresh_premium,Granny Smith,True
18.731632868728624,3.301859472949578,10.812194092307182,3.40318158412176,3,fresh_premium,Empire,True
11.656824294994637,2.736137704290583,11.03770855075657,1.296987437322183,1,juice,Gala,False
14.424161992359899,2.8790129101509345,11.163754059391888,2.9690056840083656,2,fresh_standard,Cameo,False
13.721810441190012,3.043502506065503,13.224396648858043,3.577522788350513,2,fresh_standard,Jazz,False
16.497026104370832,3.022435851994267,13.530142798351596,3.1527332193149684,4,fresh_standard,Braeburn,False
13.555984358834849,3.159473996268401,9.222387189702832,4.293040034177533,4,fresh_standard,Cortland,False
15.46304730249946,3.368319701873874,8.408042795186871,4.332281534098825,4,fresh_standard,Granny Smith,False
16.096452486247017,2.5205905991635267,12.384817319803409,1.6300021923032153,4,juice,Ambrosia,False
17.707719274063752,3.584820386782697,10.882867606630914,4.044790340627625,3,fresh_premium,Golden Delicious,True
15.041002972338179,2.623294834719299,14.08688587794094,4.176827752653683,2,fresh_standard,Fuji,False
15.407027658108252,3.324442472805926,9.917190086316111,3.6965973156707226,2,fresh_standard,Braeburn,False
14.99351925080749,3.248724428165803,10.928037116669053,3.1684806714381133,2,fresh_standard,Golden Delicious,False
12.171523289201604,3.3145742231543207,11.008232753631152,2.885392867708646,3,fresh_standard,Fuji,False
17.217230184724293,3.1585080055107584,8.0,4.670225223011572,3,fresh_premium,Granny Smith,True
18.116287735781935,3.3067901599807836,11.570647453918232,2.5638688933591753,3,fresh_premium,Jazz,True
17.250968240189394,3.4929355253046235,9.613935193864982,4.070443123455602,3,fresh_premium,McIntosh,True
18.80595510724929,3.3068828520836777,9.127478629077034,4.035026081556591,4,fresh_premium,Red Delicious,True
19.23730361094611,3.637702965957004,9.668119564621342,4.550479817499285,4,fresh_premium,Cosmic Crisp,True
17.302012575349337,3.5160042274398573,11.784205733386962,3.5224387103253236,3,fresh_premium,McIntosh,True
11.827022045202549,2.5,12.626922493692462,4.77319358898261,1,juice,Golden Delicious,False
15.683046464379881,3.0805621331320405,10.189917523758961,2.8434411750824786,3,fresh_standard,Empire,False
19.65711031989054,3.541985500901216,9.029594833441639,3.998312771294524,3,fresh_premium,Granny Smith,True
14.68502869841031,3.0636563190499233,14.12423071273475,3.3579151496551805,2,fresh_standard,Ambrosia,False
16.1570986723763,2.8742488567606332,14.171894678755047,2.847302224357456,4,fresh_standard,Ambrosia,False
14.897372606075855,2.618850611932634,14.874253559462105,2.0273262982682345,3,juice,Braeburn,False
16.576175155053964,3.0948057513907177,11.914732735420015,3.1109161469680675,3,fresh_standard,Gala,False
15.19180083928204,2.9513923595435125,10.852342424263265,3.4347126622974478,3,fresh_standard,Granny Smith,False
15.338717538870927,3.0259472406654684,12.925312594364597,2.1884162186340688,3,fresh_standard,Red Delicious,False
13.161093207255746,2.773366935238698,12.370263702181312,4.019760800633316,2,juice,Granny Smith,False
15.490439594440078,3.5180416289829908,10.271532338055561,4.134563470622553,3,fresh_premium,Granny Smith,True
15.24720462056527,2.5194988138400194,13.884098916474565,1.0002113077291872,1,juice,Ambrosia,False
18.081620044889362,3.3160559249243757,10.423869925732449,3.2485148358024234,4,fresh_premium,Empire,True
17.664162829913302,2.630207387173028,11.369117385900308,3.2525063755681876,2,juice,Cosmic Crisp,False
16.243547799506413,3.514604012914432,11.497015164789477,3.90855177944758,3,fresh_premium,McIntosh,True
17.47037757942207,2.8324462731202837,10.955970601223367,2.9393028394519813,2,fresh_standard,Ambrosia,False
19.765844999452735,3.2377951057440923,12.313164928851814,4.175724103770792,3,fresh_premium,Empire,True
14.585450770417177,2.504976751422482,13.483982927604782,4.384476742220447,5,juice,Gala,False
16.960302790015113,2.970714048917262,8.094580648093736,3.5367289986215003,3,fresh_standard,Golden Delicious,False
15.377576740548555,2.754850043730284,12.663090178293645,2.9886152635314867,3,juice,McIntosh,False
15.254068816487901,3.087444772192084,11.453969878541159,3.9839922947509465,2,fresh_standard,Pink Lady,False
13.186592659222248,2.7168249156734094,13.435748446132177,1.6614817020527437,4,juice,Pink Lady,False
16.877958402784056,3.4763977115991227,9.779496997557267,4.404028899140573,3,fresh_premium,Ambrosia,True
14.7991835180484,2.6255795324855526,15.414915421728763,3.397174265241915,3,juice,Braeburn,False
17.29759946205791,3.1247230559694277,14.151865171485863,3.307361657604717,2,fresh_standard,Jazz,False
15.008872684215259,2.9990776822661,14.50772626428283,3.1921646751569783,4,fresh_standard,Ambrosia,False
15.869167417770251,2.5,15.62341114322653,3.4377811893091152,3,juice,Granny Smith,False
17.972367102995804,3.1109241516663957,8.057977786418641,4.033495358612436,3,fresh_premium,Braeburn,True
19.259762322534254,3.2325740114817454,11.741240181067779,4.25796960885205,3,fresh_premium,Empire,True
16.01019585996308,2.9218820164494193,13.183973717070673,3.214274910293067,3,fresh_standard,Jazz,False
19.22273520934014,3.401183131418574,8.96064220330614,3.939809418023201,3,fresh_premium,Golden Delicious,True
18.487207213369214,3.341923186684834,13.112891308937899,3.6415888396985974,4,fresh_premium,Ambrosia,True
16.907674408301812,3.28943755410373,10.276826954795556,4.354151923600532,4,fresh_premium,Golden Delicious,True
14.786681325665217,2.655535530012184,14.641995127372047,2.095659482519615,5,juice,Gala,False
18.726842794374644,3.4149027020701115,10.48254670929402,4.010655824335971,3,fresh_premium,Pink Lady,True
18.89508573320644,3.3570079645625044,11.992291212773587,4.866257499742546,3,fresh_premium,Pink Lady,True
16.7167166679874,2.985673281899107,12.865340243582372,2.5505263205186406,4,fresh_standard,McIntosh,False
12.301816966979,3.0637738820736384,11.047474911996442,2.3174140969998187,3,juice,Ambrosia,False
13.72971128565565,2.834233751325511,9.421191678468626,2.479472138105293,2,fresh_standard,Braeburn,False
13.307545424789929,2.9187080166189143,14.997766389536425,4.635923567659457,3,juice,Ambrosia,False
16.990261672824122,2.8927261151821275,13.096029641258337,2.8017980654082324,3,fresh_standard,Cosmic Crisp,False
14.856890109549068,2.7047636522785226,13.975403101383884,2.5278320761810753,5,juice,Pink Lady,False
14.821426698591004,2.7651089598686447,8.753046973387743,2.915344994001842,3,fresh_standard,McIntosh,False
15.098521168941572,3.144426091465131,11.225443224081644,3.194473382128559,2,fresh_standard,Cosmic Crisp,False
11.584448753016057,2.816387052348445,15.706330612826383,4.802368052303754,4,juice,Cortland,False
15.622744645525843,2.8557669772449814,11.834929156538774,3.196866892253127,2,fresh_standard,Cosmic Crisp,False
12.722700016304932,2.6296529389987877,,2.3234615164047097,3,fresh_standard,Golden Delicious,False
17.851459725342426,3.520209624669932,9.525387325457798,4.0973037276186215,3,fresh_premium,Gala,True
16.487407595308397,2.6241027433485256,15.648205793711412,2.314983953398426,2,juice,Cameo,False
18.16734118270386,3.5413731000820245,9.169617637438009,3.4660985392104036,3,fresh_premium,Braeburn,True
18.53734383519305,3.393108813562742,8.864807367145808,4.223858462905139,3,fresh_premium,Fuji,True
18.767411222034426,3.197663683475657,10.08944555488026,3.5909005582888462,3,fresh_premium,Empire,True
19.91943676939031,3.3069282873017127,11.342789830041598,4.348193723728357,3,fresh_premium,Braeburn,True
19.438953817831944,3.3527824786377454,,4.073396505992775,3,fresh_premium,Cosmic Crisp,True
15.882091697254008,2.927325071491683,14.84486994580288,3.3056222058145335,3,juice,Jazz,False
19.00880186269467,3.4708343130421833,12.553322416952856,4.630960750356996,4,fresh_premium,McIntosh,True
16.12641263526823,2.994942812402926,8.0,2.356841268218015,2,fresh_standard,Jazz,False
18.65131663814182,3.5738838229411516,11.871613109010601,3.9547333588479194,3,fresh_premium,Gala,True
12.213732551226135,2.603583338319928,11.74869006439883,4.488424254986324,1,juice,McIntosh,False
18.29480128278649,3.4262041066195144,10.180046990077392,4.7716217641360945,3,fresh_premium,Empire,True
12.929758787105879,2.898929618471934,15.652806634661049,1.688777069703017,5,juice,Golden Delicious,False
19.821543266375965,3.188145403741542,10.868937249401633,4.405404136579891,3,fresh_premium,Empire,True
16.897444992308873,3.298309197105099,11.679747823552084,1.9824647991098217,4,fresh_standard,Golden Delicious,False
13.668421714795606,2.673158713559997,14.33097405267052,2.004365999932222,3,fresh_standard,Cosmic Crisp,False
16.160655576041478,3.3780371745962503,11.964227456337039,3.805725760477335,3,fresh_standard,Empire,False
18.475777290860854,3.6404303542740433,13.902524671270593,3.67311683067559,4,fresh_premium,Cosmic Crisp,True
16.24362424167983,3.1750888322436364,8.79391485396186,3.6950180004726167,2,fresh_standard,Cortland,False
17.2350193287729,3.101427622117799,12.755470095043078,2.4136248807009926,3,fresh_standard,Empire,False
15.244776922631708,3.0269631209983436,17.692791841198495,1.804691868455603,3,juice,Red Delicious,False
17.93254703715309,3.6017653199181345,11.800620861916638,4.280459723970619,3,fresh_premium,McIntosh,True
19.522130603947357,3.472375853100193,12.508858580256554,3.931275742686154,3,fresh_premium,Red Delicious,True
17.494490717844428,3.4263053441634326,13.739499276149186,4.057513039573709,3,fresh_premium,Cosmic Crisp,True
18.17317149601968,3.1390670087068964,10.654485504511047,4.544374309852093,3,fresh_premium,Pink Lady,True
16.92206302769918,3.643996652281014,9.07989600468859,3.428136896339669,3,fresh_premium,Braeburn,True
17.00392938231808,3.2499772672376652,10.922812354954116,3.5542152254790884,3,fresh_standard,Pink Lady,False
19.07956086155617,3.36379141789609,8.0,4.150895949909733,4,fresh_premium,Golden Delicious,True
18.29272574717111,3.429687030200314,9.085731696761075,3.894434880586153,3,fresh_premium,Fuji,True
20.356396567028906,3.288829069308241,10.919160857593855,4.061335157997398,4,fresh_premium,Braeburn,True
16.402441822075126,2.7791392576043425,12.71175777369847,2.342339190537658,3,fresh_standard,Pink Lady,False
19.089962148531814,3.2943825180334247,8.992564948092923,4.183682753408089,3,fresh_premium,Cortland,True
14.555001800280987,2.735987742990544,12.081884657395353,3.0446911518755977,2,fresh_standard,Pink Lady,False
18.75996330760412,3.465167089361043,11.342386565416662,4.423710838575211,3,fresh_premium,Honeycrisp,True
19.01380495831771,3.2625650883722597,11.658288899436975,4.056635205268882,4,fresh_premium,Braeburn,True
11.310244077857666,2.5778039042295964,17.56784519040354,1.656739856225435,4,juice,Fuji,False
13.471354351972257,,10.745376544105369,4.053140760812637,2,juice,Gala,False
13.916994651533747,2.811520554211324,11.850677921134274,3.4043306615728626,4,juice,McIntosh,False
18.05924982365736,3.4669637316435042,10.115232836590383,4.146778966083315,4,fresh_premium,Gala,True
11.180970095431126,2.7087772160301027,14.31618975173362,4.405937797255976,1,juice,McIntosh,False
15.309864659094835,2.9869134444050593,11.38692232756225,4.080681864559205,3,fresh_standard,Cortland,False
17.12500240924645,2.8772490633619854,11.307102800861854,3.521864270541344,3,fresh_standard,McIntosh,False
15.126285252359562,2.6819456541321998,11.896468044590167,2.8164941345156262,3,fresh_standard,Pink Lady,False
14.680652449448626,2.543822062671706,14.89965442745302,1.2840982705973065,5,juice,Cosmic Crisp,False
11.520212264541327,3.0307886225733562,13.414629082049446,4.802375863724498,3,juice,Fuji,False
16.513565735957567,3.323831406718588,12.045379561572148,3.509859746418458,3,fresh_standard,McIntosh,False
14.648550412179516,2.762384323998594,10.035074690113616,3.4987257106239325,3,fresh_standard,Fuji,False
18.831157892544145,3.578467003649371,8.43278620896845,5.0,4,fresh_premium,Golden Delicious,True
13.28175327663778,,12.805042283951193,2.222305837311303,2,juice,Ambrosia,False
16.647105728214267,3.610321736956219,8.0,4.220970324784704,3,fresh_premium,Jazz,True
11.85799258841511,2.6116490593862443,15.019366154484658,3.6704068543329402,2,juice,Honeycrisp,False
18.777005802231855,3.4532531338698162,8.402329505386941,2.9240922993353475,3,fresh_premium,Golden Delicious,True
14.630889922380378,2.776936493267096,15.01927875804988,2.992124153079694,3,fresh_standard,Cameo,False
13.640112514507258,2.9184729512308563,16.69835809777741,1.1275391808343684,4,juice,Fuji,False
14.425343301487207,2.9265698074536517,,2.637090889926654,2,fresh_standard,Ambrosia,False
13.925247577569264,2.826924209044014,11.904407756945561,1.967550862443025,3,fresh_standard,Granny Smith,False
14.503906389270824,2.5,11.792596381406044,2.4087770735814136,3,fresh_standard,Cosmic Crisp,False
15.170693168765474,2.5,16.868619338704153,3.9291622697027844,5,juice,Fuji,False
17.417088558983,3.4503054227358305,11.157548065972517,3.989316352825782,4,fresh_premium,Honeycrisp,True
16.51437592346006,3.0165795186977657,12.360827336544713,3.245876493366376,3,fresh_standard,Fuji,False
17.09289046339522,3.4475941340773057,11.091444315455469,4.218279902078834,3,fresh_premium,Braeburn,True
13.495909193005446,3.039078701004811,11.584074940576176,3.3476021168730448,2,fresh_standard,Empire,False
17.22471159908016,2.7123695971104107,12.079845835528094,2.51331938825653,3,fresh_standard,Braeburn,False
19.836082851632927,3.332194395839625,8.0,4.887655446304756,3,fresh_premium,Ambrosia,True
15.202581761870968,2.912577417878809,11.997370691604067,4.4543080125565835,3,juice,Red Delicious,False
18.16685730977212,3.407352212229889,10.200311357173424,3.296841268164083,3,fresh_premium,McIntosh,True
20.677443081238664,3.5916163673918526,10.80744411857445,3.010350094812106,4,fresh_premium,Honeycrisp,True
13.356456244805873,2.714504539161757,14.042185495701174,2.5718030599654123,5,juice,Ambrosia,False
17.192361236970775,3.4993093686538472,10.275039879668734,4.13016091938561,3,fresh_premium,Pink Lady,True
17.91681143550572,3.4146481128397816,9.452570905685672,3.4636284871300966,3,fresh_premium,Jazz,True
14.989958412490083,2.9161529447141388,8.864000953256504,3.0121463540323465,3,fresh_standard,Pink Lady,False
13.507155646244584,2.9083050181718213,12.58402548783453,2.986711726139273,2,fresh_standard,Jazz,False
18.518068333171662,3.03833889809013,10.629298665860542,4.473763231061429,3,fresh_premium,Cameo,True
12.40761542902108,2.529684589335264,11.67189873518835,1.5416753992713121,1,juice,Jazz,False
17.023219656213122,3.3105791557994997,11.37747490900347,3.548149069634936,4,fresh_premium,Empire,True
15.834826089896735,2.792771217110429,13.067622776107553,4.168012504520783,2,juice,Jazz,False
17.670547327922776,3.198975547182071,11.290710232539618,3.7673447716099733,3,fresh_premium,Gala,True
15.65850188163253,3.492093343291777,,3.854094365542228,3,fresh_premium,Jazz,True
18.134735178770313,3.360200538350796,9.740580910114865,3.447147665757032,3,fresh_premium,Fuji,True
19.077405624406126,3.5516049014071935,,4.855306686290962,3,fresh_premium,Granny Smith,True
14.148277158886703,2.8515418629311333,,3.4056162177082854,4,fresh_standard,Honeycrisp,False
11.661774327259739,3.021685053747152,11.806923421540304,3.4143958211131613,3,fresh_standard,Granny Smith,False
14.72814641850507,3.1099052008523587,12.365824718254856,3.532295148026264,4,fresh_standard,Red Delicious,False
16.214742916143972,3.2121097245609938,11.398886247809635,4.256542710048646,3,fresh_premium,Fuji,True
19.05445676934277,2.629246307460094,12.583812378026764,2.908287331594886,2,fresh_standard,McIntosh,False
18.049799426281304,3.4128083497716792,10.114008087118616,4.371063745535946,4,fresh_premium,Ambrosia,True
19.397411104462783,3.496544832883939,9.343812549514885,4.203526143562268,3,fresh_premium,Cortland,True
17.77892351568448,3.2698155424772337,12.345415924571466,3.396644016822057,4,fresh_standard,Jazz,False
17.521743114182478,3.338212890488568,10.255624333563231,3.89594157136373,3,fresh_premium,Gala,True
16.1534766271501,2.807145591347716,12.55332642549544,1.9840011220848992,3,fresh_standard,Empire,False
17.738922697094587,2.698458187761642,13.257639864330677,4.1112194903702095,2,fresh_standard,Golden Delicious,False
17.2711265605057,3.4778531924488747,11.934629131124119,4.528028404533026,4,fresh_premium,Pink Lady,True
18.44816334777522,3.5000503918572288,8.0,4.162179640860802,3,fresh_premium,Braeburn,True
17.480496855806976,3.4115024377699004,8.15858827729451,4.21179953279673,3,fresh_premium,Ambrosia,True
16.170141690624618,2.8160675013583925,17.824010938105395,2.0836368929874847,2,juice,McIntosh,False
15.811755300009288,3.341178198601593,13.944100906450759,1.3597140341726397,3,fresh_standard,Honeycrisp,False
13.932280153689923,2.7073152877124356,10.056474621703472,2.1559138596156404,4,fresh_standard,Granny Smith,False
17.643936169449532,3.430721420243401,9.477021798388211,4.100284598615471,3,fresh_premium,Fuji,True
15.254988582765499,3.1306531253809284,14.139474281556614,2.619363644796079,3,fresh_standard,Golden Delicious,False
15.430288613811735,3.1021638723791702,15.094273103115277,2.176150521166524,4,fresh_standard,Cosmic Crisp,False
14.203366975787223,2.9972784833405304,12.53383848935455,3.119101443134153,3,fresh_standard,Cosmic Crisp,False
17.787549389020107,3.275270768163445,8.465811152202392,3.440191283355494,3,fresh_premium,Braeburn,True
15.533586778994314,2.6891573572150405,12.90806986148943,3.6702113772372713,3,fresh_standard,Cortland,False
18.495734181874845,3.418959912769085,13.659628609508909,3.988565968850559,3,fresh_premium,Cameo,True
20.331378462917424,,10.350678867686122,4.094790808299372,3,fresh_premium,Cosmic Crisp,True
17.446440188899796,3.334596654228589,9.986321505033695,4.254362511614967,3,fresh_premium,Pink Lady,True
16.853435357913984,3.3225399614858415,10.87954602813264,3.985368593157511,4,fresh_premium,Red Delicious,True
16.445118690784643,3.4460822804289064,8.0,4.632853920432351,3,fresh_premium,Cosmic Crisp,True
19.289124686894734,3.3823864283338465,10.223001185803167,3.693781312679781,3,fresh_premium,McIntosh,True
15.473422852823834,3.5547689196634127,8.003150569663333,3.271224250267535,3,fresh_premium,Braeburn,True
15.53133003601911,2.5,13.609054712828053,4.41269191458689,1,juice,Red Delicious,False
18.087450219805287,3.2885292410957656,8.0,5.0,3,fresh_premium,Cortland,True
18.9318426335533,3.655782975451796,10.592007294734472,3.924363358173244,3,fresh_premium,Pink Lady,True
10.622256086317655,2.825975093334627,18.0,2.58891011826493,3,juice,Cortland,False
16.78551590151636,2.549932977011469,13.001722097059268,3.460859586387656,3,juice,Braeburn,False
15.926494662232681,3.5866211940591644,12.179796517936584,2.5764264291943935,3,fresh_standard,Cosmic Crisp,False
13.864432719647429,2.5,14.692234657595446,2.356813725087672,3,juice,Jazz,False
13.54313956791651,2.9031814911590046,9.123830157909293,2.8970724429183554,2,fresh_standard,Honeycrisp,False
17.100516800566208,3.0654918410091976,11.174450455018048,2.9007828900880024,2,fresh_standard,Cortland,False
14.698323006400178,3.0671973429225674,14.694078733402767,3.383488762743538,4,fresh_standard,Empire,False
18.79633138572588,3.271153307766603,12.282830254183693,3.223267086676148,4,fresh_standard,Cosmic Crisp,False
19.655649803432663,3.3353219099286826,8.320495158060783,3.8593362214408935,4,fresh_premium,Cortland,True
14.258446252895446,2.9713410915063196,9.129439275306002,2.620657459916828,3,fresh_standard,Braeburn,False
15.674947512419324,3.20795172372622,13.252554910368813,3.074383397223528,3,fresh_standard,Honeycrisp,False
13.656014923708511,2.9744326850097678,10.402014879230627,2.358175978288365,3,fresh_standard,Honeycrisp,False
15.193661479737965,3.0548624398790287,12.922419390846578,3.80865731459325,3,juice,Red Delicious,False
13.539519524240966,2.8625734734129518,9.780323518748716,1.8905969409071415,1,juice,Pink Lady,False
18.93602513549414,3.3919216709392357,9.737560364956886,3.645796616544769,3,fresh_premium,Cosmic Crisp,True
16.133172217173914,3.2472197106073897,11.841503488709938,4.255601299762491,4,fresh_premium,Cameo,True
12.614888396263144,2.6803542630432977,13.935905011672572,3.2853581138123085,1,juice,Golden Delicious,False
15.868239132630615,2.939259089314318,11.646710112199894,4.333097220115031,3,juice,Cameo,False
19.019826432196798,3.6030902188472806,12.08531132352597,4.806110314127713,4,fresh_premium,Empire,True
15.450593554062554,3.034645515729533,13.52059387640706,4.380981236508506,3,fresh_standard,Jazz,False
15.758514649752122,3.1257495172005987,10.46473106534054,3.8702266612080414,3,fresh_premium,Cameo,True
19.243380305821994,3.475969724291765,10.04800622359865,3.763080326464542,4,fresh_premium,Pink Lady,True
18.842798989571786,3.4902097128844014,12.4586752081661,3.191844695781706,4,fresh_premium,Cortland,True
17.40264458115125,2.851960492717241,9.5654843590067,2.1857885527384378,3,fresh_standard,Golden Delicious,False
16.068610873274093,3.230293743168147,12.590445776850107,3.6866413877050173,3,fresh_premium,Ambrosia,True
16.540233009064305,2.69270738328624,11.774686028910304,2.7898026018507966,3,fresh_standard,Golden Delicious,False
17.986433130249814,3.326026086717094,8.652298027313444,3.2079320284972552,4,fresh_premium,Granny Smith,True
13.271688130116944,2.7314045674570373,14.86470542840068,4.556522142819434,5,juice,Ambrosia,False
11.555248518702985,2.7668322224800255,14.110005872066749,2.512785398112876,1,juice,Red Delicious,False
16.029296260768042,3.0713098682831697,14.093109439562975,1.9195552285256134,2,fresh_standard,McIntosh,False
12.708876705898863,,11.910327372193859,3.3744421777856575,2,juice,Gala,False
19.131772644270775,2.7318138936378493,11.335103304210868,2.636786575142599,2,juice,Fuji,False
18.460328751841324,3.157825720669255,8.0,4.50052304628357,3,fresh_premium,Fuji,True
16.243425429387802,3.0362648569560826,11.104369503043415,5.0,2,fresh_standard,McIntosh,False
17.55749710661792,2.5161715678284025,11.176260151192292,2.3630905574508034,3,fresh_standard,Cameo,False
19.700054455406693,3.6359814480876365,10.715561240834683,3.3728552884153755,3,fresh_premium,Ambrosia,True
17.483931038970383,3.553832657781353,11.098960115823369,2.818533782229081,4,fresh_premium,Red Delicious,True
13.445035550316796,3.0695379759918655,11.374855879875883,2.0237434480448195,4,fresh_standard,McIntosh,False
16.79123999916549,3.2220442238308262,10.97079390955411,3.926198706850666,4,fresh_premium,Red Delicious,True
15.266186196582435,2.8593793943611523,10.260917897933249,3.7756552206023253,2,fresh_standard,Golden Delicious,False
15.254305215311305,2.6904897915580634,11.762154139977214,3.521844921288184,2,fresh_standard,Red Delicious,False
17.418134770624775,3.403509882173713,11.857424607150453,4.563025125386084,3,fresh_premium,Cameo,True
18.994872801368775,3.23730409801157,9.022964659312256,3.815194831978183,3,fresh_premium,Golden Delicious,True
19.108278152352035,3.4996356467791414,9.91634638351344,4.657457226792023,3,fresh_premium,Pink Lady,True
16.27542903727332,3.1817723912596616,10.073290105488557,4.2049093284642565,3,fresh_premium,Cortland,True
15.893710486348164,2.9229555495593345,11.892312941646173,3.574733938777313,3,fresh_standard,Gala,False
15.372547471865618,2.926807049795884,10.356940345266276,3.1691172539765273,4,fresh_standard,Granny Smith,False
12.455348150979482,3.0436034216525027,10.260141796226433,3.88466645303577,4,fresh_standard,Empire,False
17.42933675733334,3.331406970849678,9.762205640459545,3.168754005982163,4,fresh_premium,Golden Delicious,True
14.318626747330187,3.171912683871978,12.743398041848035,2.701385403246949,3,fresh_standard,Cameo,False
17.616569054738918,3.5195875454557606,9.357827258551131,4.582369677228586,4,fresh_premium,Red Delicious,True
17.002650269254552,3.445799914250499,10.57290317834733,4.214408250165286,3,fresh_premium,Honeycrisp,True
16.295115844887263,2.9586191623993052,9.172413377173358,1.764050122658593,2,fresh_standard,Cosmic Crisp,False
19.80921181905205,3.508273556362747,9.517547423173927,3.4920890905108015,3,fresh_premium,Fuji,True
16.694290818394897,3.466505275530603,10.571737577324166,5.0,4,fresh_premium,Gala,True
12.753638537684878,2.7324133292737263,15.405066627867711,2.6286571938685,3,juice,Cosmic Crisp,False
16.134123936781076,3.2629760442411517,10.86595503683899,4.1255477967134,2,fresh_standard,Braeburn,False
11.895009659058536,3.0481037455124853,12.94522187672076,1.373149538887874,2,juice,Red Delicious,False
15.41591372580049,2.6138601945763904,17.61114886537363,1.5529283471413486,4,juice,Cameo,False
13.109413440578233,3.287443911351764,12.184472355884774,3.738806892837895,2,fresh_standard,Golden Delicious,False
20.066260088227164,3.230809112901889,9.62696331072468,4.126869830747287,3,fresh_premium,Cameo,True
15.544400162557663,3.230298294645428,12.295730577667024,1.8858116222664028,4,fresh_standard,Ambrosia,False
16.60586012000618,2.5,18.0,3.4486346357729163,3,juice,Granny Smith,False
11.69961586115783,2.5987615836411213,13.089602190367682,4.006719068125693,1,juice,Honeycrisp,False
18.37820782147363,3.282075130642785,8.244830460910961,3.6768863450780986,3,fresh_premium,Granny Smith,True
16.845260475841357,3.4203260079862248,9.970543301609979,3.4998343376972127,3,fresh_premium,Cosmic Crisp,True
17.780755688763463,3.387691214278316,9.129214825292916,4.277802233001724,3,fresh_premium,Honeycrisp,True
14.862309306306626,3.0660548491666204,15.7677562779779,2.8149592456562402,4,fresh_standard,Jazz,False
17.600937555412,,10.590228078132624,3.7733859753363626,4,fresh_premium,Fuji,True
17.97549112103647,3.3752269735931777,9.962459561882284,3.7584694741582805,3,fresh_premium,Cortland,True
19.189671005519028,3.0964739908532155,8.988790977639166,2.6744918043965002,3,fresh_standard,Cortland,False
17.52733993777232,3.453232870458507,11.494071528708725,3.9463489279978856,4,fresh_premium,Red Delicious,True
14.454345386581162,2.6583155786707278,16.706907295242406,1.304338907062029,2,juice,Braeburn,False
10.115037606045398,2.5,17.387094266827344,2.260033100759096,2,juice,Cosmic Crisp,False
14.804376884742457,3.0126645606650575,11.35530513063341,3.020112184595068,4,juice,Golden Delicious,False
17.773642016681183,3.4657926712917675,11.662274225106275,3.758628238908984,3,fresh_premium,Fuji,True
15.855937575978936,3.23603182367751,12.497846710063888,3.8768559259819186,2,fresh_standard,Empire,False
15.121066896269626,3.1455195829135234,12.227281925221323,4.018056130342856,3,fresh_standard,Braeburn,False
16.752629575622134,3.5167620676101072,11.723148550558156,2.787879869863529,4,fresh_premium,Cortland,True
18.73117145147555,3.2110712530455423,9.771295245429185,3.9584472136856528,3,fresh_premium,McIntosh,True
15.856222591211523,2.6400744094079127,12.38801653788117,2.8573269791806113,3,juice,Granny Smith,False
17.240743188924398,3.648513415097724,10.853474618777913,4.475153795986788,4,fresh_premium,Fuji,True
16.14335957081912,3.5151750304128107,10.620698646177248,4.307683742006526,3,fresh_premium,McIntosh,True
19.046227612316457,3.361589658938606,10.0233685713722,4.214153548603824,3,fresh_premium,Braeburn,True
16.43802928935014,2.5,12.435292154996013,3.8392188530894877,2,juice,Ambrosia,False
19.247624174288394,3.3188095802988538,8.0,4.38983026613467,4,fresh_premium,Ambrosia,True
19.428070525645687,3.4707791201376557,10.301648570072452,3.7868212018972285,3,fresh_premium,Braeburn,True
16.728956145700344,3.2562224960290482,13.5420644644366,2.1486239945461207,4,fresh_standard,Granny Smith,False
16.387229888574144,,10.496320348321685,2.6483838535003814,4,fresh_premium,Cameo,True
12.977638303319672,2.825702130159006,13.883139762005024,4.415793852058174,5,juice,Braeburn,False
18.671871947754347,3.2691401800200643,9.197147182659148,4.738765040527631,3,fresh_premium,Ambrosia,True
16.550537197161738,3.432944355183712,10.031907365104093,3.974303138205757,3,fresh_premium,McIntosh,True
15.294446284532476,3.1523170499087576,10.972847225639796,2.8114310041146653,3,fresh_standard,Gala,False
17.231282052943016,3.566745656842241,8.869873194480725,3.9927738645608604,3,fresh_premium,Honeycrisp,True
11.576615802731371,2.5,14.648072885413066,3.2172903923346214,2,juice,Cameo,False
20.227702298208413,3.5026855153042824,9.79231602402434,3.9725529996918567,3,fresh_premium,Cortland,True
10.264996830639594,2.6741569607643063,18.0,4.730582869364671,2,juice,Gala,False
18.42664719175266,3.358118385719852,,3.4688032359265604,3,fresh_premium,Granny Smith,True
15.415765511561059,2.959572025449902,8.0,1.262742876191642,2,fresh_standard,Pink Lady,False
14.015453565375703,2.625080414118832,13.936962973343793,4.943966288682637,2,juice,Fuji,False
17.577634244251904,2.870471321603835,14.440031284278627,2.5685559884293836,3,fresh_standard,Cortland,False
19.716641869539252,3.6729926128867536,9.852490559807876,4.7606580259612254,3,fresh_premium,Jazz,True
13.655443097460413,2.7610820749587592,11.867935656744638,2.083852831484878,3,juice,Cortland,False
13.956265093966682,2.6358289137776874,17.866719495428715,4.689995585210013,3,juice,Golden Delicious,False
13.69782639846865,3.236324256935818,11.81769470633724,2.229879190464819,3,fresh_standard,Golden Delicious,False
13.823819067935501,2.567555245309477,17.215830122238316,4.731384885441196,2,juice,Empire,False
18.92907882828239,3.2746122702744116,10.952757702522954,4.477652604285256,4,fresh_premium,Cosmic Crisp,True
13.498513393482055,2.8657503584301702,12.888408367801725,2.8738024134148117,3,fresh_standard,Cosmic Crisp,False
16.55377479685474,2.9844424381782564,13.336426044466716,2.632188307335619,3,fresh_standard,Granny Smith,False
17.629557155961958,3.4434842663097,10.58770600810382,3.8749767427005235,3,fresh_premium,Cosmic Crisp,True
18.694522321286442,3.368833612658345,10.899893094994306,4.009424811472424,3,fresh_premium,Cortland,True
14.11827625149744,2.599881714294186,10.378791511477536,3.388947833249551,3,fresh_standard,Cortland,False
17.967880280991558,2.9961240539568172,13.933799408586438,3.244194501225082,2,fresh_standard,Empire,False
18.425801611967422,3.283585840313348,8.942482216362386,4.806139128994323,4,fresh_premium,Golden Delicious,True
13.94519639212323,2.808788308543703,11.989281523417088,3.229419289906069,4,fresh_standard,Gala,False
16.10348550859876,2.772835080553952,14.05972752340789,2.59901271376783,3,fresh_standard,Jazz,False
11.363127448428749,2.5232592252552393,14.797527528849628,4.839666758568364,2,juice,McIntosh,False
15.274023091845883,2.5,16.096799775627083,1.3352166363802431,1,juice,Ambrosia,False
15.68725360582289,3.002586960578214,11.132821252031745,1.0,3,fresh_standard,Golden Delicious,False
15.946276605074248,3.0508813139759794,12.682929715689198,3.74259655307546,3,fresh_standard,Gala,False
15.53971857103123,3.126822167766061,13.702565358631462,2.988720827274663,3,fresh_standard,Pink Lady,False
15.687736464128605,2.662865916875467,12.298231821922203,2.2651693949024976,3,juice,Granny Smith,False
11.567075720249504,2.5,11.070050507790222,3.1738794799254526,2,juice,Red Delicious,False
18.64472517738182,3.2312538765769525,10.994321903001119,4.154025269752051,4,fresh_premium,Pink Lady,True
16.040151807737235,3.008129006188369,14.121322841637161,3.617436941788529,4,fresh_standard,McIntosh,False
14.136247720979556,2.639550429542409,14.067049404777174,1.2670010194030277,2,juice,Ambrosia,False
17.22450847104783,3.311949318707232,11.445818675192365,4.183643656700671,3,fresh_premium,Pink Lady,True
18.941519229912394,2.7637735242595496,14.064286293929122,4.276429304710751,1,juice,Cameo,False
19.071358756964262,3.3075696080371997,8.922389101646203,2.9136652269929817,3,fresh_premium,McIntosh,True
15.892985723662077,3.570557255275064,11.275332613170239,3.5948737814928093,3,fresh_premium,Cameo,True
18.542860169454947,3.374302709677394,12.391757594837458,4.593693025782375,3,fresh_premium,Golden Delicious,True
15.417867517529178,2.8571450367675006,13.751582809827129,2.4404038238658856,3,fresh_standard,Granny Smith,False
14.92544057888726,3.0508552557468462,13.697019325452136,3.5913443957612543,4,fresh_standard,Cortland,False
11.533603490667492,3.0304957321116395,9.278609844786216,2.538864338932125,3,fresh_standard,Honeycrisp,False
18.62509073844296,3.330273958518012,10.68030145227097,4.5149804087905805,4,fresh_premium,Cameo,True
16.789650448762522,2.9810614140973186,12.979596634212625,3.1862944699415188,2,fresh_standard,Braeburn,False
18.165979686568452,3.501784214580338,9.515980241736797,3.403037496800472,4,fresh_premium,Pink Lady,True
13.199906807082026,2.5,14.017576885264143,2.331273444366688,1,juice,Cosmic Crisp,False
14.97729232935414,2.75995002845283,13.028122931194575,4.048153526464718,3,fresh_standard,Gala,False
16.300155316072704,3.2023905078784973,14.613811858528608,2.7644353939295727,3,fresh_standard,Honeycrisp,False
16.023925479136427,2.975853250983115,13.975140337578676,2.7779645949475587,3,fresh_standard,Granny Smith,False
15.751654434389303,2.985813622393869,10.796978649275758,3.6051906834528786,4,fresh_standard,Empire,False
16.41149886843508,3.782040436393634,11.40147986685891,3.56691257589275,4,fresh_premium,Red Delicious,True
18.402841688729197,3.488755756809355,11.952611934098197,3.595198240039177,4,fresh_premium,Jazz,True
18.42001638575361,3.5501849244694634,12.099033154879002,4.389180538083319,3,fresh_premium,Cameo,True
18.568421906048165,3.4397981971246905,9.977035226240506,3.932845629264726,3,fresh_premium,Honeycrisp,True
14.241214587535113,3.1733936458645675,16.16629042532147,3.0458701601704696,2,juice,Red Delicious,False
17.596854187688518,3.119173868047075,10.97242065076579,3.805740773455557,3,fresh_premium,Golden Delicious,True
16.247191251244104,3.203170713437422,12.697268665139381,2.582294743984006,3,fresh_standard,Fuji,False
13.936075452616189,2.9194170283598218,10.629560514343908,3.4247805295712723,2,fresh_standard,Cameo,False
17.80215605048804,3.3264018735050667,10.156301655927814,3.804120925478089,4,fresh_premium,Cortland,True
18.098520690838406,3.348772862555904,10.463249518898445,3.113483765896559,3,fresh_premium,Braeburn,True
20.36748472153267,3.281811613464603,8.280481910471968,4.540024032857325,3,fresh_premium,McIntosh,True
14.0770059259164,2.5,10.864023468879465,2.849445788990957,2,juice,Golden Delicious,False
15.874517570233728,2.9914166111857403,11.989991471433473,2.290136432915383,4,fresh_standard,Granny Smith,False
18.350877781616926,3.421469812906487,9.892598110878904,3.4639304940071964,4,fresh_premium,Fuji,True
16.25817538980421,2.748028230034113,16.328120305171876,4.421632648417152,3,juice,Red Delicious,False
16.965505233651875,3.254557555117295,12.088003429516899,3.987902196804542,3,fresh_premium,Fuji,True
12.447026734845565,2.515088126236931,12.843773082568713,1.4298128657675462,3,juice,Jazz,False
14.21804252285336,2.9402544294141344,11.132539950379543,3.3181454765999243,2,juice,Cosmic Crisp,False
19.02472743787671,3.1884128032790535,11.250293442413387,4.338937659765453,3,fresh_premium,Cosmic Crisp,True
17.31321994373321,,10.519755822596073,3.7354736613268527,3,fresh_premium,Golden Delicious,True
18.04539426376344,3.646343286995751,10.632881131352928,3.5768216725045634,3,fresh_premium,Empire,True
17.00058216922294,3.5741808188548565,8.997864319535427,4.950595342876504,3,fresh_premium,Ambrosia,True
13.946596263221016,2.5,10.411616266901127,4.8465619692612165,2,juice,Golden Delicious,False
19.320052688645358,3.6261597432970283,8.590996909271869,3.4548004612785768,4,fresh_premium,Cameo,True
13.414750509739681,2.7776986744763983,12.498540785988803,2.70222351078687,4,juice,McIntosh,False
16.09001629019542,3.474121799682803,10.888790423801774,3.6275486775967756,3,fresh_premium,Granny Smith,True
15.68154390953032,2.959470375971911,11.416677284623853,4.024751661333382,3,fresh_standard,Granny Smith,False
14.28337838604717,2.547635877904776,17.36298491483603,1.493854294922944,2,juice,Gala,False
18.810005807682955,3.3589801645840103,13.009139332238684,4.535075119158214,3,fresh_premium,Jazz,True
18.640308690212,3.5415237781014266,9.417734772188156,3.9833850046777695,3,fresh_premium,Granny Smith,True
13.785944551082714,2.83132237473702,15.644132156065055,1.3185805161390634,2,juice,Pink Lady,False
18.84600154737566,3.284931438643407,11.53385564801446,4.6484972732805545,3,fresh_premium,Empire,True
17.40243225638361,3.4284236848937657,10.920276959095625,3.755575289106863,4,fresh_premium,Jazz,True
15.2401304712206,3.1336249617200496,10.457666642769961,3.5490828440116267,2,fresh_standard,Gala,False
16.431513431745046,3.496933463134133,10.479672901213805,3.3270101598766257,3,fresh_premium,Cosmic Crisp,True
15.347782157533217,2.6981677537221134,11.428000586967013,2.844134272391248,1,juice,McIntosh,False
17.10559620467058,3.5588478651524,11.280123338170462,4.2733667841006895,4,fresh_premium,Honeycrisp,True
13.34706098174167,2.6565756682703436,14.818129876668115,1.1219861914110179,3,juice,Empire,False
18.36137641502264,3.348996908860668,9.906110308150716,3.5387949077507486,4,fresh_premium,Gala,True
14.403947615759826,2.79842303577599,11.538586778929513,3.0542708111335504,3,fresh_standard,Cortland,False
15.637050632787503,2.8586757139207473,16.403863339079088,3.5750824324049786,1,juice,Gala,False
13.321011873530646,3.158079961117695,11.041094103209574,3.2114146173165095,4,fresh_standard,Ambrosia,False
19.829771820781485,3.1087905416257726,13.837298928502378,4.377145664906787,3,fresh_premium,Empire,True
19.98194669769392,3.3633413367996177,8.075511663717146,3.3217090976882977,4,fresh_premium,Cortland,True
12.638901820077024,2.9436865208668546,15.780115464950919,2.0087279272770777,3,juice,McIntosh,False
17.62788810257545,2.9481740479756153,12.655147135534929,3.201053318590482,3,fresh_standard,Golden Delicious,False
20.737814937975386,3.526391196318828,8.794488148045403,4.399970950971025,4,fresh_premium,Cortland,True
17.550539231083256,3.3754034424215646,9.557575482561958,3.732335907023039,3,fresh_premium,McIntosh,True
14.396405641548078,2.5,18.0,3.579625295459668,2,juice,Braeburn,False
16.833669432785612,3.3488972259033982,12.420566903587972,3.678225083841269,3,fresh_premium,Empire,True
10.0,2.648531006165774,13.845011400214025,4.28184516063326,5,juice,Cortland,False
18.289940940947737,2.873812193588523,10.378937365435089,2.9498814223025427,3,fresh_standard,Cortland,False
12.668471204683454,2.5,13.470908202590556,2.0981783389617785,1,juice,Fuji,False
18.974063662687396,3.5150547221822155,11.411156781982324,4.593839694230782,4,fresh_premium,Ambrosia,True
18.185132196174173,3.2445441695658253,9.31167360569659,4.886125798334872,4,fresh_premium,Cosmic Crisp,True
18.376183148116976,3.105232507520626,9.064346558956291,4.161539636558015,4,fresh_premium,Red Delicious,True
14.419473755835615,3.1247321099944414,10.127651304331383,3.4698099307713415,2,fresh_standard,Red Delicious,False
17.95253385607592,2.885751715768762,13.79573773845644,4.185568614749229,3,fresh_standard,Ambrosia,False
16.98839422300695,2.8741243267178738,15.507016760621664,3.0012952250855527,3,fresh_standard,Cameo,False
13.183450830616822,2.5180238045179415,12.325188549369017,2.146642325148092,2,juice,Granny Smith,False
14.22164244273128,2.5,16.00447233340585,1.7994918985977746,4,juice,Cosmic Crisp,False
18.13714795539076,3.377835870208801,9.400545721578096,4.43119673619138,3,fresh_premium,Pink Lady,True
17.300910514668775,3.3770738973777163,8.206175406947224,3.9025458598236593,4,fresh_premium,Cameo,True
17.411612307833305,3.282938187629281,12.591314755151068,3.8138966119644735,3,fresh_premium,Granny Smith,True
15.962093464222413,,11.551670679624527,2.8112667765503008,2,fresh_standard,Granny Smith,False
17.626599141848597,2.793395925532725,11.017124762129901,2.2201547392617265,2,fresh_standard,Gala,False
14.288388280236477,3.2129690271936524,8.513845135495563,3.9330964365354015,4,fresh_standard,Cosmic Crisp,False
16.69907750148372,2.6059861891913436,13.74693484050588,2.7441931918903513,3,juice,Fuji,False
18.13591377892967,3.460271737497663,9.959043190735102,4.516273102170828,3,fresh_premium,Granny Smith,True
14.270590732971394,3.020202539033464,13.701380762300671,1.246996919067775,3,fresh_standard,McIntosh,False
12.801436924627003,2.674928806811241,13.97696982384671,4.099533729011795,2,juice,Braeburn,False
17.3355833346168,3.5764885261849253,9.091427615494993,3.703767870423553,3,fresh_premium,Jazz,True
17.29442093363563,3.3835095863950118,10.848264468447317,3.702169352978254,3,fresh_premium,Pink Lady,True
17.56847121604259,3.5542561643039026,10.254041236054118,3.876968755935026,3,fresh_premium,Pink Lady,True
16.113739203440463,3.1053305454863254,14.069409633981746,3.424820875915368,3,fresh_standard,Granny Smith,False
12.092247570449675,2.5,13.092217167693743,3.350777878125249,2,juice,Cortland,False
16.658625099782768,3.6569790131218807,10.599531927628963,4.310785944928026,3,fresh_premium,Braeburn,True
17.28452366981157,3.494204444118694,10.277020458797363,3.814994485058936,4,fresh_premium,Jazz,True
16.71544354764734,2.5,10.989196056604875,3.4957910277622952,3,fresh_standard,Honeycrisp,False
18.11658409021839,3.236714932033668,8.0,4.608579260412748,3,fresh_premium,Golden Delicious,True
17.00668603635018,3.407054359884478,9.51947903770852,3.4879065878353974,3,fresh_premium,Golden Delicious,True
14.106129723604598,2.533180620346201,15.63947943451619,3.436781565573305,3,juice,Golden Delicious,False
14.764047464008414,2.9618929432846723,13.242850835018723,2.6027746116144246,2,fresh_standard,Cameo,False
16.675988408357092,2.9605871121583625,12.334239444753731,2.2399492020270984,3,fresh_standard,Gala,False
17.693012533566165,3.7336008928918307,8.0,3.6263941604260883,3,fresh_premium,Pink Lady,True
19.450284653964374,3.477943652009601,8.361530852991132,3.688675319132774,4,fresh_premium,McIntosh,True
12.906515203642467,2.5,13.08028147536972,3.2088891206953862,2,juice,Cortland,False
18.001799435064303,3.374974811713241,10.288073674735047,3.78534888774137,4,fresh_premium,Cortland,True
15.892773139803069,3.2709172319912434,10.418747157584292,3.8978993749625275,3,fresh_standard,Red Delicious,False
18.191264507663313,3.495292065636463,9.335076623212734,3.4545167848924008,4,fresh_premium,Red Delicious,True
12.370320047721947,3.3671925761368335,10.980489735813498,3.31168361927359,2,fresh_standard,Gala,False
11.909948564913606,2.6071760682672434,11.008916927003593,3.070555742757738,1,juice,Granny Smith,False
16.00080340560379,3.1963547767550904,13.510828405616884,4.002506259814595,3,fresh_standard,Cameo,False
15.435614065731746,2.8049935573732054,10.094806859445026,3.5275609928908893,3,fresh_standard,Cosmic Crisp,False
18.8053797418284,2.5891881902039993,12.61929705881424,2.6994930673875714,4,fresh_standard,Cosmic Crisp,False
15.89639903364205,2.9544539691746627,11.859184813694668,1.0,3,fresh_standard,Golden Delicious,False
14.482476464157992,2.969684120055434,11.461472809630617,2.935163228222605,3,fresh_standard,Ambrosia,False
14.720501181963128,3.028218424949292,12.353233693200098,3.5465784118310464,3,fresh_standard,Cortland,False
17.80005763260447,3.4613587305391844,11.130012431656798,2.932162893010652,3,fresh_premium,Cosmic Crisp,True
20.156353106326918,3.597427378053247,10.204802996624107,3.9451950980370847,3,fresh_premium,Granny Smith,True
17.177984068044037,2.6059227394799245,12.058332624012245,2.7977893959230515,3,fresh_standard,Cortland,False
14.100877647583742,2.75586232239419,9.014379001209292,1.1528111350295642,3,juice,Ambrosia,False
13.588642850561175,3.0302752169136604,15.74430621136811,2.718410973794187,3,juice,Honeycrisp,False
17.132675271424578,3.6636438676881893,9.686014484272201,4.697841905394978,3,fresh_premium,Gala,True
16.14783328940008,3.4535403990711226,10.683831658122411,4.3190255507203785,3,fresh_premium,Empire,True
14.766518561105158,3.5295768964113394,11.49440022917071,4.233214991216763,3,fresh_premium,Honeycrisp,True
13.523212871511172,2.5471434226972556,13.980671157373306,3.984523912954569,1,juice,Pink Lady,False
14.256833259544583,3.2310822068991794,11.857100836069735,3.26148432048835,3,fresh_standard,Cosmic Crisp,False
15.264036623061285,3.068023748647132,14.311372429106612,3.4366293708258846,2,fresh_standard,Jazz,False
12.768524902578665,2.537489208436489,14.731519972185831,4.296377961937496,3,juice,Cameo,False
16.130619352566274,3.1202893864436536,11.645540745605599,3.7642153897657646,2,fresh_standard,Golden Delicious,False
18.116076429235815,3.7739857951590303,10.225628357715365,3.9097600432046873,3,fresh_premium,Gala,True
18.074165720639236,3.4279867715133028,,3.689576200874442,4,fresh_premium,Golden Delicious,True
14.833065141284482,2.6021043444761744,11.624757221027266,3.421518338932635,2,fresh_standard,Cosmic Crisp,False
16.66386959742755,3.262919589576939,10.100839137281948,3.4081259751321467,2,fresh_standard,Cameo,False
18.81817577945647,3.2902341237149653,9.705475226372533,4.043071941523188,4,fresh_premium,Fuji,True
15.370539993501358,2.9128890235154743,16.233362550135045,3.637960232498337,3,juice,Cosmic Crisp,False
16.965874537820994,3.291211825537678,11.536093788717194,3.918466518028118,3,fresh_premium,Gala,True
17.377990168834195,2.9207623652313695,9.78746952395925,3.895395934051277,2,fresh_standard,Ambrosia,False
14.003316317736871,2.8440148396036955,18.0,1.352024110045809,1,juice,Red Delicious,False
15.705176326984446,3.1072349547621516,14.883325128372121,2.9925186967359214,1,juice,Ambrosia,False
17.409168804120167,3.397293326571625,10.2963994070386,3.9031702703601407,3,fresh_premium,Gala,True
15.890583895199404,3.3657326713994813,8.0,3.870601968666449,4,fresh_premium,Braeburn,True
16.05687640276836,3.1566154193264104,10.41912614491776,1.2574309442148557,3,fresh_standard,Ambrosia,False
14.245407407579139,2.9058653014401647,15.953201655875038,2.9723595008368293,4,fresh_standard,Jazz,False
17.887725613379246,3.492309338274534,11.618021250146944,4.830629607273935,4,fresh_premium,Cortland,True
20.384875860647895,3.619800136417773,10.845863680078539,3.7476125393858912,3,fresh_premium,Cosmic Crisp,True
19.96906209077725,3.5169951826650236,10.085519687345627,3.6061081240458805,4,fresh_premium,Braeburn,True
14.611564872740018,2.9941562966648263,9.981761267830095,2.3150641274706,3,fresh_standard,Cameo,False
16.348910715041146,3.6702099016979566,8.644138537802815,3.9120570937838317,4,fresh_premium,Red Delicious,True
15.142022666759907,3.0331145968479323,9.850459078033879,3.4830324162223154,2,fresh_standard,Cortland,False
16.888415239631687,3.3326028646163515,13.084310694910483,2.7348562386268354,3,fresh_premium,Granny Smith,True
18.406232853513437,3.6274696986188286,10.799672309487185,1.6474626979148383,3,fresh_standard,Cameo,False
16.107219857335302,3.2585724529515288,14.583157318600025,3.4185785485896267,3,fresh_standard,Granny Smith,False
13.72299922266532,2.545380088802452,15.757927946141303,3.0832623445763288,3,juice,Cortland,False
15.864443543912643,3.0479484594309088,11.053864318826308,2.053555052212489,2,fresh_standard,Jazz,False
17.579797675092014,3.2792989190640665,12.317141680504847,3.2332509413455783,3,fresh_standard,Pink Lady,False
14.288460635525372,3.054724877158745,16.18959700445465,3.017522817195067,2,juice,Jazz,False
15.535124444615388,2.5,13.955127896038853,3.913883782234368,1,juice,Empire,False
12.83364208864244,2.6843209083887656,18.0,4.904282344127617,4,juice,Jazz,False
15.132926250440164,2.5,14.184110274623984,2.824508835786533,1,juice,McIntosh,False
17.25693383340955,3.4145848750905663,10.628528514049068,4.476437273601469,4,fresh_premium,Jazz,True
17.981332415631584,3.453445725614882,9.494371043322941,4.180751762603051,3,fresh_premium,Jazz,True
17.422858530233967,3.4967472005818276,10.296866175193971,3.939126245808358,3,fresh_premium,Jazz,True
12.84986096090303,2.7783935445651657,14.569509186771137,4.107785553570085,5,juice,Honeycrisp,False
16.866359264255806,3.308896343787534,10.09671162221518,4.084327335983364,4,fresh_premium,Red Delicious,True
14.781914629102577,,10.573457795192617,2.624695316631673,4,fresh_standard,McIntosh,False
14.367482576486836,2.8952870372992434,16.061319616483118,2.5709404568969103,1,juice,Gala,False
15.734834487447408,3.317499378597847,10.478722874832915,2.318090587140717,2,fresh_standard,Empire,False
18.893949957598434,3.2034727791208812,10.950665321398148,4.369405240443752,3,fresh_premium,Ambrosia,True
21.093801453917443,3.615684094336243,8.344616024176343,3.7841898436409758,3,fresh_premium,Cosmic Crisp,True
17.637360982140976,3.4654192869129674,10.51973271384699,3.6359985293854327,3,fresh_premium,Braeburn,True
14.437188926042753,3.0158475888983207,8.653193811011896,2.5901006074586452,2,fresh_standard,Jazz,False
18.20074398990284,3.310652744442335,9.963468111608526,3.886757950575084,3,fresh_premium,Pink Lady,True
18.023228445536386,3.2785026704285154,9.180633327621276,4.696232650032164,3,fresh_premium,Golden Delicious,True
13.818684718745763,2.952488637611487,9.96098708771806,3.1929921987253835,2,fresh_standard,Cosmic Crisp,False
15.935434906099005,2.5,14.575127810334656,3.8646581527104447,2,juice,Golden Delicious,False
16.60284551947819,2.676003076727719,12.565636198555056,2.871396733168172,3,juice,Braeburn,False
15.562655848698396,2.8346571274488594,13.266170250217156,3.462382818911646,3,fresh_standard,Braeburn,False
14.010911889695205,2.6930226066227396,17.66779309204875,3.635771175738971,3,juice,Cosmic Crisp,False
17.07954865333762,3.3768868008458046,10.240860971574797,3.9357312442805346,4,fresh_premium,Ambrosia,True
15.387625279113271,3.685954270816009,11.223605818808945,4.248349611618261,4,fresh_premium,Pink Lady,True
11.628331019048755,2.5,11.6636443442996,3.3858983101758096,3,juice,Empire,False
17.86578451265365,3.3951425810417746,10.418491243335703,4.095249839889533,4,fresh_premium,Honeycrisp,True
19.00025507230282,3.2074817231718034,10.814947043554582,4.5548499209781115,3,fresh_premium,Granny Smith,True
12.57550675776289,3.0727750418153135,13.837865789129166,2.9315777463943946,2,juice,Braeburn,False
12.571450868996234,2.7499313545805246,15.229889278062757,1.6852981778174998,5,juice,Ambrosia,False
17.707920965273967,3.435979567920444,10.07791882871095,4.451967420543098,3,fresh_premium,Pink Lady,True
12.801322202638524,3.0407019056420523,14.666739702521756,3.1082837540538333,1,juice,Braeburn,False
18.442898044214033,3.1072977254276837,9.298448198032164,3.218727071556729,3,fresh_premium,Cameo,True
16.12572426870414,3.5150687299801366,13.838727707007354,2.8231660291703595,2,fresh_standard,Fuji,False
20.60077028687424,3.4624724186010964,8.821015809238077,4.041219876467252,3,fresh_premium,Cortland,True
17.324114119409618,3.417041606257535,12.262505646387691,1.3277576809174745,2,fresh_standard,Granny Smith,False
17.568842349460105,3.4248300897958535,10.645062470786604,4.346552803631572,3,fresh_premium,Cameo,True
19.949503552442586,3.4659669385447507,9.749317429320383,5.0,4,fresh_premium,Braeburn,True
17.552619066143997,3.249979518022637,13.586064097464064,3.181996700585643,2,fresh_standard,Pink Lady,False
18.329634618042423,3.2039786489815434,8.015365309888752,3.8234168535946558,4,fresh_premium,Braeburn,True
18.990745730727227,3.0599710443178143,9.25936512525803,3.982179258851258,4,fresh_premium,Golden Delicious,True
13.29351592051429,2.6230793635162226,14.044678478637216,1.1631400537420724,4,juice,Cosmic Crisp,False
15.59435819783149,2.786284339829005,9.554566772536546,3.3842084011247398,2,fresh_standard,Cosmic Crisp,False
18.700918739427586,3.1785396712325156,9.207074977375365,4.188550196951093,3,fresh_premium,Ambrosia,True
16.983816616895588,2.9883956524913207,9.556468428284518,1.988795065642109,4,fresh_standard,Empire,False
17.027619265226587,3.524238123587514,10.825078148536829,4.141643935773071,4,fresh_premium,Braeburn,True
16.165408795768908,3.305450420281891,10.913707181360765,4.847525520215377,3,fresh_premium,Pink Lady,True
15.517712484592638,3.439469613627273,12.51655122111466,3.473158790426823,4,fresh_premium,Golden Delicious,True
16.680106399851354,3.5209313100869606,8.0,4.258089143557479,3,fresh_premium,Honeycrisp,True
13.866186914636033,2.5244661088938933,13.896915582784697,2.1425063987343083,2,juice,Honeycrisp,False
13.442531291088208,3.0955517204950587,12.3792032373656,3.5012909098104568,2,fresh_standard,Golden Delicious,False
16.442022212987737,3.5019605296019356,9.913571804449623,3.624104474952408,3,fresh_premium,Gala,True
13.7045843558951,3.0235065072782925,11.27676895150506,3.0154752566494034,3,fresh_standard,McIntosh,False
14.009841514275308,2.654357045866169,11.39778146721731,2.291604274311604,2,juice,Pink Lady,False
13.9180979365252,2.677497972105804,12.993394749279878,3.548471797038733,2,fresh_standard,Honeycrisp,False
16.18476689476094,2.812771263099458,12.198963571453092,2.1262867252570135,2,fresh_standard,Empire,False
13.704728301329757,2.9221693845833214,13.865345205730463,1.0,3,fresh_standard,Gala,False
15.231677737985072,2.5749432171359086,13.361816414843652,3.345773352607403,3,fresh_standard,Pink Lady,False
13.550507193625007,2.5,13.995262167734383,1.4150988345389628,4,juice,Cameo,False
13.931564281596051,2.69970348861956,12.666381401895134,4.398509655296668,3,fresh_standard,Golden Delicious,False
16.78432448633293,3.2449474172837003,,3.7763390521706244,4,fresh_premium,Cameo,True
17.79941551239895,3.432276360418204,13.605123377857414,4.1493764541828435,3,fresh_premium,Jazz,True
19.60404081621682,3.33073196390309,10.022032292093796,4.097368097359388,3,fresh_premium,Gala,True
15.119241546887654,2.7558984658129098,12.408031647290274,3.470284710510188,2,fresh_standard,Gala,False
11.993299134247986,2.9761160793771144,12.272040301847843,3.8996410873443375,4,juice,Ambrosia,False
17.54771502315035,3.3112212288849747,11.759093528889046,3.5984105246598275,3,fresh_premium,McIntosh,True
18.502814953146824,3.213569782791144,9.251097858138634,2.841443458896224,3,fresh_standard,Braeburn,False
17.305167563713887,2.931388776895146,9.48990887605333,2.4548958119443407,4,fresh_standard,Red Delicious,False
11.095780531022177,2.5,14.115728094853512,4.019490115634243,2,juice,Red Delicious,False
13.78190830701724,2.931352190996617,10.307281950328164,2.3053912307213342,3,fresh_standard,Pink Lady,False
13.665474763261235,2.7950398189942383,10.073421704322051,4.489851260334697,1,juice,Cameo,False
14.170670937074597,2.5,12.639011904471905,1.9096869148941171,1,juice,Cameo,False
18.451952117675443,3.663321022178008,8.440141109311703,3.5233356958706437,3,fresh_premium,Braeburn,True
18.876396461020033,3.073248891314419,13.620959539196864,2.609219135911712,3,fresh_standard,Cameo,False
16.97777452114075,3.7022048639855796,8.672795928959648,3.7945928560227076,4,fresh_premium,McIntosh,True
17.333658389047148,3.297066463976076,8.89670508611535,4.061602403392243,3,fresh_premium,Cosmic Crisp,True
17.738537429261676,3.0721314328217098,9.152081825976971,2.1310989606548723,2,fresh_standard,Granny Smith,False
17.39585577061313,3.462533718591123,10.97848431762013,3.500807280405854,3,fresh_premium,Jazz,True
17.79836124319458,3.3623877084829616,9.662851897160975,4.213597180935842,3,fresh_premium,Granny Smith,True
13.500790502577075,2.862406884676165,9.918451529861057,1.6522659382188905,2,fresh_standard,Gala,False
18.438503719534715,3.371432393103908,10.660712106940599,4.969464499529142,3,fresh_premium,Fuji,True
17.44093643195419,3.5164902558498383,13.132562057171091,3.6770179104377325,3,fresh_premium,Honeycrisp,True
17.61057520178425,3.2718603546442178,11.047334970420385,3.914907688737536,4,fresh_premium,Honeycrisp,True
14.089007118736978,3.0413913190834436,8.857726620852626,3.474024245854209,2,fresh_standard,Braeburn,False
18.102865595714643,2.772251061743528,9.299088294751279,4.65431204561078,2,juice,McIntosh,False
17.12852737951712,3.579916455936833,10.741045279424108,3.5610087066217195,3,fresh_premium,McIntosh,True
16.871254837841065,3.3616842101850617,8.61898961038095,3.199017094051416,3,fresh_premium,Red Delicious,True
10.37969458857176,2.6807541994949835,13.265592131576504,2.2972546555023223,3,juice,Fuji,False
17.85778521186647,3.365454361641248,8.05475207806623,3.8284038622512946,4,fresh_premium,Braeburn,True
17.632128655789398,2.610854692954548,13.468814733475178,3.594780170132142,5,juice,McIntosh,False
15.577631110993893,2.927526662426766,13.52244517061327,2.5135950856501412,2,fresh_standard,Gala,False
15.15815526530756,3.2294024342517615,11.606040746875873,3.786146514215953,3,fresh_standard,Fuji,False
13.451076833585589,2.7958225065248365,12.356250001215736,2.217200363306715,2,fresh_standard,Honeycrisp,False
18.102169098766332,3.3452705606746256,10.804764765355605,3.0984301618720274,3,fresh_premium,Pink Lady,True
18.188929821150438,3.5292353069435562,10.004569030230122,3.0590754772511803,4,fresh_premium,Gala,True
15.971893002035907,2.8441625286725993,11.03223763599633,2.958781657180283,3,fresh_standard,Cortland,False
19.09914801711143,3.419561662739253,10.836715459527793,4.4484196579327655,3,fresh_premium,Braeburn,True
18.20834042784186,3.506731437515916,8.729557977522509,5.0,3,fresh_premium,Ambrosia,True
18.71433232852545,3.616711550889686,12.450147298451643,4.936648888108773,4,fresh_premium,Cosmic Crisp,True
13.332644057936553,2.7232329775843644,11.305492164837302,2.6914736362363483,1,juice,Golden Delicious,False
15.092032048972394,3.0618342763884145,12.52361470366201,2.4866665438956943,3,fresh_standard,Gala,False
14.883645323972852,2.8276289840508655,13.053538985729409,2.8637934025632754,2,fresh_standard,Gala,False
16.43235399522041,2.950095225440232,12.4086620619568,1.8021938838570843,3,fresh_standard,Cosmic Crisp,False
18.236888567946036,3.4223748792557704,,3.9499229617600236,3,fresh_premium,Jazz,True
17.10078935894968,2.9205526615191912,11.368471025862346,3.502085038049465,3,fresh_standard,Pink Lady,False
17.03348235792925,3.292744510645988,10.27637588097262,2.024572426782245,3,fresh_standard,McIntosh,False
17.773183063279603,3.589665186157196,11.138732740453971,4.459577086805001,4,fresh_premium,McIntosh,True
16.322747429335678,,14.390153850845204,4.07667947809435,3,juice,McIntosh,False
16.021924183285698,3.3619257276154424,9.77491661945121,3.9601793043771423,3,fresh_premium,Cosmic Crisp,True
17.540272493522647,3.3929256642650105,11.794947229968477,4.296778361140431,3,fresh_premium,Granny Smith,True
15.966399613551053,3.1710839418546053,12.04916408373259,2.771924594366389,2,fresh_standard,Granny Smith,False
19.419808462279097,3.2410001153431645,9.014658581542907,3.8522598409854196,3,fresh_premium,Cortland,True
17.32359875387709,2.5,15.074957409212857,2.4742498761108553,2,juice,Cortland,False
14.291882736307608,2.7857438895059774,13.640970850255039,4.723230689379047,2,juice,Gala,False
18.17519546469603,3.3468403697084628,10.08497488734566,3.9343715164538478,3,fresh_premium,McIntosh,True
16.486146458377902,3.51796130687253,10.636248919602874,4.927046283167094,3,fresh_premium,Jazz,True
14.232108727341028,3.070835239853457,8.0,2.980613732904246,4,fresh_standard,Honeycrisp,False
16.527671930229957,3.4102564826512243,12.360980144935048,3.202648466366602,3,fresh_premium,Jazz,True
20.688324939224334,2.9681565935736445,11.248625312419023,3.850125832630021,3,fresh_standard,Empire,False
17.69942752636828,3.0373517884101875,9.181833543109926,4.033019071212703,2,fresh_standard,Granny Smith,False
15.376455312104047,2.807859374224541,10.383905880433867,4.034196231614565,4,fresh_standard,Jazz,False
15.749093197380802,2.609165733071824,,2.351879916961915,1,juice,Jazz,False
17.864564651248784,3.5286056986840397,12.25200047793323,3.4366162655450974,3,fresh_premium,Ambrosia,True
15.616124400504512,3.0350035676164406,11.874841884763915,2.3411720234993205,3,fresh_standard,Pink Lady,False
17.15726808167683,3.077281342164979,12.01540094548383,3.3402570466640884,3,fresh_standard,Gala,False
16.11164668139706,2.871275567691301,11.109062135337469,1.0,3,fresh_standard,Empire,False
14.081380145465323,2.6301726489498063,14.373980419449328,3.8904468993377983,4,juice,Cameo,False
16.143266510061917,2.886916818795741,11.66112959684465,3.451873886880098,2,fresh_standard,Ambrosia,False
16.472592793271065,3.563681625843785,10.336677727839959,3.415041582144856,3,fresh_premium,Pink Lady,True
19.069214735134594,,9.57898738469984,3.8388397653943303,3,fresh_premium,Honeycrisp,True
17.70932730952633,3.276173005645288,8.164089599856615,4.119184491367393,3,fresh_premium,Cortland,True
13.979573374249807,,9.149540898382355,2.178077158779191,3,fresh_standard,Honeycrisp,False
12.435869132808449,2.5561457352067065,12.55957595798642,3.052879903311275,2,juice,Granny Smith,False
13.52797226710683,2.7584463665949905,13.806479793626222,4.919657731129521,2,juice,Braeburn,False
15.673367457468059,2.9496885959133743,11.169894482337686,1.927942343100852,4,fresh_standard,Cosmic Crisp,False
14.223232532375294,2.950317790512244,15.538063310884551,4.348876571834794,3,juice,Red Delicious,False
18.80850427721589,3.4214806995998193,11.893876155140774,4.21596127233697,4,fresh_premium,Gala,True
18.189634266596162,3.8,12.463022740204554,4.169241921730846,3,fresh_premium,Cameo,True
17.677543314194445,3.1390126169265256,13.22645218783555,2.0488292643720305,4,fresh_standard,Braeburn,False
12.713511050540353,2.9084744820202806,12.727583157499197,2.5721946633245416,4,fresh_standard,Ambrosia,False
15.00474355527833,2.5,13.051765499583558,3.8320494559220606,2,fresh_standard,Gala,False
18.674990554332602,3.476433686219772,10.761986990368815,3.6239217972047086,4,fresh_premium,Cosmic Crisp,True
16.320424155812763,3.1376235612539296,14.030236187856424,3.9474053161569382,3,fresh_standard,Cosmic Crisp,False
13.486241769521651,3.0676146323913613,14.06437017407368,3.3320745897765454,1,juice,Fuji,False
14.44139278052063,3.3103961195243503,15.675725375270185,3.961960998386458,3,fresh_standard,Empire,False
15.751041679251516,2.9116041373141086,13.425346758698522,2.475449824430845,3,fresh_standard,Pink Lady,False
18.24970336958638,2.828882521872342,11.483770375671115,2.773425568843814,3,fresh_standard,Ambrosia,False
13.449537353555366,3.141895164596912,10.491430294355002,2.9843019140021245,1,juice,Granny Smith,False
14.5646178099756,2.8321326557324134,,3.06760411655429,3,fresh_standard,Fuji,False
16.469661301464185,3.2580881699224618,11.938934593329764,3.5059633733138407,2,fresh_standard,Honeycrisp,False
18.242023625526166,3.271790587843831,9.274171248918517,4.315405842277388,3,fresh_premium,Red Delicious,True
17.220289588679872,3.389217878241323,8.868586224970963,4.640508180867556,3,fresh_premium,Empire,True
17.061382715121795,,9.894251832911364,3.887572009095961,4,fresh_premium,McIntosh,True
17.25357863722617,3.7844202018906223,8.185538471963191,4.686829272581479,4,fresh_premium,Ambrosia,True
14.605105876165979,2.5,9.230188982098834,3.2592766515455844,2,juice,Granny Smith,False
14.190700486115526,2.5111788715117944,15.92469033853314,4.256835068218653,2,juice,Honeycrisp,False
17.457933338034735,3.3170271166074485,10.15806325921894,4.293346900737637,4,fresh_premium,Jazz,True
18.508271681603304,3.396707003122526,10.547441503699337,5.0,3,fresh_premium,Pink Lady,True
16.7389569048893,2.7553695493708634,12.889966596911782,3.7045671544058285,4,juice,Pink Lady,False
15.270560932739707,3.0442905318413125,12.37704615056599,2.041626856626191,3,fresh_standard,Empire,False
15.136723786701321,3.061675263421198,10.227621387274928,3.10105135958656,3,fresh_standard,Pink Lady,False
18.715549079939457,3.5112159948970616,10.269841226730218,4.201865045168304,3,fresh_premium,Fuji,True
17.31196154796439,3.313541578664764,,3.9696695930926897,3,fresh_premium,Golden Delicious,True
16.710013505601744,3.682280498230635,13.092255364954596,3.98673937037547,4,fresh_premium,Cameo,True
17.18666863380682,3.304522183432505,8.0,4.484728600263368,3,fresh_premium,Cameo,True
15.05935193435567,2.5,,1.1200809028693453,5,juice,Braeburn,False
10.0,2.5,13.59959749139926,2.3615393507101965,3,juice,Cosmic Crisp,False
15.003051038429776,3.1010057384782246,14.112196097938401,2.625203109311747,3,fresh_standard,Red Delicious,False
15.354720937702327,2.5,13.315702697745522,3.551721958318662,1,juice,Cosmic Crisp,False
18.299059411424167,3.161143383094659,9.97310287036011,2.328885860779411,3,fresh_standard,Golden Delicious,False
19.77115280956181,3.2028539860832046,8.0,3.8459828579071296,3,fresh_premium,Jazz,True
17.23335701020176,3.2771016117174843,11.325489906230008,4.234387128037512,3,fresh_premium,Jazz,True
18.754780298962334,3.338023219217931,9.818577777088327,4.562056359993007,3,fresh_premium,Jazz,True
18.814268417400182,3.4139272265797893,13.378653708016463,4.6587987678039795,4,fresh_premium,Granny Smith,True
12.460050934119476,2.8702858504491524,12.763679102632745,4.436521439004933,4,juice,Empire,False
17.05106910820337,3.081233954485762,10.421787135954064,3.8165877940926562,3,fresh_premium,Honeycrisp,True
16.880049325998424,3.4685425134237984,9.022872994578327,4.756724871621065,3,fresh_premium,Honeycrisp,True
15.384385155218581,3.020203941195383,10.254461304657585,4.049354759418129,3,fresh_standard,McIntosh,False
18.61815001668945,3.4702769015032104,12.214810524588843,4.383040139192345,3,fresh_premium,Jazz,True
19.171610118074778,3.55752678939521,8.0,3.7625481716887377,3,fresh_premium,Red Delicious,True
13.286966095899661,2.7963509631444694,14.61589585687658,1.3861289615020709,3,fresh_standard,Empire,False
15.723084200423845,2.601835672628385,8.0,3.391403628061062,2,fresh_standard,McIntosh,False
16.44471626850077,2.988648926952015,15.374853510253008,4.770438840634622,4,juice,Fuji,False
17.535556771792674,2.6154362023271833,15.78846554900187,1.9830012487435513,1,juice,Red Delicious,False
17.11547458706421,2.896939054590444,11.12213032869226,4.330986265714779,3,fresh_standard,Red Delicious,False
13.71311535608311,2.7699060657405385,16.79845590014232,2.906271774320074,3,juice,Honeycrisp,False
17.600996516744726,3.539133774187655,,3.514171632729357,3,fresh_premium,McIntosh,True
12.370184080318168,2.5,13.142038565255161,2.92509580731042,1,juice,Pink Lady,False
16.2837526770163,3.4805607122352344,11.435053475191875,4.380027981844801,3,fresh_premium,Red Delicious,True
11.989094234098824,2.5,12.869879052897614,1.8468671138478627,2,juice,Red Delicious,False
15.278281353865033,2.906323967089661,12.002386239721933,3.5087742005693903,3,fresh_standard,Cosmic Crisp,False
12.703536913643386,2.934334283916072,12.467354950437148,3.3078366004839164,2,juice,Pink Lady,False
19.316386065239787,3.361326163016488,9.80526895039986,4.542991058087516,3,fresh_premium,Empire,True
16.66476627640798,3.1573058416299054,10.0570052172523,4.942293152967305,3,fresh_premium,Honeycrisp,True
19.78458128945278,3.442341905988986,11.062163015032885,3.2476398129844988,3,fresh_premium,Fuji,True
15.797216949269844,2.5175180717587997,14.464189275857075,2.607174681333455,2,juice,Cameo,False
16.30076508361633,3.5184869820362725,12.411018364029989,4.233846585882716,4,fresh_premium,Braeburn,True
13.951584291179199,2.5911080484030506,10.096794174234226,4.1917727570132,4,juice,Honeycrisp,False
18.85111408215915,3.2951693927016708,11.794857252496737,4.6521701214390765,4,fresh_premium,Honeycrisp,True
18.908336072907588,3.2742828132279502,13.315784502387027,4.919091838397561,3,fresh_premium,Red Delicious,True
15.60909748462471,3.356758710052382,8.0,3.733649580169044,3,fresh_premium,Cosmic Crisp,True
14.434819017132236,,10.51569794921743,3.5350721044369746,2,fresh_standard,Golden Delicious,False
15.222069124454373,3.1939281152424983,12.401675498545854,3.0605559520040746,4,fresh_standard,Jazz,False
11.157708269430016,2.614148062771467,15.891776313109279,4.615926786357141,3,juice,Gala,False
20.579865016295265,3.382158882891356,12.206755491240413,4.655154373059804,4,fresh_premium,Ambrosia,True
17.36593777028139,3.16065522976036,10.666904002330211,4.566885048433532,3,fresh_premium,Cosmic Crisp,True
13.109062137483722,2.9663209864626436,10.651156159039001,1.8223703415785668,4,fresh_standard,Golden Delicious,False
12.664642398821503,2.8378729379139847,16.147243887815144,1.0625731812297365,1,juice,Red Delicious,False
14.148991401171743,2.8112030887047395,10.6023015471126,1.0,3,fresh_standard,Red Delicious,False
17.803695203980915,3.391432688610753,10.598834683907919,4.161583857092391,3,fresh_premium,Cortland,True
13.702718303367678,2.6407840292406535,12.264155074497692,2.090230995261602,2,juice,Cameo,False
11.450442502885377,2.5,18.0,3.8835728762083908,3,juice,Fuji,False
18.05263065938861,3.4881358685101502,8.0,4.063189789773206,3,fresh_premium,McIntosh,True
13.164826257366846,3.32515155628799,18.0,2.9026201236996685,1,juice,Golden Delicious,False
11.459287014541294,2.5,11.356888426977898,4.580266891744857,2,juice,Cortland,False
14.101354260196528,2.976168772923918,12.202400379512325,3.068601449135509,4,juice,Cortland,False
13.380600886809146,2.9266363944461338,11.107419290381731,3.1264713802585478,3,fresh_standard,Empire,False
16.55806109761222,3.1045051313778953,13.553054989526121,3.377326935706383,5,juice,Granny Smith,False
13.776474978583243,2.8299887330660143,11.802167490543612,2.504167164436626,3,juice,Empire,False
12.212902355899885,2.827572090204631,12.738308898418287,4.7354351831429575,2,juice,Cameo,False
12.698781111208039,3.11424656198876,11.05099462590353,1.3449966852158597,2,juice,Jazz,False
17.488552500968673,2.9811677502675162,10.939201983430749,2.5444401804063115,4,fresh_standard,McIntosh,False
15.403788571429153,,11.05728365501144,1.6949319116663413,4,fresh_standard,Cortland,False
17.05046845706914,3.309721936855241,8.0,4.658557533669932,3,fresh_premium,Gala,True
15.922369982640925,3.0424302174157902,10.034181839372579,3.516470169739355,2,fresh_standard,Empire,False
14.629402547477927,2.647964198926265,16.887340638332475,3.7478097655417533,3,juice,Fuji,False
19.288175180250786,3.420512991857197,8.0,2.9390725504957027,4,fresh_premium,Cosmic Crisp,True
12.347446044311887,2.6766654004852577,10.315926662227634,3.1263794498011612,3,fresh_standard,Ambrosia,False
17.107980244994796,2.8996760426663313,10.26443987143816,1.4405025957420614,4,fresh_standard,Ambrosia,False
15.928754336306687,2.59564151300438,17.984073271918618,1.1554947880667572,3,juice,Cosmic Crisp,False
14.644493784982567,2.856824606890769,12.025468676938365,4.1622044361009465,3,fresh_standard,Golden Delicious,False
14.218520171242018,2.840129554611448,13.654046738384993,3.0554958421264558,2,fresh_standard,Jazz,False
12.67846796529473,2.8345560460307566,16.394336054495707,4.312173143097009,2,juice,Jazz,False
15.078213709017296,2.9959515175549485,14.582757969631892,4.167626153688948,2,juice,McIntosh,False
17.469431256195804,3.370139503437629,9.041557378465747,4.097192150788668,3,fresh_premium,Cosmic Crisp,True
16.018829133646914,2.74169411111951,13.822911570833975,4.271939084308821,2,juice,Granny Smith,False
12.250057626644312,2.7310264497854537,11.152083775604787,1.3355918425156372,3,juice,Ambrosia,False
16.168570726361004,2.7132817128393376,10.037624867761027,3.74998199400554,3,fresh_standard,Red Delicious,False
17.89616436258986,3.419326891718596,10.326149309769585,3.2184045956516716,3,fresh_premium,Jazz,True
18.130927096857327,3.4181341871933784,10.065717207968664,3.732018277442976,3,fresh_premium,Golden Delicious,True
13.026448751402251,2.9816707452176687,17.144796420540654,3.059717981569931,5,juice,Empire,False
15.522521322207046,3.1085547082174974,10.924198170141256,2.4174624792241475,4,fresh_standard,Cortland,False
17.132926701413027,3.604481177562792,9.79061555776724,3.6004039966748733,3,fresh_premium,Cosmic Crisp,True
20.06862039543154,3.231151119946403,11.608761005964704,4.373955128058767,3,fresh_premium,Empire,True
18.006259868839955,,10.761753634434436,3.7639547111514364,3,fresh_premium,Red Delicious,True
14.297807832007008,2.945643949878068,9.97050702188453,4.910697594296351,2,fresh_standard,Pink Lady,False
16.936503495592316,2.7033344178639984,,3.689149220506244,2,fresh_standard,Ambrosia,False
13.965785220334208,3.275898433490227,11.300148724277454,4.546358384675786,3,juice,Honeycrisp,False
12.655672192559324,2.5,12.232262209718542,4.92020777190594,3,juice,Red Delicious,False
16.567376439050932,2.8497298572992285,10.926067694498885,2.204457182560166,3,fresh_standard,Jazz,False
18.96669580947967,3.4530125255664417,11.575981594011418,4.574222854598378,3,fresh_premium,Honeycrisp,True
18.7650062276402,3.421343387103804,10.391010648735861,3.58655982298007,3,fresh_premium,Jazz,True
18.37945022499379,3.572270708758307,8.0,4.162898158291084,4,fresh_premium,McIntosh,True
17.956573863026858,3.5760087745088573,11.0784299659976,4.184821096099047,3,fresh_premium,Golden Delicious,True
14.619482751376308,3.008719061108201,15.570370164620753,3.7141893656726426,5,juice,Braeburn,False
18.558679386909294,3.6717170985374863,9.005648623673578,4.949940967447608,3,fresh_premium,Cameo,True
13.289431353419834,2.862182058513718,10.322962753455858,3.935681481150802,2,juice,McIntosh,False
14.93811555253435,3.090756629766475,8.334803094859314,3.883146837361526,3,fresh_standard,Red Delicious,False
14.152833113961034,2.5057630462856726,12.280772972243092,1.5788425445460796,2,juice,Honeycrisp,False
18.102887662908653,3.45919500826278,9.867576927473118,3.9902901970561335,3,fresh_premium,Golden Delicious,True
17.351730886136576,3.406611249464852,11.574329072979003,4.044203443145924,3,fresh_premium,Jazz,True
18.566723974055762,3.367948881232262,9.512752924737066,4.5699392805645225,3,fresh_premium,Red Delicious,True
18.382896900963253,3.294065758204119,8.161351505496487,4.256800053284858,3,fresh_premium,Golden Delicious,True
16.84262861332165,3.198131057634299,10.361129769232852,3.5471338495686906,3,fresh_premium,Ambrosia,True
13.767781840044087,2.5,13.845196474647192,3.331818312631033,4,fresh_standard,Jazz,False
19.146644744440394,3.564934898964326,10.561084854771359,3.0846835515717714,4,fresh_premium,Cortland,True
18.90081968650797,3.303106632065033,8.866382260760734,3.2431428036935865,3,fresh_premium,Braeburn,True
15.651502552713021,2.927015655532577,11.172617809908605,3.1540775349850443,3,fresh_standard,Braeburn,False
16.682628640250645,2.626573661175853,12.348334453523904,1.880439320076654,4,juice,Gala,False
14.378488439252044,2.9000157374282325,13.456054684906896,2.1932410139621203,3,fresh_standard,Cortland,False
17.296845761574815,,11.474834461934632,2.622947423079106,2,fresh_standard,Cameo,False
16.117970431345224,2.9735005271212547,13.81066412123355,2.969685534626535,3,fresh_standard,Fuji,False
17.871952773711335,2.5,14.189055135176936,1.676415601682606,4,juice,Cameo,False
16.03628755924196,2.5,17.742148964616227,1.5811440389831466,3,juice,Golden Delicious,False
11.241106939963304,3.095762136096716,17.612178235673923,1.5045431451830606,2,juice,Fuji,False
14.033096415897782,3.7687925296020177,10.808133988669553,4.037716819450797,3,fresh_premium,Gala,True
15.71160671265706,3.3122341771739556,10.246580676810536,3.533015737634819,3,fresh_standard,Granny Smith,False
18.44080570968148,3.5290387021035685,9.564588183717023,3.6019870715982556,3,fresh_premium,Red Delicious,True
12.069761170239339,2.5,12.186194250555879,4.727776558617489,1,juice,Ambrosia,False
18.389295657889395,3.3935023702811993,9.034722654429785,3.0994711329236306,3,fresh_premium,Jazz,True
18.275063144791606,3.668747633889608,8.512911475815539,4.289816586606788,4,fresh_premium,Cosmic Crisp,True
12.393859834593034,2.9275026886067845,14.984028561133798,2.290734828311281,2,juice,Fuji,False
16.229836257320482,3.515705631243539,9.798974249990623,4.32795038826488,3,fresh_premium,Fuji,True
17.013325441326334,2.5,9.752014363748728,2.802146156268304,3,juice,Golden Delicious,False
13.170791683027057,2.607449474722608,16.46140580996894,4.910851251302,4,juice,Red Delicious,False
16.95829648523763,3.1248108899517226,12.58173386842477,5.0,3,fresh_standard,Golden Delicious,False
15.609518726166042,3.18935377126564,13.358519936522057,2.1631031319499967,4,fresh_standard,Braeburn,False
12.21358145292815,,10.444638075259597,3.282245618498426,2,juice,Ambrosia,False
10.403071920913266,2.553079763710119,12.00381074446193,1.5391431396697524,1,juice,Fuji,False
15.721082443398057,3.176782284407635,10.938193828039907,2.819474895430199,2,fresh_standard,Cortland,False
18.303770424273576,3.2965044973823074,9.923353893588255,2.9600958766975056,2,fresh_standard,Empire,False
13.4132141931741,2.621507715909873,15.036437900890823,4.455743229839819,5,juice,Red Delicious,False
12.999403070473758,2.5,10.57879329112697,2.557065587236193,2,juice,Pink Lady,False
19.761281046669623,3.3985848781732706,8.0,3.6792592023885238,3,fresh_premium,Granny Smith,True
13.660554292642017,2.836302198847109,13.904065525477433,4.06022087234963,4,fresh_standard,Jazz,False
18.69169873215331,3.0160717445764718,10.41729099165842,1.8836411961959423,2,fresh_standard,Gala,False
14.981766282857498,3.097837116293961,11.511027100222268,2.731892199358825,5,juice,Granny Smith,False
16.42191410552554,3.3888278237376004,8.0,4.4928649978399315,3,fresh_premium,Gala,True
16.369122197556127,2.9813578876453994,,3.9064278674977255,4,fresh_premium,Fuji,True
13.989960422980054,2.5343613511936467,11.19526143315235,3.8083887535179644,4,juice,Granny Smith,False
14.49533568248173,2.5,11.806249841232027,2.0999167678945607,3,juice,Granny Smith,False
18.318730007654896,3.4554764457359863,8.0,3.486162429537021,3,fresh_premium,Jazz,True
18.00259416892627,3.386622482467551,11.778556231994495,4.58656231879332,4,fresh_premium,Cosmic Crisp,True
15.222990439406608,2.9141758662783563,11.015075459988015,2.560264262990513,3,juice,Jazz,False
16.108291426081333,2.5,18.0,3.2272485725629605,4,juice,Golden Delicious,False
15.264257832310372,2.787399691238353,16.893126582502735,4.106427359185562,2,juice,Cosmic Crisp,False
13.20748128153779,2.837176158265464,12.085488242852957,2.794975340598742,2,fresh_standard,Granny Smith,False
18.196407280292192,3.503923188839363,8.72421931868605,4.322607792975028,3,fresh_premium,Cosmic Crisp,True
18.60089713389127,3.367380884328495,8.526268909692536,3.7676913513508037,4,fresh_premium,Ambrosia,True
17.276225316265673,2.889428953869168,11.237522552889281,2.2057071991315635,4,fresh_standard,Empire,False
18.186848442188868,3.181077598936207,10.188364680207313,4.226185898124867,3,fresh_premium,Cosmic Crisp,True
15.5634694727797,3.033303631496768,13.224414375151733,2.8866811311918985,3,fresh_standard,Golden Delicious,False
15.830057456430513,2.892525656924029,12.78547717182783,1.8148695731106663,3,juice,Red Delicious,False
18.176997567506383,3.2144372850463943,,3.6611275147375744,4,fresh_premium,Fuji,True
16.288666936194957,3.1125912636203545,11.601234124349272,1.900932140081072,3,fresh_standard,McIntosh,False
17.6060889706899,3.5020148332622805,9.536325303696248,3.653789510063072,3,fresh_premium,Cortland,True
19.056712757464698,3.2279876622413965,11.257736161677464,4.335670038225233,4,fresh_premium,Red Delicious,True
13.679050320200206,2.5,15.89361513302374,4.7462624466320245,2,juice,Cortland,False
16.038104809945136,3.4740152824155097,8.42963352597709,4.348477202255368,3,fresh_premium,Fuji,True
19.668595664802073,3.6737508625697037,10.958095333043778,4.459614467287602,3,fresh_premium,Red Delicious,True
19.39946460574091,3.28168799920193,10.183446254548425,4.317360734280885,3,fresh_premium,Red Delicious,True
17.348142932881743,3.3894169912168315,13.37494863294016,3.1908439630189913,2,fresh_standard,Gala,False
17.30860717555195,3.4349538782211018,10.051125202388839,4.487598814891215,3,fresh_premium,McIntosh,True
12.375430071293785,2.615988627787401,16.342335265412295,3.1767204637678144,2,juice,McIntosh,False
17.05890572081365,3.5194333139170224,11.11314305801396,3.9867971215205364,3,fresh_premium,Cosmic Crisp,True
12.342145264317498,3.0614986276368916,11.81914370297093,2.408183068821626,3,fresh_standard,Cortland,False
17.96442006621338,3.387308676453533,13.217723691660083,3.7822568147150784,3,fresh_premium,Braeburn,True
13.469368518920257,3.1332266945289065,12.35896317477618,3.378725932569973,2,fresh_standard,McIntosh,False
17.7576188458948,3.689569192304139,11.386950524369153,3.724407141835733,3,fresh_premium,Golden Delicious,True
17.944627195411666,3.450151736172061,11.305101596033131,4.441554888573579,3,fresh_premium,Red Delicious,True
17.12361741911263,2.6719529653018,12.92679047293747,2.787516351771116,3,fresh_standard,Cortland,False
11.043778580256179,2.8534909453123247,17.33451368349907,3.0780074190599245,3,juice,Granny Smith,False
13.524454495749184,2.6542152216196513,16.021679470040628,1.9035256517343035,2,juice,Pink Lady,False
17.92853578907083,3.5392817740843268,11.760210786227987,3.8041757162891043,4,fresh_premium,Gala,True
15.70570950238852,2.858751783525243,13.288570940443726,3.2359771645670574,3,fresh_standard,Pink Lady,False
13.287036489757373,3.0646004752317944,16.693143325220593,3.0044788033013927,1,juice,Honeycrisp,False
17.811588239655933,3.540057453024308,9.542162943467998,3.64042334037879,3,fresh_premium,Jazz,True
15.990595770096839,3.0998993579259126,13.694127359555946,3.4150969443520975,3,fresh_standard,Honeycrisp,False
14.318620786920588,2.996881594085518,13.929473757381235,2.954083707940771,2,fresh_standard,Fuji,False
13.885081727423396,2.9080950111070187,15.368900955272856,3.5497815148716083,3,juice,Red Delicious,False
12.165449939107512,2.9766715343719214,11.394205338219288,3.0894393265627107,4,fresh_standard,McIntosh,False
14.744656324567819,2.961424508271202,10.627465369536123,2.9352661298698495,3,fresh_standard,Golden Delicious,False
13.950096196056583,,12.656558421483846,2.6315397074014357,2,juice,Granny Smith,False
15.598070137350389,2.5,17.501851883854286,3.4112301290670377,3,juice,Braeburn,False
15.838382322627888,2.9852671765668215,10.959742601701121,4.2876165326207785,3,fresh_standard,Braeburn,False
14.238307987357048,2.7234162050939257,12.905853716549109,3.0272064769825175,3,fresh_standard,Gala,False
14.796684864423572,2.9483412515360836,15.498565113758902,2.939969138309998,3,juice,Gala,False
14.842542628072389,2.9739815206639633,12.887375625326026,1.7066293000415884,3,fresh_standard,Gala,False
16.114444700944397,2.987911191741326,12.243609026206123,3.01550499015842,4,fresh_standard,Cortland,False
14.833855277477792,3.201055232296991,13.672937972623467,3.0284528592263946,4,fresh_standard,McIntosh,False
16.681522491728856,2.9346510370224106,15.34196538581152,3.916822060010732,3,fresh_standard,Cortland,False
15.328052921736875,2.5,15.333255766913782,1.5272414939898367,3,juice,Gala,False
16.309393930116897,3.234142725518101,10.900456248350881,3.3091061230784486,3,fresh_standard,Empire,False
14.592266556315684,3.0252232442546343,9.557515974540765,2.35489845670556,2,fresh_standard,Cosmic Crisp,False
13.769709052610306,2.7727386875048086,12.738307194105623,4.448611833172487,3,juice,McIntosh,False
16.982215444269126,3.3953589200464362,10.33702708862783,4.476562522688043,4,fresh_premium,Red Delicious,True
16.238440223498817,,9.878925129837127,3.495134647645031,3,fresh_premium,Ambrosia,True
13.85668038603013,3.100397615868492,11.696004904841715,2.3929225588294747,3,juice,Pink Lady,False
18.69430464708331,2.9445208555747167,13.863798149550501,4.723942941906514,3,fresh_standard,Red Delicious,False
16.12244830249543,2.8484004117458652,11.004438329554562,1.4709464866699966,3,fresh_standard,Empire,False
12.549737141385506,2.941652965993893,11.459161292302733,1.8885610158312078,3,fresh_standard,Ambrosia,False
13.647890479142578,2.8897919787410515,,2.8822357770515223,3,fresh_standard,Red Delicious,False
12.79986331374571,2.7204691509451644,11.759164162127222,4.81249845003186,3,juice,Honeycrisp,False
18.759210704930133,3.206037485526688,8.947012468289866,4.336286850601366,4,fresh_premium,Golden Delicious,True
16.35840921479634,3.5371170820657336,13.020080871289935,3.7818070547367157,3,fresh_premium,Granny Smith,True
19.030449011720094,3.1657002658528923,12.757259335833261,2.3825824340857,3,fresh_standard,Cortland,False
14.12413664140361,2.96991158148713,10.386601214534288,2.9013247487631117,3,fresh_standard,Fuji,False
19.645988530468422,3.4177857624360755,8.542578942234023,4.799323585252359,3,fresh_premium,Golden Delicious,True
15.531408088843225,3.1970403889242034,9.207277951693928,3.1045520195715057,3,fresh_standard,Gala,False
16.0281055505421,2.966535354882382,16.678653178959998,3.869614221620841,3,juice,Pink Lady,False
13.86171868429202,2.8075960171383922,12.72755257469614,3.9428719471124394,2,juice,Honeycrisp,False
18.795311400983486,2.98527358562063,12.851468907888387,3.2327578914715884,3,fresh_standard,Cameo,False
14.719749052861072,3.3114016042687515,9.646734391984264,3.4618908200853293,3,fresh_standard,Cosmic Crisp,False
13.123135078976686,2.7707146996756187,9.564817841282458,1.4657820963388457,2,juice,Pink Lady,False
15.018851903887013,3.108637686028249,8.49078890804214,2.300451481328065,3,fresh_standard,Honeycrisp,False
15.732363363176955,3.0578028569966538,13.162811136806193,3.6261038610532146,4,fresh_standard,Jazz,False
18.004508378191527,3.355579191410017,11.374491512053723,4.010396853837704,4,fresh_premium,Cameo,True
14.616236447475044,3.161268832085951,10.550690846862823,1.6491958495452,3,fresh_standard,Cortland,False
16.676551318396427,3.179118903458495,8.0,3.2145619239657504,4,fresh_premium,Cosmic Crisp,True
18.35685159599812,3.009213962389449,8.0,2.9935094387106,4,fresh_standard,Gala,False
15.69296251010435,2.5,13.621971404635051,2.8793817399346997,2,juice,Fuji,False
15.560554849160116,2.7804900504460526,12.946889733726596,2.0135924302374906,3,juice,Gala,False
13.862863031303858,2.658843086915611,13.213819598597077,2.2534776257214317,3,juice,Empire,False
16.769042949774306,2.8649851256635332,14.31087034773641,4.0880927201442505,4,fresh_standard,McIntosh,False
18.424307407574535,3.320207227954295,10.187836753971862,4.1753150496367795,4,fresh_premium,Pink Lady,True
16.946107717826134,3.250975059255984,9.633765047064028,3.8326123339467295,3,fresh_premium,Gala,True
14.57980680179398,3.1090403286798787,14.513501597323575,4.410664612406883,4,juice,Jazz,False
18.883389395714136,3.51232174292676,12.525891537186803,3.986242547474682,3,fresh_premium,Gala,True
12.949206831247126,2.5029608075406298,13.128471006058762,1.458131473305393,2,juice,Cortland,False
17.133420784485608,3.436575574447586,9.16376232248825,3.888267008814074,3,fresh_premium,Honeycrisp,True
20.603547743815398,3.394375895838582,9.091576690394703,3.158280903889525,4,fresh_premium,Braeburn,True
18.41707955838941,3.403814193905009,8.34495009073919,4.1595872552095905,4,fresh_premium,Cameo,True
19.401421144903544,3.315714260843138,12.292702639618797,3.915928090707605,4,fresh_premium,Gala,True
18.467724632746354,3.4889358081083928,8.983426945371841,4.003211134905469,3,fresh_premium,Jazz,True
13.851887280447059,3.0099713378414137,10.597633069121938,2.170347141144003,3,fresh_standard,Red Delicious,False
13.556519822812886,2.5,13.917417276430678,2.1557480666303306,1,juice,Red Delicious,False
15.227869237138982,2.8332634586221426,11.428769113963437,3.5611958255397718,4,fresh_standard,Fuji,False
18.52710459367099,2.8484996003127505,13.43611880381238,4.153556004641512,3,fresh_standard,Fuji,False
18.906797827344732,3.5938436172973054,9.456338587895301,4.368421948546216,3,fresh_premium,Empire,True
15.777225506697652,3.3073848546156106,12.603945704747874,3.9586596570786505,3,fresh_premium,Cameo,True
15.49151324049316,2.549884998554093,15.102034120452599,2.4799955438399097,1,juice,Fuji,False
17.76964588497689,3.3791306736868068,9.153628602013917,4.594456685737321,3,fresh_premium,Golden Delicious,True
16.942220120229692,3.565465501259829,12.739014570320403,3.5970649667519057,4,fresh_premium,McIntosh,True
18.119476370240868,3.3401346222257438,9.663050275004464,4.10057982793642,4,fresh_premium,Granny Smith,True
15.742301889694291,3.0289111826252757,12.519710405417705,4.8749232422501,2,fresh_standard,Empire,False
17.178133954048114,3.423737866766462,8.989764063634198,4.165990165284507,3,fresh_premium,Fuji,True
17.494479500539367,2.6070642783213946,12.996100169533968,3.380292488553608,3,fresh_standard,Gala,False
16.52031651191164,2.5,12.733454590579456,2.5961618081932163,5,juice,Empire,False
17.013353074790594,2.705867380715742,10.926459465656016,4.222998280432726,3,fresh_standard,Fuji,False
17.557249212338515,3.2496750518827575,9.546295470267808,4.0542798528882615,4,fresh_premium,Granny Smith,True
15.550737844316703,2.703477893660264,11.890063791565723,1.468751943530026,2,fresh_standard,Golden Delicious,False
16.9878751745061,3.571070318433975,9.851665520213286,3.6240153341305903,4,fresh_premium,Granny Smith,True
15.685767664717611,2.682124400581423,13.654308650371778,3.257204258679321,3,juice,Pink Lady,False
16.950063261082665,3.5909048013733154,8.0,4.687219046585408,3,fresh_premium,Fuji,True
17.676191696688267,3.2421545426566203,12.47811058771056,2.077206059212173,3,fresh_standard,Cameo,False
18.051599317594256,3.6785486876189664,11.854139762815656,4.275742688020234,3,fresh_premium,Fuji,True
14.104447934727009,2.8210657547121674,15.390330496660281,2.3623037496844748,1,juice,Fuji,False
18.679766795656914,3.5635008857695945,9.35589168831212,4.244593565073831,3,fresh_premium,Pink Lady,True
18.990332845519763,3.3064850310191645,13.436413858886112,3.940965736504461,3,fresh_premium,Granny Smith,True
16.286502440292356,2.7301955766797077,10.045101752187445,2.852916885472632,2,fresh_standard,Honeycrisp,False
17.17174005917089,3.3459530071250856,10.80497912879093,3.833090255121995,4,fresh_premium,Gala,True
17.57447549333171,2.5824359374099934,13.51139495597614,2.879906438996955,2,fresh_standard,Empire,False
13.903154579109792,3.205816029423957,15.929539788604892,3.4694170039522683,3,juice,McIntosh,False
14.58628804934439,3.1113792213080567,14.564092478244506,2.2471818394668968,3,fresh_standard,Jazz,False
10.0,3.047664226061705,14.218165940699663,3.8408393932650595,3,juice,Empire,False
14.021366895200314,2.8953352522717997,10.459037724447844,3.8782336530617396,2,juice,Empire,False
18.412022399527764,2.9628994596585585,11.823177528654309,2.303560573574571,2,juice,McIntosh,False
16.89946379801259,3.499453498220995,10.060887536805824,3.8793711726907287,3,fresh_premium,Gala,True
19.054346487506567,3.3005212145856717,9.275220306550938,3.766981749065879,3,fresh_premium,McIntosh,True
15.960337159464817,3.060241039255505,12.75182535403092,2.9709355135661264,3,fresh_standard,Fuji,False
16.27181216138367,2.7138929558891935,12.438583002664886,2.827231583719814,3,fresh_standard,Golden Delicious,False
15.377817266839456,2.5,13.404266390086278,4.239154114752418,1,juice,Pink Lady,False
19.07219019596883,3.3325827092876987,9.944166645235237,2.5393247582526963,4,fresh_premium,Cameo,True
17.749726449991275,2.973307779415745,10.056283593993324,4.913687708219194,2,fresh_standard,Honeycrisp,False
17.53249845950595,2.7295928833037637,10.495088126219956,2.7477626757711007,2,fresh_standard,Cosmic Crisp,False
15.470948512891841,2.770572705495978,12.193399873813606,3.1175482387093503,3,fresh_standard,Honeycrisp,False
17.89893631278513,3.229972194233572,9.694629459846457,3.915589138404995,4,fresh_premium,Jazz,True
15.86174559880428,3.274865399026858,8.966218272865648,3.06673169146347,4,fresh_premium,Gala,True
18.028016386619367,3.1893326380218547,8.03224565147476,3.5544038872923562,3,fresh_premium,Fuji,True
16.125646391060652,2.8442504057486278,9.328698003136196,3.761044995439587,3,fresh_standard,Braeburn,False
20.307802949963047,3.3542260585014256,12.342266795090278,4.212030522232045,3,fresh_premium,Cosmic Crisp,True
19.02503464245143,3.344135578726153,12.076409227765778,3.5003488838525447,3,fresh_premium,Fuji,True
12.451939849197279,3.207043855328612,12.90149686380758,4.227585681435612,4,fresh_standard,Pink Lady,False
19.62673068057807,3.1388768384848382,10.78425323205325,4.610516847762677,4,fresh_premium,Cortland,True
15.265552174238723,2.9242860276259504,8.285874325536982,1.9079825636586918,3,fresh_standard,Cosmic Crisp,False
13.813711133487441,2.5,12.843080542247337,4.8400475232765015,4,juice,Jazz,False
13.031473010319178,3.0346277597906797,15.735117070827375,4.131349830664872,3,fresh_standard,Braeburn,False
11.172844774444277,2.932860992028408,12.420926446421277,3.562752106511115,3,fresh_standard,Granny Smith,False
13.005059301158763,2.8612670551133146,13.446221288462393,2.717291062816781,1,juice,Granny Smith,False
13.936223096973356,3.1143473423210297,12.531503893117563,2.1237835849257563,2,fresh_standard,Granny Smith,False
14.574566908274173,2.554504863042625,12.741575700941116,3.945119595133686,2,juice,Golden Delicious,False
16.227961130734045,3.4686965100043516,8.547483317704547,3.870547513147961,3,fresh_premium,Granny Smith,True
15.956682640035362,2.5,11.735701718567986,3.7860287339075565,3,juice,Red Delicious,False
16.519295666784995,2.904068969030322,13.475865454743422,2.680097409065303,2,fresh_standard,Cosmic Crisp,False
15.96156195509161,2.7416952577559446,,4.308053115622016,2,fresh_standard,Cameo,False
12.117870770741558,2.5,12.584895429411787,2.951506423992238,2,juice,Braeburn,False
19.875316244877283,3.3253655707913023,8.82265253037664,3.9906456217770514,3,fresh_premium,Pink Lady,True
17.37463521644387,2.913829701152838,12.73899015358971,2.6914618952177216,3,fresh_standard,Red Delicious,False
16.307057606078132,2.901978871567085,12.90025745960499,2.477056687490065,2,fresh_standard,Red Delicious,False
20.41841109058751,3.2599539468997634,8.0,3.672962158436288,4,fresh_premium,Empire,True
17.621140215093043,3.492611586261245,9.139449994092132,4.291048851734308,4,fresh_premium,Ambrosia,True
16.660573747237255,3.4621601833920055,11.009772026904937,4.11161945706458,3,fresh_premium,Braeburn,True
18.30384010148985,3.289513376626954,13.478994309972542,3.694115454547357,3,fresh_premium,Ambrosia,True
13.421333280961932,2.5536795165952406,14.564068438418685,3.6460972965846996,1,juice,Empire,False
18.152064576063417,3.6789742517148456,10.448938870609737,4.140080579409803,3,fresh_premium,McIntosh,True
15.948292539188225,2.8857827815882575,13.938326660383824,2.1039620620241024,3,fresh_standard,Cameo,False
17.32920871274917,3.4601383418808282,11.785969412179512,4.0464224505705575,3,fresh_premium,Pink Lady,True
14.566730472375754,3.087275114719671,15.328851854495486,2.3391104066283663,4,fresh_standard,Cosmic Crisp,False
16.182431699265223,3.140100733157921,10.48203582317541,4.2423664086472375,3,fresh_premium,Cortland,True
16.742345529905073,2.635321089426624,12.394744206960786,3.247237954426123,3,fresh_standard,McIntosh,False
14.151684296066211,2.621334843356888,14.961217186694695,2.0742285624825643,2,juice,Gala,False
18.476011137198046,3.2754516225587076,10.35818373853977,3.816486080458339,3,fresh_premium,Fuji,True
17.860741840755882,3.218418015145099,12.296126248515545,4.354107211628278,3,fresh_premium,Cameo,True
18.87577416042684,3.305255736987856,12.50485675652711,3.901330789846337,3,fresh_premium,Cameo,True
16.878743946372964,3.450245094497951,11.78054545834057,3.2808610108413165,3,fresh_premium,Gala,True
16.691380253980945,2.7069454514873654,14.302814781249555,3.302198031324413,1,juice,Jazz,False
15.490059989295068,2.7612878867715653,13.284019131173329,2.165174988822021,2,juice,Braeburn,False
13.86567615191322,2.5,16.599974744524268,2.619643257079376,1,juice,Cameo,False
17.27972056701485,3.0208026681394005,13.571083831810142,3.631935777744682,3,fresh_standard,Gala,False
14.725004324253637,2.5616894279032123,13.140730042944982,3.643895282598703,3,juice,Cameo,False
